source1_entity_id	country	error_type	candidate_entity_id	target_source	match_probability	threshold
S1-100321232	India	false_negative_candidate_miss	S3-38361126	S3		0.7
S1-100687016	US	false_negative_candidate_miss	S3-240507717	S3		0.7
S1-100920457	US	false_negative_candidate_miss	S3-639743196	S3		0.7
S1-100964123	US	false_negative_below_threshold	S3-291317093	S3	0.14096843961629327	0.7
S1-101200337	US	false_negative_candidate_miss	S3-306292920	S3		0.7
S1-101663640	India	false_negative_candidate_miss	S3-342130932	S3		0.7
S1-102031443	India	false_positive	S3-197274089	S3	0.76555400732579904	0.7
S1-102031443	India	false_negative_candidate_miss	S3-922090723	S3		0.7
S1-102145943	India	false_negative_candidate_miss	S3-988810665	S3		0.7
S1-102855835	US	false_negative_candidate_miss	S3-919560268	S3		0.7
S1-103022541	India	false_positive	S2-842754090	S2	0.89644773499735231	0.7
S1-103287479	India	false_negative_candidate_miss	S2-102168310	S2		0.7
S1-103287479	India	false_negative_candidate_miss	S2-275492594	S2		0.7
S1-103287479	India	false_negative_candidate_miss	S3-890460746	S3		0.7
S1-103455351	US	false_negative_candidate_miss	S3-82493379	S3		0.7
S1-103774191	US	false_negative_below_threshold	S3-158446161	S3	0.67546716057719769	0.7
S1-103946515	India	false_negative_candidate_miss	S2-264759090	S2		0.7
S1-104255174	India	false_negative_candidate_miss	S2-860261384	S2		0.7
S1-104255174	India	false_negative_candidate_miss	S3-712589746	S3		0.7
S1-104255174	India	false_negative_candidate_miss	S3-94893906	S3		0.7
S1-104341041	India	false_negative_candidate_miss	S2-275793987	S2		0.7
S1-104341041	India	false_negative_candidate_miss	S3-737173088	S3		0.7
S1-104388994	India	false_negative_below_threshold	S2-547652948	S2	0.64698309028646406	0.7
S1-104623614	US	false_negative_candidate_miss	S3-642226814	S3		0.7
S1-1046247	India	false_negative_candidate_miss	S2-276358304	S2		0.7
S1-1046247	India	false_negative_candidate_miss	S3-29939266	S3		0.7
S1-1046247	India	false_negative_candidate_miss	S3-367386595	S3		0.7
S1-104665063	India	false_negative_candidate_miss	S2-797580479	S2		0.7
S1-104665063	India	false_negative_candidate_miss	S3-308586029	S3		0.7
S1-104745925	US	false_negative_candidate_miss	S3-270201244	S3		0.7
S1-105618581	US	false_negative_below_threshold	S3-472919725	S3	0.19899637535240672	0.7
S1-105874371	India	false_negative_candidate_miss	S3-490937229	S3		0.7
S1-105874371	India	false_negative_candidate_miss	S3-903493761	S3		0.7
S1-106021346	US	false_negative_below_threshold	S2-857701358	S2	0.017928756940261376	0.7
S1-106072596	India	false_negative_candidate_miss	S3-642318630	S3		0.7
S1-106072596	India	false_negative_candidate_miss	S3-659297683	S3		0.7
S1-106638200	India	false_negative_candidate_miss	S2-806629114	S2		0.7
S1-106680964	US	false_negative_candidate_miss	S2-8786522	S2		0.7
S1-106680964	US	false_negative_below_threshold	S3-227176705	S3	0.55035940899102231	0.7
S1-106763852	US	false_positive	S3-527492668	S3	0.86379623355290347	0.7
S1-106763852	US	false_negative_candidate_miss	S3-717414128	S3		0.7
S1-10695274	US	false_negative_candidate_miss	S2-740278837	S2		0.7
S1-107021715	India	false_positive	S3-95952780	S3	0.88361236886709449	0.7
S1-107149586	India	false_positive	S2-194931807	S2	0.7792474271259402	0.7
S1-107149586	India	false_negative_candidate_miss	S2-182521865	S2		0.7
S1-107149586	India	false_negative_candidate_miss	S2-719214451	S2		0.7
S1-107149586	India	false_negative_candidate_miss	S3-443212644	S3		0.7
S1-107463279	US	false_positive_singleton	S2-328190997	S2	0.90862652746619654	0.7
S1-108114741	India	false_negative_candidate_miss	S2-625706632	S2		0.7
S1-108114741	India	false_negative_candidate_miss	S2-972147003	S2		0.7
S1-108114741	India	false_negative_candidate_miss	S3-304069803	S3		0.7
S1-108114750	US	false_negative_below_threshold	S2-625513472	S2	0.45968582609836961	0.7
S1-108170382	India	false_positive	S3-179458151	S3	0.74465784638992227	0.7
S1-108170382	India	false_negative_candidate_miss	S2-390638375	S2		0.7
S1-108297036	US	false_negative_candidate_miss	S2-111505727	S2		0.7
S1-108297036	US	false_negative_candidate_miss	S2-20094479	S2		0.7
S1-108354665	US	false_negative_candidate_miss	S3-302083142	S3		0.7
S1-108371464	US	false_negative_below_threshold	S3-399856607	S3	0.6982853747245481	0.7
S1-108447163	India	false_negative_candidate_miss	S2-788730738	S2		0.7
S1-108447163	India	false_negative_candidate_miss	S3-631512372	S3		0.7
S1-109150458	US	false_negative_candidate_miss	S3-50026801	S3		0.7
S1-109299275	India	false_negative_candidate_miss	S3-851195920	S3		0.7
S1-109697766	US	false_negative_candidate_miss	S2-252614046	S2		0.7
S1-109723418	US	false_negative_candidate_miss	S3-574584987	S3		0.7
S1-109941524	India	false_positive	S3-176933865	S3	0.93839919189977217	0.7
S1-109994355	US	false_negative_candidate_miss	S2-524955313	S2		0.7
S1-109994355	US	false_negative_below_threshold	S2-671389440	S2	0.25814523360157998	0.7
S1-1100598	US	false_positive	S2-579901454	S2	0.93673596788876046	0.7
S1-110475978	India	false_negative_candidate_miss	S2-507313268	S2		0.7
S1-111142093	India	false_negative_candidate_miss	S3-310960774	S3		0.7
S1-111142093	India	false_negative_candidate_miss	S3-840626640	S3		0.7
S1-111170212	US	false_negative_candidate_miss	S3-974633294	S3		0.7
S1-111767730	US	false_negative_candidate_miss	S3-210666007	S3		0.7
S1-111959985	US	false_negative_candidate_miss	S2-207737257	S2		0.7
S1-111959985	US	false_negative_candidate_miss	S2-209890924	S2		0.7
S1-111959985	US	false_negative_candidate_miss	S2-469376496	S2		0.7
S1-112503303	US	false_negative_candidate_miss	S2-254580794	S2		0.7
S1-112975952	US	false_negative_candidate_miss	S3-904488832	S3		0.7
S1-113104064	US	false_negative_candidate_miss	S3-482338994	S3		0.7
S1-113227923	US	false_negative_candidate_miss	S2-515340271	S2		0.7
S1-113333985	India	false_positive_singleton	S3-197572203	S3	0.73653505981394962	0.7
S1-11354911	US	false_negative_candidate_miss	S2-704510185	S2		0.7
S1-113711117	India	false_negative_candidate_miss	S2-960925307	S2		0.7
S1-113711117	India	false_negative_candidate_miss	S3-266578995	S3		0.7
S1-113711117	India	false_negative_candidate_miss	S3-803837328	S3		0.7
S1-113884706	India	false_negative_candidate_miss	S3-342484800	S3		0.7
S1-113884706	India	false_negative_candidate_miss	S3-632062158	S3		0.7
S1-113903705	India	false_positive	S3-407114396	S3	0.83066692063772862	0.7
S1-114004998	India	false_negative_candidate_miss	S3-915488614	S3		0.7
S1-114698423	US	false_positive	S2-675510659	S2	0.84259587780417788	0.7
S1-114729013	US	false_negative_candidate_miss	S2-812821306	S2		0.7
S1-114862	US	false_negative_candidate_miss	S3-63698081	S3		0.7
S1-115772113	US	false_negative_below_threshold	S2-914129701	S2	0.69815677157685385	0.7
S1-116202648	India	false_negative_candidate_miss	S2-770131019	S2		0.7
S1-116202648	India	false_negative_candidate_miss	S3-798126437	S3		0.7
S1-116512497	US	false_positive	S2-346333718	S2	0.86577693728173943	0.7
S1-116613471	India	false_negative_candidate_miss	S2-513312983	S2		0.7
S1-116882429	US	false_negative_candidate_miss	S2-673646219	S2		0.7
S1-116985085	US	false_negative_candidate_miss	S2-702959524	S2		0.7
S1-116985085	US	false_negative_candidate_miss	S3-448542306	S3		0.7
S1-117082006	India	false_negative_candidate_miss	S2-865569529	S2		0.7
S1-117082006	India	false_negative_candidate_miss	S3-180661082	S3		0.7
S1-117152044	US	false_negative_candidate_miss	S3-804025011	S3		0.7
S1-117314481	US	false_negative_candidate_miss	S2-308089521	S2		0.7
S1-117518425	India	false_negative_candidate_miss	S2-212210118	S2		0.7
S1-117518425	India	false_negative_candidate_miss	S2-78759894	S2		0.7
S1-117518425	India	false_negative_candidate_miss	S3-260570279	S3		0.7
S1-117614668	India	false_negative_candidate_miss	S2-360811610	S2		0.7
S1-117963738	US	false_negative_candidate_miss	S3-208123262	S3		0.7
S1-118047107	US	false_negative_candidate_miss	S2-616880405	S2		0.7
S1-118053171	India	false_negative_candidate_miss	S3-597126533	S3		0.7
S1-118082959	India	false_negative_candidate_miss	S2-828372821	S2		0.7
S1-118082959	India	false_negative_candidate_miss	S3-103947220	S3		0.7
S1-118082959	India	false_negative_candidate_miss	S3-847222147	S3		0.7
S1-118095057	US	false_negative_candidate_miss	S2-463155106	S2		0.7
S1-118263403	US	false_negative_candidate_miss	S3-381265632	S3		0.7
S1-118322390	US	false_negative_candidate_miss	S2-797854419	S2		0.7
S1-118322390	US	false_negative_below_threshold	S3-255345306	S3	0.6568351874464623	0.7
S1-118330556	India	false_negative_candidate_miss	S3-256830030	S3		0.7
S1-118330556	India	false_negative_candidate_miss	S3-672566388	S3		0.7
S1-118476379	US	false_negative_candidate_miss	S2-331938478	S2		0.7
S1-118476379	US	false_negative_candidate_miss	S3-611863126	S3		0.7
S1-118579860	US	false_negative_below_threshold	S3-176842301	S3	0.66279597953375768	0.7
S1-118943972	India	false_negative_candidate_miss	S3-430351533	S3		0.7
S1-119074893	US	false_negative_candidate_miss	S2-587544117	S2		0.7
S1-119074893	US	false_negative_candidate_miss	S2-742022754	S2		0.7
S1-119078650	US	false_negative_candidate_miss	S3-862695166	S3		0.7
S1-119170057	US	false_negative_candidate_miss	S2-544576970	S2		0.7
S1-119292450	US	false_negative_candidate_miss	S2-741794916	S2		0.7
S1-119497950	US	false_negative_candidate_miss	S2-73223075	S2		0.7
S1-119731920	India	false_negative_candidate_miss	S2-377960138	S2		0.7
S1-119731920	India	false_negative_candidate_miss	S2-69485128	S2		0.7
S1-119731920	India	false_negative_candidate_miss	S3-80832465	S3		0.7
S1-119970139	US	false_negative_candidate_miss	S2-405171912	S2		0.7
S1-119970139	US	false_negative_candidate_miss	S2-602825227	S2		0.7
S1-119970139	US	false_negative_candidate_miss	S2-854595526	S2		0.7
S1-120412998	US	false_negative_candidate_miss	S2-466968906	S2		0.7
S1-120556851	US	false_negative_below_threshold	S3-740668126	S3	0.51029920148473784	0.7
S1-120714060	India	false_negative_candidate_miss	S2-554663999	S2		0.7
S1-120714060	India	false_negative_candidate_miss	S2-787974738	S2		0.7
S1-120722129	US	false_negative_below_threshold	S2-290451763	S2	0.61823794726054782	0.7
S1-120722129	US	false_negative_candidate_miss	S2-446796969	S2		0.7
S1-120722129	US	false_negative_candidate_miss	S3-689497310	S3		0.7
S1-121026952	India	false_negative_candidate_miss	S2-630715999	S2		0.7
S1-121026952	India	false_negative_candidate_miss	S2-926678917	S2		0.7
S1-121026952	India	false_negative_candidate_miss	S3-71790472	S3		0.7
S1-121098589	US	false_negative_candidate_miss	S3-806291516	S3		0.7
S1-121302455	US	false_negative_candidate_miss	S2-750108673	S2		0.7
S1-121369826	India	false_negative_candidate_miss	S2-438752853	S2		0.7
S1-121369826	India	false_negative_candidate_miss	S2-727345113	S2		0.7
S1-121369826	India	false_negative_candidate_miss	S3-86264037	S3		0.7
S1-121987461	India	false_negative_candidate_miss	S3-139641446	S3		0.7
S1-121987461	India	false_negative_candidate_miss	S3-876483202	S3		0.7
S1-122115358	India	false_negative_candidate_miss	S3-695697255	S3		0.7
S1-122156256	India	false_negative_candidate_miss	S3-71949596	S3		0.7
S1-122156256	India	false_negative_candidate_miss	S3-943126726	S3		0.7
S1-122301748	US	false_negative_candidate_miss	S3-736988157	S3		0.7
S1-122572736	US	false_negative_candidate_miss	S2-477625644	S2		0.7
S1-122587913	India	false_negative_candidate_miss	S3-786503390	S3		0.7
S1-122818510	India	false_negative_below_threshold	S2-190767580	S2	0.54865259067943872	0.7
S1-122818510	India	false_negative_below_threshold	S2-745463303	S2	0.10411998490724725	0.7
S1-122875767	US	false_negative_candidate_miss	S3-513124643	S3		0.7
S1-122885314	US	false_negative_candidate_miss	S2-642186988	S2		0.7
S1-122885314	US	false_negative_candidate_miss	S3-79412169	S3		0.7
S1-122885314	US	false_negative_candidate_miss	S3-835564516	S3		0.7
S1-123208855	US	false_negative_candidate_miss	S3-979787593	S3		0.7
S1-123378178	India	false_negative_candidate_miss	S3-958793533	S3		0.7
S1-123508481	US	false_negative_candidate_miss	S3-130556600	S3		0.7
S1-123971004	India	false_negative_candidate_miss	S3-324921922	S3		0.7
S1-124193505	India	false_negative_candidate_miss	S2-845173091	S2		0.7
S1-124289247	US	false_negative_candidate_miss	S2-864839507	S2		0.7
S1-124289247	US	false_negative_candidate_miss	S3-107117152	S3		0.7
S1-124746837	India	false_negative_candidate_miss	S2-755295852	S2		0.7
S1-124892341	India	false_negative_candidate_miss	S3-495748946	S3		0.7
S1-12489723	US	false_negative_candidate_miss	S3-274291348	S3		0.7
S1-125225377	US	false_negative_below_threshold	S3-433745050	S3	0.40595651114650289	0.7
S1-125519508	India	false_negative_candidate_miss	S2-673539943	S2		0.7
S1-125519508	India	false_negative_candidate_miss	S3-251414608	S3		0.7
S1-125679849	US	false_negative_candidate_miss	S2-711645040	S2		0.7
S1-125679849	US	false_negative_candidate_miss	S3-301170003	S3		0.7
S1-125766706	India	false_negative_candidate_miss	S2-251789798	S2		0.7
S1-125766706	India	false_negative_candidate_miss	S2-532517889	S2		0.7
S1-125766706	India	false_negative_candidate_miss	S3-165511725	S3		0.7
S1-125766706	India	false_negative_candidate_miss	S3-174121350	S3		0.7
S1-125766706	India	false_negative_candidate_miss	S3-409115791	S3		0.7
S1-126007185	US	false_negative_candidate_miss	S3-659075140	S3		0.7
S1-126676625	US	false_positive	S3-547136319	S3	0.94589772468245426	0.7
S1-127376168	US	false_negative_candidate_miss	S3-944686938	S3		0.7
S1-127423743	US	false_negative_below_threshold	S2-49765756	S2	0.58592492030730992	0.7
S1-12757016	US	false_negative_candidate_miss	S2-244372705	S2		0.7
S1-127750137	US	false_negative_candidate_miss	S3-75577614	S3		0.7
S1-127779972	India	false_negative_candidate_miss	S2-410580043	S2		0.7
S1-127779972	India	false_negative_candidate_miss	S2-53799990	S2		0.7
S1-127779972	India	false_negative_candidate_miss	S3-284023693	S3		0.7
S1-127779972	India	false_negative_candidate_miss	S3-426051763	S3		0.7
S1-127932197	US	false_positive	S2-193840826	S2	0.77972114257444503	0.7
S1-127932197	US	false_negative_candidate_miss	S3-906708453	S3		0.7
S1-127971473	India	false_negative_candidate_miss	S2-353940638	S2		0.7
S1-127971473	India	false_negative_candidate_miss	S3-245635431	S3		0.7
S1-128344934	US	false_negative_candidate_miss	S2-384306442	S2		0.7
S1-128688692	India	false_negative_candidate_miss	S3-894505330	S3		0.7
S1-129069560	India	false_positive	S3-196628870	S3	0.87820483281351824	0.7
S1-12910087	India	false_negative_candidate_miss	S3-720220310	S3		0.7
S1-129158599	India	false_negative_candidate_miss	S3-196527808	S3		0.7
S1-129158599	India	false_negative_candidate_miss	S3-390738793	S3		0.7
S1-129158599	India	false_negative_candidate_miss	S3-50171576	S3		0.7
S1-129569556	US	false_negative_candidate_miss	S3-46118767	S3		0.7
S1-129612656	US	false_negative_candidate_miss	S3-897100603	S3		0.7
S1-129650017	US	false_negative_candidate_miss	S2-51965800	S2		0.7
S1-129650158	US	false_negative_candidate_miss	S3-943047110	S3		0.7
S1-129799426	India	false_negative_candidate_miss	S2-772254119	S2		0.7
S1-129799426	India	false_negative_candidate_miss	S3-132364052	S3		0.7
S1-129799426	India	false_negative_candidate_miss	S3-871991352	S3		0.7
S1-12989421	India	false_positive	S3-558275111	S3	0.72279492584882432	0.7
S1-130390999	India	false_negative_candidate_miss	S2-137837884	S2		0.7
S1-130390999	India	false_negative_candidate_miss	S3-980487940	S3		0.7
S1-130666878	India	false_negative_candidate_miss	S3-894440979	S3		0.7
S1-13135008	India	false_negative_candidate_miss	S2-164385013	S2		0.7
S1-13135008	India	false_negative_candidate_miss	S2-775230798	S2		0.7
S1-13135008	India	false_negative_candidate_miss	S3-187661512	S3		0.7
S1-131755813	US	false_negative_below_threshold	S3-38495463	S3	0.65543289559988083	0.7
S1-131847140	India	false_negative_candidate_miss	S3-66031209	S3		0.7
S1-132186284	India	false_negative_candidate_miss	S3-583530078	S3		0.7
S1-132376179	India	false_negative_candidate_miss	S3-762848556	S3		0.7
S1-132401271	India	false_negative_candidate_miss	S2-557945737	S2		0.7
S1-132464319	India	false_negative_candidate_miss	S2-267034664	S2		0.7
S1-132464319	India	false_negative_candidate_miss	S2-725510745	S2		0.7
S1-132464319	India	false_negative_candidate_miss	S3-626599804	S3		0.7
S1-132464319	India	false_negative_candidate_miss	S3-698410477	S3		0.7
S1-132699639	India	false_negative_candidate_miss	S2-886916057	S2		0.7
S1-132699639	India	false_negative_candidate_miss	S3-143666658	S3		0.7
S1-133154595	US	false_negative_candidate_miss	S2-427677872	S2		0.7
S1-133160443	US	false_positive	S2-111591657	S2	0.7967843120358411	0.7
S1-133340832	India	false_negative_candidate_miss	S3-973150700	S3		0.7
S1-133374977	India	false_positive	S3-354745000	S3	0.85550270625721148	0.7
S1-133374977	India	false_negative_candidate_miss	S2-696396535	S2		0.7
S1-133374977	India	false_negative_candidate_miss	S2-856158329	S2		0.7
S1-133374977	India	false_negative_candidate_miss	S3-105815891	S3		0.7
S1-133374977	India	false_negative_candidate_miss	S3-947069723	S3		0.7
S1-133449308	US	false_positive	S3-920167651	S3	0.92769918671145479	0.7
S1-133571075	US	false_positive	S2-202898830	S2	0.91446274469546684	0.7
S1-133698114	India	false_negative_candidate_miss	S3-992559642	S3		0.7
S1-134305882	India	false_negative_candidate_miss	S3-303923732	S3		0.7
S1-13434389	India	false_negative_candidate_miss	S2-527768034	S2		0.7
S1-13434389	India	false_negative_candidate_miss	S2-591506481	S2		0.7
S1-13434389	India	false_negative_candidate_miss	S2-78592218	S2		0.7
S1-13434389	India	false_negative_candidate_miss	S2-789515829	S2		0.7
S1-134617591	India	false_negative_candidate_miss	S2-103605640	S2		0.7
S1-134617591	India	false_negative_candidate_miss	S3-27249010	S3		0.7
S1-135239125	US	false_negative_candidate_miss	S2-195428473	S2		0.7
S1-135302577	India	false_negative_candidate_miss	S3-294816576	S3		0.7
S1-135302577	India	false_negative_candidate_miss	S3-555081307	S3		0.7
S1-135363362	India	false_negative_candidate_miss	S3-273284994	S3		0.7
S1-135391698	India	false_negative_candidate_miss	S2-716943376	S2		0.7
S1-135592964	US	false_negative_candidate_miss	S2-272494932	S2		0.7
S1-136150163	US	false_negative_below_threshold	S2-305593549	S2	0.58592492030730992	0.7
S1-136150163	US	false_negative_candidate_miss	S3-495663734	S3		0.7
S1-136538363	US	false_negative_candidate_miss	S2-349262879	S2		0.7
S1-136538363	US	false_negative_candidate_miss	S3-318480985	S3		0.7
S1-137061648	US	false_negative_candidate_miss	S2-625385922	S2		0.7
S1-137423460	India	false_negative_candidate_miss	S2-685212584	S2		0.7
S1-137423460	India	false_negative_candidate_miss	S3-467763756	S3		0.7
S1-137693628	India	false_negative_candidate_miss	S3-574164637	S3		0.7
S1-137700648	India	false_negative_candidate_miss	S2-919727843	S2		0.7
S1-137708450	US	false_negative_below_threshold	S2-489432201	S2	0.18940585444532623	0.7
S1-137900149	US	false_negative_candidate_miss	S3-405948313	S3		0.7
S1-137920311	US	false_positive	S3-248282554	S3	0.97576553614771111	0.7
S1-137920311	US	false_negative_candidate_miss	S3-153015075	S3		0.7
S1-138096303	India	false_negative_candidate_miss	S3-705729077	S3		0.7
S1-138429722	India	false_negative_candidate_miss	S2-27505549	S2		0.7
S1-138429722	India	false_negative_candidate_miss	S3-233765947	S3		0.7
S1-138613340	India	false_negative_candidate_miss	S2-109333683	S2		0.7
S1-138613340	India	false_negative_candidate_miss	S3-181302175	S3		0.7
S1-138613340	India	false_negative_candidate_miss	S3-345270564	S3		0.7
S1-138613340	India	false_negative_candidate_miss	S3-578366370	S3		0.7
S1-138766028	US	false_negative_candidate_miss	S3-975325968	S3		0.7
S1-138787567	US	false_negative_candidate_miss	S3-808344712	S3		0.7
S1-138807566	India	false_negative_candidate_miss	S3-689557158	S3		0.7
S1-138896748	India	false_negative_candidate_miss	S2-675849153	S2		0.7
S1-140097533	India	false_negative_candidate_miss	S2-72413794	S2		0.7
S1-140234149	India	false_negative_candidate_miss	S2-700195114	S2		0.7
S1-140234149	India	false_negative_candidate_miss	S3-335889443	S3		0.7
S1-14071387	India	false_negative_candidate_miss	S2-100918967	S2		0.7
S1-14071387	India	false_negative_candidate_miss	S2-141602132	S2		0.7
S1-140744645	India	false_negative_candidate_miss	S2-157727390	S2		0.7
S1-140744645	India	false_negative_candidate_miss	S2-473602669	S2		0.7
S1-140744645	India	false_negative_candidate_miss	S3-13342536	S3		0.7
S1-140744645	India	false_negative_candidate_miss	S3-751783212	S3		0.7
S1-140744645	India	false_negative_candidate_miss	S3-939489386	S3		0.7
S1-140744645	India	false_negative_below_threshold	S3-961713995	S3	0.0047230934360460095	0.7
S1-141343207	India	false_negative_candidate_miss	S2-560659593	S2		0.7
S1-141543429	US	false_negative_candidate_miss	S3-502730020	S3		0.7
S1-141568974	India	false_negative_below_threshold	S3-236276088	S3	0.55193498875695979	0.7
S1-142007406	US	false_negative_candidate_miss	S2-259258066	S2		0.7
S1-142037661	India	false_negative_candidate_miss	S3-888428674	S3		0.7
S1-142216727	US	false_negative_candidate_miss	S3-537880948	S3		0.7
S1-142820233	India	false_negative_candidate_miss	S2-435204644	S2		0.7
S1-142902978	India	false_negative_below_threshold	S2-34486484	S2	0.63800614361850283	0.7
S1-143621314	India	false_negative_candidate_miss	S2-695995507	S2		0.7
S1-143621314	India	false_negative_candidate_miss	S3-10989220	S3		0.7
S1-143621314	India	false_negative_candidate_miss	S3-806583533	S3		0.7
S1-144265955	India	false_negative_candidate_miss	S2-153139545	S2		0.7
S1-144265955	India	false_negative_candidate_miss	S2-849635464	S2		0.7
S1-144265955	India	false_negative_candidate_miss	S2-927622685	S2		0.7
S1-144392716	US	false_negative_candidate_miss	S2-550191788	S2		0.7
S1-144427596	India	false_negative_candidate_miss	S2-457265226	S2		0.7
S1-144427596	India	false_negative_candidate_miss	S2-946734208	S2		0.7
S1-14444270	India	false_negative_candidate_miss	S2-825949691	S2		0.7
S1-14444270	India	false_negative_candidate_miss	S2-88254483	S2		0.7
S1-14444270	India	false_negative_candidate_miss	S3-937045226	S3		0.7
S1-14444270	India	false_negative_candidate_miss	S3-940608889	S3		0.7
S1-144527981	India	false_negative_candidate_miss	S2-355749029	S2		0.7
S1-144527981	India	false_negative_candidate_miss	S2-361293568	S2		0.7
S1-144527981	India	false_negative_candidate_miss	S2-40075199	S2		0.7
S1-144527981	India	false_negative_candidate_miss	S3-906910386	S3		0.7
S1-145351731	India	false_negative_candidate_miss	S2-170177389	S2		0.7
S1-145394946	US	false_positive	S3-382094725	S3	0.77271654298384662	0.7
S1-145736804	India	false_negative_candidate_miss	S3-835208955	S3		0.7
S1-14576203	India	false_negative_candidate_miss	S2-568223490	S2		0.7
S1-14576203	India	false_negative_candidate_miss	S2-676155985	S2		0.7
S1-14576203	India	false_negative_candidate_miss	S3-538645985	S3		0.7
S1-14576203	India	false_negative_candidate_miss	S3-66613389	S3		0.7
S1-145830536	US	false_positive	S2-30921242	S2	0.96168651130577021	0.7
S1-145830536	US	false_negative_candidate_miss	S3-647208237	S3		0.7
S1-146067139	India	false_negative_candidate_miss	S3-206991020	S3		0.7
S1-146180655	US	false_negative_candidate_miss	S3-312671368	S3		0.7
S1-146180655	US	false_negative_candidate_miss	S3-398813765	S3		0.7
S1-146201441	US	false_positive	S3-231452355	S3	0.92933019473657419	0.7
S1-146201441	US	false_positive	S3-34892144	S3	0.92933019473657419	0.7
S1-146368601	India	false_negative_candidate_miss	S2-111571769	S2		0.7
S1-146368601	India	false_negative_candidate_miss	S3-605360211	S3		0.7
S1-146465681	India	false_negative_candidate_miss	S3-735595622	S3		0.7
S1-146465681	India	false_negative_candidate_miss	S3-935114987	S3		0.7
S1-146594859	India	false_negative_candidate_miss	S2-377398506	S2		0.7
S1-146594859	India	false_negative_candidate_miss	S3-286486238	S3		0.7
S1-146734142	US	false_negative_candidate_miss	S2-361302214	S2		0.7
S1-147430251	US	false_negative_candidate_miss	S3-267375999	S3		0.7
S1-147450579	India	false_negative_candidate_miss	S3-623698629	S3		0.7
S1-147450579	India	false_negative_candidate_miss	S3-653176617	S3		0.7
S1-147688054	India	false_negative_candidate_miss	S2-599404371	S2		0.7
S1-147728193	India	false_negative_candidate_miss	S3-53946467	S3		0.7
S1-14813103	India	false_negative_candidate_miss	S2-750069352	S2		0.7
S1-148171716	US	false_negative_candidate_miss	S3-550339591	S3		0.7
S1-14827501	India	false_negative_candidate_miss	S2-295912886	S2		0.7
S1-148601584	US	false_positive	S2-869769611	S2	0.97988384417986485	0.7
S1-149597116	India	false_negative_candidate_miss	S2-412192377	S2		0.7
S1-149796254	US	false_negative_candidate_miss	S3-830902388	S3		0.7
S1-149864538	US	false_negative_candidate_miss	S3-685013148	S3		0.7
S1-150001944	US	false_negative_candidate_miss	S3-603491676	S3		0.7
S1-150885912	US	false_negative_candidate_miss	S3-887590364	S3		0.7
S1-15096534	US	false_negative_candidate_miss	S2-579353590	S2		0.7
S1-150994763	US	false_negative_candidate_miss	S2-520999120	S2		0.7
S1-151188427	US	false_positive	S2-115697448	S2	0.91535572144797916	0.7
S1-151188427	US	false_negative_candidate_miss	S3-379941060	S3		0.7
S1-151212575	India	false_negative_candidate_miss	S2-35399908	S2		0.7
S1-151212575	India	false_negative_candidate_miss	S2-382651509	S2		0.7
S1-151290437	US	false_negative_below_threshold	S2-808985762	S2	0.016754840739022031	0.7
S1-151342878	US	false_negative_candidate_miss	S2-62382619	S2		0.7
S1-151348988	US	false_negative_candidate_miss	S2-318501810	S2		0.7
S1-151447836	US	false_negative_below_threshold	S2-181418525	S2	0.55102214963839724	0.7
S1-151449686	India	false_negative_candidate_miss	S3-239277682	S3		0.7
S1-151789308	US	false_negative_candidate_miss	S2-275883848	S2		0.7
S1-151830791	India	false_negative_candidate_miss	S2-320884068	S2		0.7
S1-151830791	India	false_negative_candidate_miss	S3-188922581	S3		0.7
S1-151830791	India	false_negative_candidate_miss	S3-474651093	S3		0.7
S1-15183798	India	false_negative_candidate_miss	S2-195887766	S2		0.7
S1-15183798	India	false_negative_candidate_miss	S3-583741745	S3		0.7
S1-15218392	US	false_negative_candidate_miss	S2-509930647	S2		0.7
S1-152252972	US	false_negative_below_threshold	S2-718565361	S2	0.58592492030730992	0.7
S1-152252972	US	false_negative_candidate_miss	S3-567082078	S3		0.7
S1-15268239	India	false_negative_candidate_miss	S2-500380992	S2		0.7
S1-152711109	US	false_positive	S3-460490281	S3	0.86539325196585759	0.7
S1-152756470	US	false_negative_candidate_miss	S2-439213769	S2		0.7
S1-152756470	US	false_negative_candidate_miss	S3-421894676	S3		0.7
S1-152756470	US	false_negative_candidate_miss	S3-432300304	S3		0.7
S1-152756470	US	false_negative_candidate_miss	S3-548194530	S3		0.7
S1-153219288	US	false_negative_candidate_miss	S3-413935028	S3		0.7
S1-153259783	US	false_negative_candidate_miss	S2-393150325	S2		0.7
S1-153259783	US	false_negative_candidate_miss	S3-449591631	S3		0.7
S1-153259783	US	false_negative_below_threshold	S3-575955477	S3	0.6539831833895392	0.7
S1-153389049	India	false_negative_candidate_miss	S2-466612561	S2		0.7
S1-153389049	India	false_negative_candidate_miss	S3-591418922	S3		0.7
S1-154225633	US	false_negative_candidate_miss	S3-358363378	S3		0.7
S1-154593299	India	false_negative_candidate_miss	S2-238161000	S2		0.7
S1-154593299	India	false_negative_candidate_miss	S3-759073653	S3		0.7
S1-154593299	India	false_negative_candidate_miss	S3-775405626	S3		0.7
S1-154641312	India	false_negative_candidate_miss	S2-323079925	S2		0.7
S1-154641312	India	false_negative_candidate_miss	S3-704776849	S3		0.7
S1-154777739	US	false_negative_candidate_miss	S2-357392149	S2		0.7
S1-155008306	India	false_negative_candidate_miss	S2-222810801	S2		0.7
S1-155008306	India	false_negative_candidate_miss	S3-679818924	S3		0.7
S1-155213357	India	false_negative_candidate_miss	S2-38398572	S2		0.7
S1-155213357	India	false_negative_candidate_miss	S3-350390688	S3		0.7
S1-155263605	India	false_negative_candidate_miss	S2-374021466	S2		0.7
S1-155425136	India	false_negative_candidate_miss	S3-617935642	S3		0.7
S1-155425136	India	false_negative_candidate_miss	S3-753421348	S3		0.7
S1-155579282	India	false_negative_candidate_miss	S2-77849019	S2		0.7
S1-155725758	US	false_negative_candidate_miss	S3-990292154	S3		0.7
S1-156106188	US	false_negative_candidate_miss	S3-766586659	S3		0.7
S1-156128617	India	false_negative_candidate_miss	S2-610755698	S2		0.7
S1-15666994	India	false_negative_candidate_miss	S2-67400116	S2		0.7
S1-15666994	India	false_negative_candidate_miss	S3-881823170	S3		0.7
S1-157056498	India	false_negative_candidate_miss	S2-267512632	S2		0.7
S1-157056498	India	false_negative_below_threshold	S2-786195963	S2	0.58592492030730992	0.7
S1-157086316	India	false_negative_candidate_miss	S3-471764622	S3		0.7
S1-157086316	India	false_negative_candidate_miss	S3-843823441	S3		0.7
S1-157411041	India	false_negative_candidate_miss	S2-576774165	S2		0.7
S1-157411041	India	false_negative_candidate_miss	S3-870138171	S3		0.7
S1-157607064	India	false_negative_candidate_miss	S2-994654441	S2		0.7
S1-157607064	India	false_negative_candidate_miss	S3-77329592	S3		0.7
S1-157999507	India	false_negative_candidate_miss	S2-420392608	S2		0.7
S1-157999507	India	false_negative_candidate_miss	S3-4963870	S3		0.7
S1-158462287	India	false_negative_below_threshold	S3-385320668	S3	0.23183982327494604	0.7
S1-158962602	US	false_negative_candidate_miss	S3-560749225	S3		0.7
S1-159426198	India	false_negative_candidate_miss	S3-197559286	S3		0.7
S1-159638386	India	false_negative_candidate_miss	S2-626572907	S2		0.7
S1-159758047	US	false_negative_candidate_miss	S3-494210322	S3		0.7
S1-15991357	India	false_negative_candidate_miss	S3-270074561	S3		0.7
S1-15991357	India	false_negative_candidate_miss	S3-702779833	S3		0.7
S1-160432664	India	false_negative_candidate_miss	S3-336175377	S3		0.7
S1-160432664	India	false_negative_candidate_miss	S3-691816402	S3		0.7
S1-16088115	US	false_positive	S2-161672252	S2	0.85144754882503804	0.7
S1-160921774	India	false_negative_candidate_miss	S2-555109619	S2		0.7
S1-160921774	India	false_negative_candidate_miss	S2-562244745	S2		0.7
S1-161271607	India	false_negative_candidate_miss	S2-756932459	S2		0.7
S1-161271607	India	false_negative_candidate_miss	S3-310149482	S3		0.7
S1-161271607	India	false_negative_candidate_miss	S3-707329070	S3		0.7
S1-161572138	US	false_negative_candidate_miss	S2-552299315	S2		0.7
S1-16168299	India	false_negative_candidate_miss	S3-367499877	S3		0.7
S1-162419724	US	false_negative_candidate_miss	S3-3281892	S3		0.7
S1-162419724	US	false_negative_candidate_miss	S3-518785832	S3		0.7
S1-162657298	US	false_negative_candidate_miss	S2-365687513	S2		0.7
S1-162732682	India	false_negative_candidate_miss	S3-481697426	S3		0.7
S1-162860879	India	false_negative_candidate_miss	S2-511098281	S2		0.7
S1-163144664	US	false_positive	S2-605318561	S2	0.85520084445063871	0.7
S1-163297056	US	false_negative_candidate_miss	S2-144103540	S2		0.7
S1-163297056	US	false_negative_candidate_miss	S2-453014099	S2		0.7
S1-163297056	US	false_negative_candidate_miss	S3-454235738	S3		0.7
S1-16346821	India	false_negative_candidate_miss	S2-114435198	S2		0.7
S1-163545356	US	false_negative_below_threshold	S3-857904798	S3	0.38921164995312152	0.7
S1-163545356	US	false_negative_candidate_miss	S3-994401247	S3		0.7
S1-163605810	US	false_positive	S3-146745405	S3	0.77336206399098817	0.7
S1-163689489	US	false_negative_candidate_miss	S3-218434298	S3		0.7
S1-163781614	US	false_negative_candidate_miss	S2-225596849	S2		0.7
S1-163781614	US	false_negative_candidate_miss	S2-979308151	S2		0.7
S1-163781614	US	false_negative_candidate_miss	S3-800217705	S3		0.7
S1-163931601	India	false_negative_candidate_miss	S2-754495921	S2		0.7
S1-164411698	India	false_negative_candidate_miss	S2-164804517	S2		0.7
S1-164411698	India	false_negative_candidate_miss	S3-958840061	S3		0.7
S1-164428966	India	false_negative_candidate_miss	S3-709347131	S3		0.7
S1-164612424	India	false_negative_candidate_miss	S2-542682317	S2		0.7
S1-164656140	India	false_negative_candidate_miss	S2-230856365	S2		0.7
S1-164656140	India	false_negative_candidate_miss	S3-313927483	S3		0.7
S1-16476067	India	false_negative_candidate_miss	S3-413388016	S3		0.7
S1-164773537	India	false_negative_candidate_miss	S2-176134977	S2		0.7
S1-164773537	India	false_negative_candidate_miss	S2-293175045	S2		0.7
S1-164773537	India	false_negative_candidate_miss	S2-896803011	S2		0.7
S1-164934808	US	false_negative_candidate_miss	S2-623377053	S2		0.7
S1-165591594	India	false_negative_candidate_miss	S3-967271395	S3		0.7
S1-165737888	US	false_negative_below_threshold	S3-291774075	S3	0.5878926239071921	0.7
S1-16603742	US	false_negative_candidate_miss	S3-983577630	S3		0.7
S1-166047419	India	false_negative_candidate_miss	S2-828542742	S2		0.7
S1-166251242	US	false_negative_candidate_miss	S2-621868117	S2		0.7
S1-166251242	US	false_negative_candidate_miss	S3-493217229	S3		0.7
S1-166251242	US	false_negative_candidate_miss	S3-978376873	S3		0.7
S1-16657749	US	false_negative_candidate_miss	S3-894682394	S3		0.7
S1-16657749	US	false_negative_candidate_miss	S3-961139786	S3		0.7
S1-166662737	US	false_negative_candidate_miss	S2-431562363	S2		0.7
S1-166828057	US	false_negative_candidate_miss	S2-488291824	S2		0.7
S1-167038951	US	false_negative_candidate_miss	S3-245151338	S3		0.7
S1-167181976	US	false_negative_candidate_miss	S3-520310747	S3		0.7
S1-167324782	US	false_negative_candidate_miss	S2-35484242	S2		0.7
S1-167467127	US	false_negative_candidate_miss	S3-355975909	S3		0.7
S1-167468945	India	false_negative_below_threshold	S3-715304169	S3	0.68427929431707435	0.7
S1-16775780	US	false_negative_candidate_miss	S3-821204379	S3		0.7
S1-168033248	US	false_negative_candidate_miss	S2-222241140	S2		0.7
S1-168080836	US	false_negative_candidate_miss	S3-77366247	S3		0.7
S1-168282586	India	false_negative_candidate_miss	S2-136742190	S2		0.7
S1-168282586	India	false_negative_candidate_miss	S2-190722732	S2		0.7
S1-168282586	India	false_negative_candidate_miss	S2-284587397	S2		0.7
S1-168282586	India	false_negative_candidate_miss	S2-388199754	S2		0.7
S1-168396990	India	false_negative_candidate_miss	S2-173339374	S2		0.7
S1-168396990	India	false_negative_candidate_miss	S3-505357607	S3		0.7
S1-168396990	India	false_negative_candidate_miss	S3-538063477	S3		0.7
S1-168590409	US	false_negative_below_threshold	S2-248741033	S2	0.057996185283185585	0.7
S1-168879712	India	false_negative_candidate_miss	S2-899760431	S2		0.7
S1-168879712	India	false_negative_candidate_miss	S3-697930542	S3		0.7
S1-168879712	India	false_negative_candidate_miss	S3-909314543	S3		0.7
S1-168982537	India	false_negative_candidate_miss	S2-271953439	S2		0.7
S1-168982537	India	false_negative_candidate_miss	S2-808523979	S2		0.7
S1-168982537	India	false_negative_candidate_miss	S2-97034371	S2		0.7
S1-168982537	India	false_negative_candidate_miss	S3-132622253	S3		0.7
S1-169160971	India	false_negative_candidate_miss	S3-891013848	S3		0.7
S1-169396235	US	false_negative_candidate_miss	S2-619874940	S2		0.7
S1-169496242	US	false_negative_candidate_miss	S3-572605580	S3		0.7
S1-169587097	India	false_negative_candidate_miss	S2-323556564	S2		0.7
S1-169587097	India	false_negative_candidate_miss	S3-678928570	S3		0.7
S1-169682648	US	false_negative_candidate_miss	S2-920779348	S2		0.7
S1-16981576	India	false_negative_candidate_miss	S2-784340463	S2		0.7
S1-16981576	India	false_negative_candidate_miss	S2-883272915	S2		0.7
S1-16981576	India	false_negative_candidate_miss	S3-545059611	S3		0.7
S1-169981420	India	false_negative_candidate_miss	S3-130706922	S3		0.7
S1-170687177	US	false_positive	S2-658131759	S2	0.93216195429695747	0.7
S1-170895131	India	false_negative_candidate_miss	S3-273296085	S3		0.7
S1-170895131	India	false_negative_candidate_miss	S3-345696260	S3		0.7
S1-170895131	India	false_negative_candidate_miss	S3-583769640	S3		0.7
S1-171187740	US	false_negative_candidate_miss	S3-713235247	S3		0.7
S1-171582749	US	false_negative_candidate_miss	S2-727210888	S2		0.7
S1-172553037	India	false_negative_candidate_miss	S2-385469340	S2		0.7
S1-172553037	India	false_negative_candidate_miss	S2-511673777	S2		0.7
S1-172553037	India	false_negative_candidate_miss	S3-291688497	S3		0.7
S1-173066628	US	false_negative_candidate_miss	S2-182655362	S2		0.7
S1-173705241	US	false_negative_candidate_miss	S2-591100270	S2		0.7
S1-173705241	US	false_negative_candidate_miss	S3-900858918	S3		0.7
S1-174020811	India	false_negative_candidate_miss	S3-399902830	S3		0.7
S1-174020811	India	false_negative_candidate_miss	S3-417517731	S3		0.7
S1-174020811	India	false_negative_candidate_miss	S3-514177561	S3		0.7
S1-174120033	India	false_negative_candidate_miss	S3-399041061	S3		0.7
S1-174749046	US	false_negative_candidate_miss	S3-430435969	S3		0.7
S1-174749046	US	false_negative_candidate_miss	S3-708320195	S3		0.7
S1-17484886	US	false_negative_candidate_miss	S3-511643946	S3		0.7
S1-17484886	US	false_negative_candidate_miss	S3-872452026	S3		0.7
S1-17484886	US	false_negative_candidate_miss	S3-920802605	S3		0.7
S1-174873894	India	false_negative_candidate_miss	S3-201569965	S3		0.7
S1-175305070	US	false_negative_candidate_miss	S2-422963579	S2		0.7
S1-175595804	India	false_negative_candidate_miss	S2-642489189	S2		0.7
S1-175595804	India	false_negative_candidate_miss	S3-442768427	S3		0.7
S1-175595804	India	false_negative_candidate_miss	S3-582643341	S3		0.7
S1-175765526	India	false_negative_candidate_miss	S2-851479418	S2		0.7
S1-175765526	India	false_negative_candidate_miss	S2-937461008	S2		0.7
S1-175765526	India	false_negative_candidate_miss	S3-264418077	S3		0.7
S1-176029226	US	false_negative_candidate_miss	S2-221304123	S2		0.7
S1-176773536	US	false_negative_candidate_miss	S2-515890581	S2		0.7
S1-176844045	US	false_negative_candidate_miss	S2-905633452	S2		0.7
S1-177072736	India	false_negative_candidate_miss	S3-761846154	S3		0.7
S1-177087286	India	false_negative_candidate_miss	S3-679933389	S3		0.7
S1-177087286	India	false_negative_below_threshold	S3-988961751	S3	0.49398584870610196	0.7
S1-177223420	India	false_negative_candidate_miss	S3-507096294	S3		0.7
S1-177305102	US	false_positive	S2-569430882	S2	0.95730378871421129	0.7
S1-177305102	US	false_negative_candidate_miss	S2-299013711	S2		0.7
S1-177305102	US	false_negative_candidate_miss	S3-848476182	S3		0.7
S1-178189256	India	false_negative_candidate_miss	S3-727117237	S3		0.7
S1-178791678	India	false_negative_candidate_miss	S3-948523017	S3		0.7
S1-17930293	India	false_negative_candidate_miss	S2-318005058	S2		0.7
S1-17930293	India	false_negative_candidate_miss	S3-77189462	S3		0.7
S1-179365225	US	false_negative_candidate_miss	S2-15109611	S2		0.7
S1-179626165	India	false_negative_candidate_miss	S2-248179052	S2		0.7
S1-179626165	India	false_negative_candidate_miss	S3-504071054	S3		0.7
S1-179626165	India	false_negative_candidate_miss	S3-555593385	S3		0.7
S1-179626165	India	false_negative_candidate_miss	S3-719331681	S3		0.7
S1-180064848	US	false_negative_candidate_miss	S2-103840820	S2		0.7
S1-180064848	US	false_negative_candidate_miss	S3-628659433	S3		0.7
S1-180064848	US	false_negative_candidate_miss	S3-631496647	S3		0.7
S1-180740050	US	false_negative_candidate_miss	S2-496665983	S2		0.7
S1-180743268	US	false_negative_candidate_miss	S3-288087413	S3		0.7
S1-181071521	US	false_negative_candidate_miss	S3-701272901	S3		0.7
S1-181390119	India	false_negative_candidate_miss	S2-563423966	S2		0.7
S1-181390119	India	false_negative_candidate_miss	S2-912151974	S2		0.7
S1-181390119	India	false_negative_candidate_miss	S3-790073980	S3		0.7
S1-181455188	US	false_negative_candidate_miss	S3-435301434	S3		0.7
S1-181511557	US	false_negative_candidate_miss	S3-735661047	S3		0.7
S1-181511557	US	false_negative_candidate_miss	S3-894094765	S3		0.7
S1-18190166	US	false_negative_candidate_miss	S2-873028140	S2		0.7
S1-182197592	India	false_negative_candidate_miss	S2-21912858	S2		0.7
S1-182406064	US	false_negative_below_threshold	S3-179355657	S3	0.10556523611415339	0.7
S1-182418092	US	false_negative_candidate_miss	S2-879393753	S2		0.7
S1-182495933	India	false_negative_candidate_miss	S3-150787276	S3		0.7
S1-182746564	India	false_negative_candidate_miss	S3-531727876	S3		0.7
S1-182746564	India	false_negative_candidate_miss	S3-6344136	S3		0.7
S1-182885031	US	false_negative_candidate_miss	S2-222346954	S2		0.7
S1-182885031	US	false_negative_candidate_miss	S3-410437125	S3		0.7
S1-18293335	US	false_negative_candidate_miss	S3-992570542	S3		0.7
S1-182935914	US	false_positive	S3-780656177	S3	0.76118996880322964	0.7
S1-183021309	India	false_negative_candidate_miss	S3-498494375	S3		0.7
S1-183021309	India	false_negative_candidate_miss	S3-825582741	S3		0.7
S1-183153319	US	false_negative_candidate_miss	S2-413608833	S2		0.7
S1-183228697	US	false_negative_below_threshold	S3-16036874	S3	0.08940550469721055	0.7
S1-183228697	US	false_negative_candidate_miss	S3-616146056	S3		0.7
S1-183397476	US	false_negative_candidate_miss	S3-783959291	S3		0.7
S1-18341116	India	false_negative_candidate_miss	S2-873868140	S2		0.7
S1-183451581	India	false_negative_candidate_miss	S2-283719795	S2		0.7
S1-183451581	India	false_negative_candidate_miss	S3-209354473	S3		0.7
S1-183470744	India	false_negative_candidate_miss	S3-191819849	S3		0.7
S1-183901246	India	false_negative_candidate_miss	S2-8712971	S2		0.7
S1-183901246	India	false_negative_candidate_miss	S3-254673794	S3		0.7
S1-183901246	India	false_negative_candidate_miss	S3-670951803	S3		0.7
S1-183901246	India	false_negative_candidate_miss	S3-841898598	S3		0.7
S1-183901246	India	false_negative_candidate_miss	S3-849010440	S3		0.7
S1-18390913	India	false_negative_candidate_miss	S2-27444155	S2		0.7
S1-18390913	India	false_negative_candidate_miss	S3-855276959	S3		0.7
S1-183984039	US	false_negative_candidate_miss	S3-830672937	S3		0.7
S1-184068687	India	false_negative_candidate_miss	S2-268506696	S2		0.7
S1-184250416	US	false_negative_candidate_miss	S3-758864974	S3		0.7
S1-184250416	US	false_negative_candidate_miss	S3-943364334	S3		0.7
S1-184453893	US	false_negative_candidate_miss	S3-63430898	S3		0.7
S1-184533772	India	false_negative_candidate_miss	S2-407435212	S2		0.7
S1-184533772	India	false_negative_candidate_miss	S2-454276818	S2		0.7
S1-184533772	India	false_negative_candidate_miss	S3-844979328	S3		0.7
S1-184533772	India	false_negative_candidate_miss	S3-902681821	S3		0.7
S1-1845672	US	false_negative_below_threshold	S2-74023232	S2	0.58243158216879509	0.7
S1-184785375	India	false_negative_candidate_miss	S2-199290717	S2		0.7
S1-184785375	India	false_negative_candidate_miss	S2-544552421	S2		0.7
S1-184785375	India	false_negative_candidate_miss	S3-580296691	S3		0.7
S1-184785375	India	false_negative_candidate_miss	S3-726622490	S3		0.7
S1-184785375	India	false_negative_candidate_miss	S3-925036557	S3		0.7
S1-184797741	US	false_negative_candidate_miss	S3-953778655	S3		0.7
S1-18573707	India	false_negative_candidate_miss	S2-441631476	S2		0.7
S1-18573707	India	false_negative_candidate_miss	S3-362245090	S3		0.7
S1-18573707	India	false_negative_candidate_miss	S3-897971580	S3		0.7
S1-185751759	India	false_negative_candidate_miss	S2-547585202	S2		0.7
S1-185751759	India	false_negative_candidate_miss	S2-717932242	S2		0.7
S1-185751759	India	false_negative_candidate_miss	S3-253882482	S3		0.7
S1-185751759	India	false_negative_candidate_miss	S3-579760319	S3		0.7
S1-185914653	India	false_negative_candidate_miss	S2-558024008	S2		0.7
S1-186320577	India	false_negative_candidate_miss	S3-983182427	S3		0.7
S1-186394156	US	false_negative_candidate_miss	S3-922062128	S3		0.7
S1-186562421	US	false_negative_candidate_miss	S2-907511015	S2		0.7
S1-186562421	US	false_negative_candidate_miss	S3-303507094	S3		0.7
S1-186562421	US	false_negative_candidate_miss	S3-907038423	S3		0.7
S1-186843901	US	false_negative_candidate_miss	S2-295698553	S2		0.7
S1-186863510	US	false_negative_candidate_miss	S3-707346282	S3		0.7
S1-187057383	US	false_negative_candidate_miss	S3-520124732	S3		0.7
S1-187675282	India	false_negative_candidate_miss	S2-340773189	S2		0.7
S1-187711666	India	false_negative_below_threshold	S3-258835891	S3	0.34772365987380177	0.7
S1-187711666	India	false_negative_candidate_miss	S3-819818744	S3		0.7
S1-188152488	India	false_negative_candidate_miss	S2-839756116	S2		0.7
S1-188152488	India	false_negative_candidate_miss	S3-752258680	S3		0.7
S1-188152488	India	false_negative_candidate_miss	S3-999137685	S3		0.7
S1-188567314	US	false_negative_below_threshold	S3-554347252	S3	0.6568351874464623	0.7
S1-188733607	US	false_negative_candidate_miss	S3-892469647	S3		0.7
S1-188750129	India	false_negative_candidate_miss	S2-185805210	S2		0.7
S1-188750129	India	false_negative_candidate_miss	S3-877458110	S3		0.7
S1-188989900	India	false_negative_candidate_miss	S2-1223175	S2		0.7
S1-18902809	India	false_negative_candidate_miss	S2-27685564	S2		0.7
S1-18902809	India	false_negative_candidate_miss	S3-889788557	S3		0.7
S1-189433465	India	false_positive	S3-75084599	S3	0.98916303676160333	0.7
S1-189433465	India	false_negative_candidate_miss	S3-461792718	S3		0.7
S1-189563685	US	false_negative_below_threshold	S2-312535372	S2	0.047420529853980709	0.7
S1-189754722	US	false_negative_candidate_miss	S3-360115202	S3		0.7
S1-189786529	US	false_positive	S3-146745405	S3	0.77336206399098817	0.7
S1-189992826	US	false_negative_candidate_miss	S3-803143058	S3		0.7
S1-190267791	India	false_negative_candidate_miss	S2-897925786	S2		0.7
S1-190467733	India	false_positive	S2-649458945	S2	0.9993021371939742	0.7
S1-190467733	India	false_negative_candidate_miss	S2-964389360	S2		0.7
S1-190467733	India	false_negative_candidate_miss	S3-63562773	S3		0.7
S1-190467733	India	false_negative_candidate_miss	S3-742826721	S3		0.7
S1-19082059	India	false_negative_candidate_miss	S2-650979105	S2		0.7
S1-19111749	India	false_negative_candidate_miss	S3-746703135	S3		0.7
S1-191295000	US	false_negative_candidate_miss	S3-725404432	S3		0.7
S1-191342877	India	false_negative_candidate_miss	S3-537498987	S3		0.7
S1-192911043	US	false_negative_candidate_miss	S3-928891649	S3		0.7
S1-192964627	US	false_negative_candidate_miss	S2-377689697	S2		0.7
S1-193069383	India	false_negative_candidate_miss	S3-242868718	S3		0.7
S1-193389697	India	false_negative_candidate_miss	S2-263710949	S2		0.7
S1-193659627	US	false_negative_candidate_miss	S2-212375387	S2		0.7
S1-193742299	India	false_negative_candidate_miss	S2-417072297	S2		0.7
S1-193742299	India	false_negative_candidate_miss	S3-472417747	S3		0.7
S1-19394478	US	false_negative_candidate_miss	S3-799030948	S3		0.7
S1-194000777	India	false_negative_candidate_miss	S2-804012987	S2		0.7
S1-194000777	India	false_negative_candidate_miss	S3-127984236	S3		0.7
S1-194000777	India	false_negative_candidate_miss	S3-508071763	S3		0.7
S1-194000777	India	false_negative_candidate_miss	S3-824079740	S3		0.7
S1-19408017	US	false_negative_below_threshold	S2-861762844	S2	0.032585481863122122	0.7
S1-194171911	US	false_negative_below_threshold	S2-138906120	S2	0.5212422622587618	0.7
S1-194320113	US	false_negative_below_threshold	S3-716085106	S3	0.6568351874464623	0.7
S1-194443334	US	false_negative_candidate_miss	S2-333116077	S2		0.7
S1-194443334	US	false_negative_candidate_miss	S3-573215746	S3		0.7
S1-194513103	India	false_negative_candidate_miss	S2-514790380	S2		0.7
S1-194513103	India	false_negative_below_threshold	S3-427136698	S3	0.62400168128112754	0.7
S1-194513103	India	false_negative_candidate_miss	S3-452908164	S3		0.7
S1-19486019	India	false_negative_candidate_miss	S2-791159471	S2		0.7
S1-19486019	India	false_negative_candidate_miss	S3-731786860	S3		0.7
S1-194924926	US	false_negative_candidate_miss	S3-223176338	S3		0.7
S1-194924926	US	false_negative_candidate_miss	S3-761421404	S3		0.7
S1-19499518	US	false_negative_candidate_miss	S3-321037423	S3		0.7
S1-195084039	India	false_negative_below_threshold	S2-488211399	S2	0.57275679955354897	0.7
S1-195712982	India	false_negative_candidate_miss	S2-464092459	S2		0.7
S1-19606331	US	false_negative_candidate_miss	S2-971049856	S2		0.7
S1-19606331	US	false_negative_candidate_miss	S3-924747642	S3		0.7
S1-196437725	US	false_negative_candidate_miss	S3-480696572	S3		0.7
S1-196437725	US	false_negative_candidate_miss	S3-644813728	S3		0.7
S1-196473648	India	false_negative_candidate_miss	S2-439441804	S2		0.7
S1-196473648	India	false_negative_candidate_miss	S3-342137048	S3		0.7
S1-19669721	US	false_negative_candidate_miss	S2-474159626	S2		0.7
S1-196972558	US	false_negative_below_threshold	S3-914780724	S3	0.67419408563816308	0.7
S1-197659676	India	false_negative_candidate_miss	S2-881221855	S2		0.7
S1-197666067	US	false_positive	S2-821299795	S2	0.96795047195346851	0.7
S1-198287361	US	false_negative_candidate_miss	S2-501774913	S2		0.7
S1-198374607	US	false_negative_candidate_miss	S3-827178036	S3		0.7
S1-198483989	US	false_negative_candidate_miss	S2-633719369	S2		0.7
S1-199298321	India	false_negative_candidate_miss	S2-196648006	S2		0.7
S1-199819051	US	false_negative_candidate_miss	S2-590449843	S2		0.7
S1-200053974	India	false_negative_candidate_miss	S3-180554921	S3		0.7
S1-200053974	India	false_negative_candidate_miss	S3-779225655	S3		0.7
S1-200053974	India	false_negative_candidate_miss	S3-903327769	S3		0.7
S1-200088115	India	false_negative_below_threshold	S3-214063758	S3	0.60576548295695176	0.7
S1-200088115	India	false_negative_candidate_miss	S3-80781091	S3		0.7
S1-200088115	India	false_negative_candidate_miss	S3-966519580	S3		0.7
S1-200238573	US	false_negative_candidate_miss	S3-682671677	S3		0.7
S1-200275738	US	false_negative_candidate_miss	S3-239223545	S3		0.7
S1-200399093	US	false_negative_candidate_miss	S2-187580851	S2		0.7
S1-200399093	US	false_negative_candidate_miss	S3-2160421	S3		0.7
S1-200433517	India	false_negative_candidate_miss	S2-907638914	S2		0.7
S1-200459037	US	false_negative_candidate_miss	S3-664924861	S3		0.7
S1-200465733	India	false_negative_below_threshold	S3-194488901	S3	0.1272860660766171	0.7
S1-200524088	US	false_negative_candidate_miss	S2-498748888	S2		0.7
S1-20059851	US	false_negative_candidate_miss	S3-439207755	S3		0.7
S1-20059851	US	false_negative_candidate_miss	S3-748084621	S3		0.7
S1-200608277	India	false_negative_candidate_miss	S3-450309134	S3		0.7
S1-200687332	US	false_negative_candidate_miss	S3-19846218	S3		0.7
S1-20070189	US	false_negative_candidate_miss	S2-255187850	S2		0.7
S1-201061465	US	false_negative_below_threshold	S2-814755459	S2	0.58592492030730992	0.7
S1-201093943	India	false_negative_candidate_miss	S3-653502599	S3		0.7
S1-201093943	India	false_negative_candidate_miss	S3-97182292	S3		0.7
S1-201281971	US	false_negative_below_threshold	S3-901458636	S3	0.0017154745625673797	0.7
S1-201302527	US	false_negative_candidate_miss	S3-464152001	S3		0.7
S1-201318111	US	false_negative_candidate_miss	S3-657252892	S3		0.7
S1-201996687	India	false_negative_below_threshold	S2-713833141	S2	0.12483603917468318	0.7
S1-202149479	India	false_negative_candidate_miss	S3-987030214	S3		0.7
S1-202466724	India	false_negative_candidate_miss	S2-549281861	S2		0.7
S1-202685110	India	false_negative_candidate_miss	S2-918510343	S2		0.7
S1-202685110	India	false_negative_candidate_miss	S3-495510238	S3		0.7
S1-202685110	India	false_negative_candidate_miss	S3-710490819	S3		0.7
S1-202685110	India	false_negative_candidate_miss	S3-863285148	S3		0.7
S1-202839564	India	false_negative_below_threshold	S3-686876924	S3	0.34578236150250485	0.7
S1-202891810	US	false_negative_candidate_miss	S2-950542532	S2		0.7
S1-202891810	US	false_negative_candidate_miss	S3-575029727	S3		0.7
S1-203351514	India	false_negative_candidate_miss	S2-204103322	S2		0.7
S1-2035089	US	false_negative_below_threshold	S2-849751005	S2	0.47443706324809315	0.7
S1-203685922	India	false_negative_candidate_miss	S3-22701167	S3		0.7
S1-204092740	India	false_negative_candidate_miss	S2-811094947	S2		0.7
S1-204092740	India	false_negative_candidate_miss	S3-680411575	S3		0.7
S1-204400110	US	false_negative_candidate_miss	S2-41485580	S2		0.7
S1-204612505	India	false_positive	S2-476931257	S2	0.99084416748921667	0.7
S1-204897800	US	false_negative_candidate_miss	S3-238355109	S3		0.7
S1-204897800	US	false_negative_candidate_miss	S3-771871387	S3		0.7
S1-204945678	US	false_positive	S2-81843760	S2	0.91856401101851526	0.7
S1-204945678	US	false_negative_candidate_miss	S2-855597131	S2		0.7
S1-204970452	US	false_negative_candidate_miss	S2-858400352	S2		0.7
S1-204970452	US	false_negative_below_threshold	S3-627075609	S3	0.6568351874464623	0.7
S1-205054397	India	false_negative_candidate_miss	S2-930640058	S2		0.7
S1-205054397	India	false_negative_candidate_miss	S3-746464999	S3		0.7
S1-205162982	India	false_negative_candidate_miss	S2-381433580	S2		0.7
S1-205162982	India	false_negative_candidate_miss	S3-704143100	S3		0.7
S1-205292438	India	false_negative_candidate_miss	S2-299011923	S2		0.7
S1-205292438	India	false_negative_candidate_miss	S3-93401938	S3		0.7
S1-205381906	US	false_negative_candidate_miss	S3-399512874	S3		0.7
S1-205626437	US	false_negative_candidate_miss	S2-656579249	S2		0.7
S1-205741395	US	false_negative_candidate_miss	S3-925041119	S3		0.7
S1-205817690	India	false_negative_candidate_miss	S2-747221049	S2		0.7
S1-205907496	India	false_negative_candidate_miss	S2-697314911	S2		0.7
S1-206015125	US	false_positive	S3-663378325	S3	0.92933019473657419	0.7
S1-206078121	India	false_negative_candidate_miss	S2-270914243	S2		0.7
S1-206107158	US	false_negative_candidate_miss	S2-17961468	S2		0.7
S1-20611652	India	false_negative_below_threshold	S3-417919781	S3	0.53403601520430244	0.7
S1-206962482	India	false_negative_candidate_miss	S2-80727150	S2		0.7
S1-206962482	India	false_negative_candidate_miss	S3-654201469	S3		0.7
S1-206962482	India	false_negative_candidate_miss	S3-859701112	S3		0.7
S1-20702343	US	false_negative_candidate_miss	S2-604608752	S2		0.7
S1-207182703	US	false_negative_candidate_miss	S3-202199401	S3		0.7
S1-207366608	India	false_negative_candidate_miss	S2-308649821	S2		0.7
S1-207425914	US	false_negative_candidate_miss	S3-289394452	S3		0.7
S1-207944892	US	false_negative_candidate_miss	S2-586914706	S2		0.7
S1-208734363	India	false_negative_candidate_miss	S2-556190012	S2		0.7
S1-208856042	US	false_negative_candidate_miss	S2-844382645	S2		0.7
S1-208856042	US	false_negative_candidate_miss	S3-280173729	S3		0.7
S1-209178223	US	false_negative_candidate_miss	S2-592858656	S2		0.7
S1-209238330	India	false_negative_candidate_miss	S3-473158400	S3		0.7
S1-209803017	India	false_negative_candidate_miss	S2-898667644	S2		0.7
S1-209943658	US	false_negative_candidate_miss	S2-317833452	S2		0.7
S1-210213370	India	false_negative_candidate_miss	S2-538361441	S2		0.7
S1-210213370	India	false_negative_candidate_miss	S2-737213290	S2		0.7
S1-210331740	India	false_negative_candidate_miss	S2-959908260	S2		0.7
S1-210331740	India	false_negative_candidate_miss	S3-530660162	S3		0.7
S1-210683468	India	false_negative_candidate_miss	S2-546846799	S2		0.7
S1-210683468	India	false_negative_candidate_miss	S3-325479899	S3		0.7
S1-21072829	India	false_negative_candidate_miss	S2-126666091	S2		0.7
S1-21072829	India	false_negative_candidate_miss	S2-564203345	S2		0.7
S1-21072829	India	false_negative_candidate_miss	S3-424364355	S3		0.7
S1-21072829	India	false_negative_candidate_miss	S3-598966984	S3		0.7
S1-21072829	India	false_negative_candidate_miss	S3-603040283	S3		0.7
S1-210949944	US	false_negative_candidate_miss	S3-353296488	S3		0.7
S1-210949944	US	false_negative_below_threshold	S3-75584697	S3	0.20531524437963272	0.7
S1-210956336	India	false_negative_candidate_miss	S3-546413461	S3		0.7
S1-211109719	India	false_negative_candidate_miss	S3-215352794	S3		0.7
S1-21155298	India	false_negative_candidate_miss	S2-898887306	S2		0.7
S1-21155298	India	false_negative_candidate_miss	S3-829206202	S3		0.7
S1-211693478	US	false_positive	S3-175564896	S3	0.73081295466136087	0.7
S1-211865146	India	false_positive	S2-385173016	S2	0.73361240841469932	0.7
S1-212647982	India	false_negative_candidate_miss	S2-33172182	S2		0.7
S1-212647982	India	false_negative_candidate_miss	S3-289459618	S3		0.7
S1-212671720	India	false_negative_below_threshold	S3-328603632	S3	0.079490754649069045	0.7
S1-213654156	US	false_negative_candidate_miss	S3-147286686	S3		0.7
S1-213856959	India	false_negative_candidate_miss	S2-522778036	S2		0.7
S1-214089070	India	false_negative_candidate_miss	S2-174313329	S2		0.7
S1-214089070	India	false_negative_candidate_miss	S2-347765895	S2		0.7
S1-214089070	India	false_negative_candidate_miss	S3-538373432	S3		0.7
S1-214089070	India	false_negative_candidate_miss	S3-847633088	S3		0.7
S1-214089070	India	false_negative_candidate_miss	S3-863361757	S3		0.7
S1-214119873	India	false_positive	S2-23377028	S2	0.90138204064833483	0.7
S1-214119873	India	false_negative_candidate_miss	S2-36418364	S2		0.7
S1-214119873	India	false_negative_candidate_miss	S3-684081466	S3		0.7
S1-214561858	India	false_negative_candidate_miss	S2-804746244	S2		0.7
S1-214561858	India	false_negative_candidate_miss	S3-65260765	S3		0.7
S1-214833646	US	false_negative_candidate_miss	S3-103044900	S3		0.7
S1-214855023	US	false_negative_candidate_miss	S3-876208308	S3		0.7
S1-215172242	India	false_negative_candidate_miss	S2-554590087	S2		0.7
S1-215172242	India	false_negative_candidate_miss	S3-459553747	S3		0.7
S1-215287835	India	false_positive	S3-787123197	S3	0.77992370157807822	0.7
S1-215287835	India	false_negative_candidate_miss	S2-163507488	S2		0.7
S1-215287835	India	false_negative_candidate_miss	S2-210119504	S2		0.7
S1-215287835	India	false_negative_candidate_miss	S3-728506947	S3		0.7
S1-215412154	US	false_negative_below_threshold	S3-5639542	S3	0.6568351874464623	0.7
S1-215614638	India	false_negative_candidate_miss	S3-807033834	S3		0.7
S1-215906485	India	false_negative_candidate_miss	S2-903764391	S2		0.7
S1-215906485	India	false_negative_candidate_miss	S3-602215013	S3		0.7
S1-215906485	India	false_negative_candidate_miss	S3-965352486	S3		0.7
S1-215906485	India	false_negative_candidate_miss	S3-970374854	S3		0.7
S1-215976678	India	false_negative_candidate_miss	S3-555094307	S3		0.7
S1-215976678	India	false_negative_candidate_miss	S3-933415439	S3		0.7
S1-21600514	US	false_negative_candidate_miss	S3-60688693	S3		0.7
S1-216164376	India	false_negative_candidate_miss	S2-175039680	S2		0.7
S1-216164376	India	false_negative_candidate_miss	S2-197206006	S2		0.7
S1-216164376	India	false_negative_candidate_miss	S3-155617921	S3		0.7
S1-216757271	India	false_negative_candidate_miss	S2-92495371	S2		0.7
S1-216757271	India	false_negative_candidate_miss	S3-747980258	S3		0.7
S1-217145006	India	false_negative_candidate_miss	S3-869612238	S3		0.7
S1-217356187	US	false_negative_candidate_miss	S3-306851434	S3		0.7
S1-217356187	US	false_negative_candidate_miss	S3-611875257	S3		0.7
S1-217511486	India	false_negative_below_threshold	S2-200435206	S2	0.12806911786836905	0.7
S1-217511486	India	false_negative_below_threshold	S2-515129596	S2	0.40914662142437896	0.7
S1-217514473	US	false_negative_candidate_miss	S3-501362339	S3		0.7
S1-217573197	India	false_negative_candidate_miss	S2-623061485	S2		0.7
S1-217619754	US	false_negative_candidate_miss	S3-395939733	S3		0.7
S1-217619754	US	false_negative_candidate_miss	S3-730086673	S3		0.7
S1-217619754	US	false_negative_candidate_miss	S3-945639746	S3		0.7
S1-217852169	India	false_negative_candidate_miss	S3-354235945	S3		0.7
S1-217852169	India	false_negative_candidate_miss	S3-684822553	S3		0.7
S1-218833202	India	false_negative_candidate_miss	S2-470351264	S2		0.7
S1-218833202	India	false_negative_candidate_miss	S2-948366034	S2		0.7
S1-218847392	India	false_negative_candidate_miss	S2-134723493	S2		0.7
S1-218847392	India	false_negative_candidate_miss	S2-22310996	S2		0.7
S1-218847392	India	false_negative_candidate_miss	S3-327958997	S3		0.7
S1-218847392	India	false_negative_candidate_miss	S3-639467472	S3		0.7
S1-219352796	US	false_negative_candidate_miss	S3-732174428	S3		0.7
S1-219992968	India	false_negative_candidate_miss	S2-160541187	S2		0.7
S1-220306636	US	false_negative_candidate_miss	S3-581005062	S3		0.7
S1-220334981	India	false_negative_below_threshold	S3-474234569	S3	0.66272334692992252	0.7
S1-220334981	India	false_negative_below_threshold	S3-788838819	S3	0.64870978872006702	0.7
S1-220671528	India	false_negative_candidate_miss	S2-75708055	S2		0.7
S1-220671528	India	false_negative_candidate_miss	S2-783678131	S2		0.7
S1-220671528	India	false_negative_candidate_miss	S3-274680804	S3		0.7
S1-220671528	India	false_negative_candidate_miss	S3-327344501	S3		0.7
S1-220789044	India	false_negative_candidate_miss	S2-574736315	S2		0.7
S1-220789044	India	false_negative_candidate_miss	S3-691372178	S3		0.7
S1-220939043	US	false_negative_candidate_miss	S3-354211129	S3		0.7
S1-22143423	India	false_negative_candidate_miss	S2-981414382	S2		0.7
S1-22143423	India	false_negative_candidate_miss	S3-112896241	S3		0.7
S1-221922759	India	false_positive	S3-199532064	S3	0.9460377548702531	0.7
S1-221967607	India	false_negative_candidate_miss	S3-93810623	S3		0.7
S1-222654926	India	false_negative_candidate_miss	S2-738562625	S2		0.7
S1-222841077	US	false_negative_candidate_miss	S3-447084555	S3		0.7
S1-223181372	India	false_negative_candidate_miss	S2-59481960	S2		0.7
S1-223181372	India	false_negative_candidate_miss	S3-409455014	S3		0.7
S1-223181372	India	false_negative_candidate_miss	S3-907006983	S3		0.7
S1-22329674	US	false_positive	S2-73886243	S2	0.85520084445063871	0.7
S1-223463515	India	false_negative_candidate_miss	S3-270299717	S3		0.7
S1-223597510	US	false_negative_candidate_miss	S2-952071024	S2		0.7
S1-223597510	US	false_negative_candidate_miss	S3-332899676	S3		0.7
S1-224667099	India	false_positive	S3-730409286	S3	0.84559242543387891	0.7
S1-224667099	India	false_negative_candidate_miss	S3-617242173	S3		0.7
S1-224758078	US	false_negative_candidate_miss	S3-517455555	S3		0.7
S1-224821684	US	false_negative_candidate_miss	S3-702887841	S3		0.7
S1-224932196	US	false_negative_candidate_miss	S3-623723249	S3		0.7
S1-224932196	US	false_negative_candidate_miss	S3-898216436	S3		0.7
S1-225347033	India	false_negative_candidate_miss	S2-494490215	S2		0.7
S1-225347033	India	false_negative_candidate_miss	S3-21371730	S3		0.7
S1-225347033	India	false_negative_candidate_miss	S3-249892683	S3		0.7
S1-225352384	India	false_negative_candidate_miss	S2-279804237	S2		0.7
S1-225559925	US	false_negative_candidate_miss	S2-340446555	S2		0.7
S1-225559925	US	false_negative_candidate_miss	S2-568878542	S2		0.7
S1-225559925	US	false_negative_candidate_miss	S2-57399610	S2		0.7
S1-225569858	India	false_negative_candidate_miss	S2-341945618	S2		0.7
S1-225569858	India	false_negative_candidate_miss	S2-717904500	S2		0.7
S1-225569858	India	false_negative_candidate_miss	S3-150810490	S3		0.7
S1-225569858	India	false_negative_candidate_miss	S3-492475419	S3		0.7
S1-225628849	US	false_negative_candidate_miss	S2-546026722	S2		0.7
S1-225628849	US	false_negative_candidate_miss	S3-585348491	S3		0.7
S1-225890224	India	false_negative_candidate_miss	S2-469932532	S2		0.7
S1-225890224	India	false_negative_candidate_miss	S3-619374998	S3		0.7
S1-22606578	US	false_negative_candidate_miss	S2-291490505	S2		0.7
S1-226240251	India	false_negative_candidate_miss	S2-223154297	S2		0.7
S1-226240251	India	false_negative_candidate_miss	S3-834670361	S3		0.7
S1-226240251	India	false_negative_candidate_miss	S3-872921848	S3		0.7
S1-22627302	India	false_negative_candidate_miss	S2-599579549	S2		0.7
S1-227022492	India	false_negative_candidate_miss	S2-411192697	S2		0.7
S1-227022492	India	false_negative_below_threshold	S3-212874193	S3	0.6568351874464623	0.7
S1-227022492	India	false_negative_candidate_miss	S3-453218249	S3		0.7
S1-227048920	US	false_negative_candidate_miss	S3-913900271	S3		0.7
S1-227087367	India	false_negative_candidate_miss	S2-141299723	S2		0.7
S1-227182741	India	false_negative_candidate_miss	S2-346534633	S2		0.7
S1-227191645	US	false_negative_candidate_miss	S3-45025346	S3		0.7
S1-227530516	India	false_negative_candidate_miss	S2-265724035	S2		0.7
S1-227530516	India	false_negative_candidate_miss	S2-689661375	S2		0.7
S1-22769830	US	false_negative_below_threshold	S3-137797267	S3	0.24387117302578235	0.7
S1-228029151	India	false_negative_candidate_miss	S2-381067783	S2		0.7
S1-228029151	India	false_negative_candidate_miss	S3-556450165	S3		0.7
S1-228029151	India	false_negative_candidate_miss	S3-561470407	S3		0.7
S1-22817004	India	false_negative_candidate_miss	S2-277538456	S2		0.7
S1-22817004	India	false_negative_candidate_miss	S2-630916840	S2		0.7
S1-22817004	India	false_negative_candidate_miss	S2-879041715	S2		0.7
S1-228560060	India	false_negative_candidate_miss	S3-548452354	S3		0.7
S1-228560060	India	false_negative_candidate_miss	S3-755620453	S3		0.7
S1-229160661	India	false_negative_candidate_miss	S2-765598833	S2		0.7
S1-229379053	India	false_negative_candidate_miss	S2-33487154	S2		0.7
S1-229379053	India	false_negative_candidate_miss	S3-421011376	S3		0.7
S1-229379053	India	false_negative_candidate_miss	S3-815486844	S3		0.7
S1-229401231	India	false_negative_candidate_miss	S2-942371249	S2		0.7
S1-229635233	US	false_negative_candidate_miss	S3-541668000	S3		0.7
S1-229676846	India	false_negative_candidate_miss	S2-218092027	S2		0.7
S1-229676846	India	false_negative_candidate_miss	S2-806264717	S2		0.7
S1-230089291	India	false_positive	S2-594205905	S2	0.94581099820121117	0.7
S1-230324641	US	false_negative_candidate_miss	S2-519430214	S2		0.7
S1-230705656	US	false_negative_candidate_miss	S2-374901039	S2		0.7
S1-230705656	US	false_negative_candidate_miss	S2-938076600	S2		0.7
S1-231307284	US	false_negative_below_threshold	S3-477223375	S3	0.58205082006990549	0.7
S1-231371640	US	false_negative_below_threshold	S2-325294362	S2	0.49857699253235754	0.7
S1-231373343	US	false_negative_candidate_miss	S3-665233642	S3		0.7
S1-231479201	US	false_negative_candidate_miss	S3-524816912	S3		0.7
S1-231503481	US	false_negative_candidate_miss	S2-449711070	S2		0.7
S1-231503481	US	false_negative_candidate_miss	S3-234364442	S3		0.7
S1-232147083	India	false_negative_candidate_miss	S2-981228001	S2		0.7
S1-232147083	India	false_negative_candidate_miss	S3-599466994	S3		0.7
S1-232147083	India	false_negative_candidate_miss	S3-669258367	S3		0.7
S1-23279637	US	false_negative_candidate_miss	S3-693552857	S3		0.7
S1-23279637	US	false_negative_candidate_miss	S3-74356814	S3		0.7
S1-233419926	India	false_negative_candidate_miss	S2-10576892	S2		0.7
S1-233419926	India	false_negative_candidate_miss	S3-78274257	S3		0.7
S1-233419926	India	false_negative_candidate_miss	S3-849000832	S3		0.7
S1-233632317	India	false_negative_candidate_miss	S2-321361236	S2		0.7
S1-233632317	India	false_negative_candidate_miss	S2-472369716	S2		0.7
S1-233632317	India	false_negative_candidate_miss	S3-455447771	S3		0.7
S1-233632317	India	false_negative_candidate_miss	S3-851276241	S3		0.7
S1-233873901	India	false_negative_candidate_miss	S2-276872882	S2		0.7
S1-234024323	US	false_negative_candidate_miss	S2-299494514	S2		0.7
S1-234367564	India	false_positive	S3-620064044	S3	0.7820553922611535	0.7
S1-234367564	India	false_negative_candidate_miss	S2-417156020	S2		0.7
S1-23440268	India	false_negative_candidate_miss	S2-938830357	S2		0.7
S1-23440268	India	false_negative_candidate_miss	S3-874915725	S3		0.7
S1-234591096	US	false_negative_candidate_miss	S2-496655652	S2		0.7
S1-234591096	US	false_negative_candidate_miss	S3-627593378	S3		0.7
S1-234629018	India	false_negative_candidate_miss	S2-450585126	S2		0.7
S1-235078603	US	false_negative_candidate_miss	S2-989415830	S2		0.7
S1-235279701	India	false_negative_candidate_miss	S2-611007325	S2		0.7
S1-235279701	India	false_negative_candidate_miss	S3-324667459	S3		0.7
S1-23541491	India	false_negative_candidate_miss	S2-199686010	S2		0.7
S1-23541491	India	false_negative_candidate_miss	S3-666068844	S3		0.7
S1-23541491	India	false_negative_candidate_miss	S3-694646505	S3		0.7
S1-23541491	India	false_negative_candidate_miss	S3-971845997	S3		0.7
S1-235806428	India	false_negative_candidate_miss	S3-140580495	S3		0.7
S1-235985821	India	false_negative_candidate_miss	S2-134567620	S2		0.7
S1-235985821	India	false_negative_candidate_miss	S2-437027876	S2		0.7
S1-236390977	US	false_negative_candidate_miss	S3-20758861	S3		0.7
S1-236421067	India	false_negative_candidate_miss	S3-668657528	S3		0.7
S1-237136964	US	false_negative_candidate_miss	S3-390396370	S3		0.7
S1-237203890	US	false_negative_candidate_miss	S2-396836746	S2		0.7
S1-237365584	India	false_negative_below_threshold	S2-11591035	S2	0.58898431770877957	0.7
S1-237883620	India	false_negative_candidate_miss	S2-155208308	S2		0.7
S1-237883620	India	false_negative_candidate_miss	S3-664025532	S3		0.7
S1-238302049	India	false_negative_candidate_miss	S3-798811217	S3		0.7
S1-238532321	US	false_negative_candidate_miss	S2-243860016	S2		0.7
S1-238532321	US	false_negative_candidate_miss	S2-386070100	S2		0.7
S1-238532321	US	false_negative_below_threshold	S2-572681521	S2	0.65663735134966295	0.7
S1-238777243	US	false_negative_candidate_miss	S2-408332481	S2		0.7
S1-238777243	US	false_negative_candidate_miss	S2-989655408	S2		0.7
S1-238777243	US	false_negative_candidate_miss	S3-248866436	S3		0.7
S1-238777243	US	false_negative_candidate_miss	S3-981234159	S3		0.7
S1-238984502	India	false_negative_candidate_miss	S3-189718348	S3		0.7
S1-23899802	India	false_negative_candidate_miss	S2-109193694	S2		0.7
S1-239141629	US	false_negative_candidate_miss	S2-767217435	S2		0.7
S1-239141629	US	false_negative_candidate_miss	S3-848049488	S3		0.7
S1-239220133	US	false_negative_candidate_miss	S3-747863494	S3		0.7
S1-239310409	US	false_negative_candidate_miss	S3-719690200	S3		0.7
S1-239456859	US	false_negative_candidate_miss	S2-86838223	S2		0.7
S1-239616085	India	false_negative_candidate_miss	S2-366831002	S2		0.7
S1-239616085	India	false_negative_candidate_miss	S2-782976526	S2		0.7
S1-240032180	India	false_negative_candidate_miss	S3-182542030	S3		0.7
S1-240032180	India	false_negative_candidate_miss	S3-530317247	S3		0.7
S1-240032180	India	false_negative_candidate_miss	S3-714845948	S3		0.7
S1-240416738	India	false_negative_candidate_miss	S3-632610910	S3		0.7
S1-2410053	US	false_negative_candidate_miss	S2-162157754	S2		0.7
S1-241298783	India	false_negative_candidate_miss	S2-666896106	S2		0.7
S1-241298783	India	false_negative_candidate_miss	S3-367500000	S3		0.7
S1-241372566	US	false_negative_candidate_miss	S3-407968716	S3		0.7
S1-241572897	US	false_negative_below_threshold	S2-736540125	S2	0.27767116177659007	0.7
S1-241682633	US	false_negative_candidate_miss	S3-504761028	S3		0.7
S1-242195616	US	false_negative_candidate_miss	S3-231933259	S3		0.7
S1-242581820	India	false_negative_candidate_miss	S2-229032507	S2		0.7
S1-242581820	India	false_negative_candidate_miss	S3-403207728	S3		0.7
S1-242581820	India	false_negative_candidate_miss	S3-869265178	S3		0.7
S1-243280879	India	false_negative_candidate_miss	S2-126675590	S2		0.7
S1-243280879	India	false_negative_candidate_miss	S3-429677666	S3		0.7
S1-243280879	India	false_negative_candidate_miss	S3-664918993	S3		0.7
S1-243280879	India	false_negative_candidate_miss	S3-901706989	S3		0.7
S1-243485935	US	false_negative_candidate_miss	S3-789437469	S3		0.7
S1-243485935	US	false_negative_candidate_miss	S3-923059070	S3		0.7
S1-243536202	US	false_negative_candidate_miss	S3-436126042	S3		0.7
S1-243589255	US	false_negative_below_threshold	S2-533188695	S2	0.30150247046438122	0.7
S1-244149950	India	false_negative_candidate_miss	S3-618516217	S3		0.7
S1-244165984	US	false_negative_candidate_miss	S2-382229388	S2		0.7
S1-244165984	US	false_negative_candidate_miss	S3-681346893	S3		0.7
S1-244719199	India	false_negative_candidate_miss	S2-162356541	S2		0.7
S1-244719199	India	false_negative_candidate_miss	S2-821066281	S2		0.7
S1-244719199	India	false_negative_candidate_miss	S3-889262723	S3		0.7
S1-244927923	US	false_negative_candidate_miss	S2-44609749	S2		0.7
S1-245022174	India	false_negative_candidate_miss	S2-403253411	S2		0.7
S1-245143286	US	false_negative_candidate_miss	S3-273597631	S3		0.7
S1-245297914	India	false_negative_candidate_miss	S2-876043888	S2		0.7
S1-245297914	India	false_negative_candidate_miss	S3-720436956	S3		0.7
S1-245297914	India	false_negative_candidate_miss	S3-818095160	S3		0.7
S1-24542387	India	false_positive	S3-530937741	S3	0.78065539581077914	0.7
S1-24542387	India	false_negative_candidate_miss	S3-56997619	S3		0.7
S1-245625417	India	false_negative_candidate_miss	S3-216376060	S3		0.7
S1-245704969	India	false_negative_candidate_miss	S3-427175891	S3		0.7
S1-245789661	India	false_negative_candidate_miss	S3-277329289	S3		0.7
S1-245974313	US	false_negative_candidate_miss	S2-262296297	S2		0.7
S1-245974313	US	false_negative_candidate_miss	S3-298580226	S3		0.7
S1-246119197	US	false_negative_candidate_miss	S3-130334822	S3		0.7
S1-246990585	India	false_negative_candidate_miss	S2-781152275	S2		0.7
S1-246990585	India	false_negative_candidate_miss	S3-966940098	S3		0.7
S1-247096415	India	false_negative_candidate_miss	S2-334103512	S2		0.7
S1-247473120	India	false_negative_candidate_miss	S3-283333462	S3		0.7
S1-247473120	India	false_negative_candidate_miss	S3-336771046	S3		0.7
S1-247694691	India	false_negative_candidate_miss	S2-67332156	S2		0.7
S1-247694691	India	false_negative_candidate_miss	S3-106209883	S3		0.7
S1-247694691	India	false_negative_candidate_miss	S3-507532147	S3		0.7
S1-247951871	US	false_negative_candidate_miss	S3-220844838	S3		0.7
S1-248036675	US	false_negative_candidate_miss	S2-867659478	S2		0.7
S1-248036675	US	false_negative_candidate_miss	S3-746355742	S3		0.7
S1-248419542	India	false_negative_candidate_miss	S3-440180372	S3		0.7
S1-248435113	US	false_negative_candidate_miss	S3-170833860	S3		0.7
S1-248447202	US	false_negative_candidate_miss	S2-432846329	S2		0.7
S1-248722140	India	false_negative_candidate_miss	S2-297673327	S2		0.7
S1-248722140	India	false_negative_candidate_miss	S3-80415312	S3		0.7
S1-248773084	India	false_negative_candidate_miss	S2-15825443	S2		0.7
S1-248773084	India	false_negative_candidate_miss	S2-260326360	S2		0.7
S1-248773084	India	false_negative_candidate_miss	S2-310697436	S2		0.7
S1-248773084	India	false_negative_candidate_miss	S2-576796917	S2		0.7
S1-249159244	India	false_positive	S2-852945377	S2	0.84278869928282873	0.7
S1-249318007	India	false_negative_candidate_miss	S2-870113387	S2		0.7
S1-249318007	India	false_negative_candidate_miss	S3-437162223	S3		0.7
S1-249419543	US	false_negative_candidate_miss	S2-498213126	S2		0.7
S1-249419543	US	false_negative_candidate_miss	S2-501558624	S2		0.7
S1-249419543	US	false_negative_candidate_miss	S2-829374708	S2		0.7
S1-249690074	US	false_negative_candidate_miss	S2-386542585	S2		0.7
S1-249905005	India	false_negative_candidate_miss	S2-112201309	S2		0.7
S1-249905005	India	false_negative_candidate_miss	S2-788522885	S2		0.7
S1-250376767	US	false_negative_candidate_miss	S2-23853955	S2		0.7
S1-250376767	US	false_negative_candidate_miss	S3-68071027	S3		0.7
S1-250509798	US	false_negative_below_threshold	S3-997423811	S3	0.076657994482312836	0.7
S1-250595837	US	false_negative_below_threshold	S2-658800657	S2	0.69760695592721889	0.7
S1-250838109	US	false_negative_candidate_miss	S3-795351594	S3		0.7
S1-25110839	US	false_positive	S2-421470907	S2	0.85730711716652375	0.7
S1-251776555	US	false_negative_below_threshold	S3-574282650	S3	0.36356835417369771	0.7
S1-251860241	India	false_negative_candidate_miss	S3-491740605	S3		0.7
S1-25188399	India	false_negative_candidate_miss	S2-657940222	S2		0.7
S1-25188399	India	false_negative_candidate_miss	S2-849549175	S2		0.7
S1-25188399	India	false_negative_candidate_miss	S3-120727376	S3		0.7
S1-252422011	India	false_negative_candidate_miss	S2-293507753	S2		0.7
S1-252422011	India	false_negative_candidate_miss	S2-312571576	S2		0.7
S1-252422011	India	false_negative_candidate_miss	S3-470631928	S3		0.7
S1-252589107	India	false_negative_candidate_miss	S2-898974565	S2		0.7
S1-252696525	India	false_negative_candidate_miss	S2-221079703	S2		0.7
S1-252696525	India	false_negative_candidate_miss	S2-472294772	S2		0.7
S1-252696525	India	false_negative_candidate_miss	S2-576454407	S2		0.7
S1-252696525	India	false_negative_candidate_miss	S3-526671425	S3		0.7
S1-253006268	India	false_negative_candidate_miss	S2-882180383	S2		0.7
S1-25323666	US	false_negative_candidate_miss	S3-776875773	S3		0.7
S1-253338508	US	false_negative_below_threshold	S2-267624036	S2	0.69861126593315981	0.7
S1-253727146	India	false_negative_candidate_miss	S2-970130259	S2		0.7
S1-253727146	India	false_negative_candidate_miss	S3-187241425	S3		0.7
S1-253876717	India	false_negative_candidate_miss	S2-330317270	S2		0.7
S1-253876717	India	false_negative_candidate_miss	S2-345176496	S2		0.7
S1-253876717	India	false_negative_candidate_miss	S2-868356641	S2		0.7
S1-253876717	India	false_negative_candidate_miss	S3-322002901	S3		0.7
S1-254378820	US	false_negative_candidate_miss	S2-818027179	S2		0.7
S1-254378820	US	false_negative_candidate_miss	S3-719789884	S3		0.7
S1-2544851	US	false_negative_candidate_miss	S2-812639545	S2		0.7
S1-2544851	US	false_negative_below_threshold	S3-277594402	S3	0.49679015400677479	0.7
S1-254599862	US	false_negative_candidate_miss	S3-252580204	S3		0.7
S1-254599862	US	false_negative_candidate_miss	S3-506115306	S3		0.7
S1-254775134	US	false_negative_below_threshold	S3-283995765	S3	0.43573779395035256	0.7
S1-255372702	US	false_negative_candidate_miss	S2-915929723	S2		0.7
S1-255372702	US	false_negative_candidate_miss	S2-987342048	S2		0.7
S1-255840684	India	false_negative_candidate_miss	S3-409311851	S3		0.7
S1-256389931	India	false_negative_candidate_miss	S3-827649976	S3		0.7
S1-256413943	US	false_negative_candidate_miss	S3-639668113	S3		0.7
S1-256439469	India	false_negative_candidate_miss	S3-913948536	S3		0.7
S1-256736735	US	false_negative_candidate_miss	S2-808834696	S2		0.7
S1-257133987	US	false_negative_candidate_miss	S3-844448446	S3		0.7
S1-2575456	India	false_negative_candidate_miss	S3-42300974	S3		0.7
S1-258402896	US	false_negative_candidate_miss	S2-392057957	S2		0.7
S1-258573774	US	false_negative_candidate_miss	S3-31301831	S3		0.7
S1-258694349	India	false_negative_candidate_miss	S2-200012702	S2		0.7
S1-258694349	India	false_negative_candidate_miss	S2-66241657	S2		0.7
S1-258694349	India	false_negative_candidate_miss	S3-535103655	S3		0.7
S1-258694349	India	false_negative_candidate_miss	S3-742646606	S3		0.7
S1-258823598	India	false_negative_candidate_miss	S2-689725441	S2		0.7
S1-258823598	India	false_negative_candidate_miss	S2-947359793	S2		0.7
S1-258823598	India	false_negative_candidate_miss	S3-382294033	S3		0.7
S1-258823598	India	false_negative_candidate_miss	S3-49014838	S3		0.7
S1-259007132	India	false_negative_candidate_miss	S3-125642681	S3		0.7
S1-259407014	US	false_negative_candidate_miss	S3-810221078	S3		0.7
S1-259734226	India	false_negative_candidate_miss	S3-613199822	S3		0.7
S1-259734226	India	false_negative_candidate_miss	S3-929991638	S3		0.7
S1-260094454	US	false_negative_candidate_miss	S2-533322193	S2		0.7
S1-260094454	US	false_negative_candidate_miss	S3-447067887	S3		0.7
S1-260094454	US	false_negative_candidate_miss	S3-620723456	S3		0.7
S1-260237275	US	false_negative_candidate_miss	S3-562764005	S3		0.7
S1-260392892	US	false_negative_candidate_miss	S2-513129884	S2		0.7
S1-260392892	US	false_negative_candidate_miss	S3-249539112	S3		0.7
S1-26057708	US	false_negative_candidate_miss	S3-892684506	S3		0.7
S1-260808231	US	false_negative_candidate_miss	S3-110628132	S3		0.7
S1-260808231	US	false_negative_candidate_miss	S3-64046393	S3		0.7
S1-261348682	India	false_negative_candidate_miss	S2-929892559	S2		0.7
S1-261604722	India	false_negative_candidate_miss	S2-446554113	S2		0.7
S1-261604722	India	false_negative_candidate_miss	S3-329941743	S3		0.7
S1-261604722	India	false_negative_candidate_miss	S3-355169030	S3		0.7
S1-261604722	India	false_negative_candidate_miss	S3-730960386	S3		0.7
S1-261741950	India	false_negative_candidate_miss	S3-278345505	S3		0.7
S1-261741950	India	false_negative_candidate_miss	S3-794758558	S3		0.7
S1-261741950	India	false_negative_candidate_miss	S3-947172343	S3		0.7
S1-261749438	US	false_negative_candidate_miss	S2-840368703	S2		0.7
S1-261749438	US	false_negative_candidate_miss	S3-717697160	S3		0.7
S1-261753984	US	false_positive	S2-80368872	S2	0.85520084445063871	0.7
S1-26176999	India	false_negative_candidate_miss	S2-718315138	S2		0.7
S1-26176999	India	false_negative_candidate_miss	S3-101940786	S3		0.7
S1-261922116	India	false_negative_candidate_miss	S2-278300627	S2		0.7
S1-261922116	India	false_negative_candidate_miss	S2-292739449	S2		0.7
S1-261922116	India	false_negative_candidate_miss	S2-72552105	S2		0.7
S1-262017605	India	false_negative_candidate_miss	S2-582178414	S2		0.7
S1-262017605	India	false_negative_candidate_miss	S2-767339612	S2		0.7
S1-262017605	India	false_negative_candidate_miss	S3-706889711	S3		0.7
S1-262017605	India	false_negative_candidate_miss	S3-881946594	S3		0.7
S1-26215051	India	false_negative_below_threshold	S2-946782462	S2	0.62779394590329796	0.7
S1-262200056	India	false_negative_candidate_miss	S2-948327211	S2		0.7
S1-262200056	India	false_negative_candidate_miss	S3-961648357	S3		0.7
S1-262400607	US	false_negative_below_threshold	S3-126406453	S3	0.49950833425045699	0.7
S1-262400607	US	false_negative_below_threshold	S3-992988526	S3	0.69872412779565751	0.7
S1-263010827	India	false_negative_candidate_miss	S2-839427866	S2		0.7
S1-263010827	India	false_negative_candidate_miss	S3-25306894	S3		0.7
S1-263010827	India	false_negative_candidate_miss	S3-339129017	S3		0.7
S1-263054023	India	false_negative_candidate_miss	S2-565097203	S2		0.7
S1-263054023	India	false_negative_candidate_miss	S2-741383257	S2		0.7
S1-263054023	India	false_negative_candidate_miss	S3-701344274	S3		0.7
S1-263185138	US	false_negative_candidate_miss	S3-743833208	S3		0.7
S1-263379475	India	false_positive	S2-957574754	S2	0.99702434971008602	0.7
S1-263379475	India	false_negative_candidate_miss	S3-711179124	S3		0.7
S1-263421309	US	false_negative_candidate_miss	S3-472583242	S3		0.7
S1-263826570	India	false_negative_candidate_miss	S3-113097380	S3		0.7
S1-263826570	India	false_negative_candidate_miss	S3-479537443	S3		0.7
S1-263826570	India	false_negative_candidate_miss	S3-937943604	S3		0.7
S1-264257336	India	false_negative_below_threshold	S3-574688326	S3	0.060797382258141505	0.7
S1-264806098	India	false_negative_candidate_miss	S3-259145406	S3		0.7
S1-264821773	US	false_negative_candidate_miss	S2-395775084	S2		0.7
S1-264821773	US	false_negative_candidate_miss	S3-368387696	S3		0.7
S1-26488993	India	false_negative_candidate_miss	S2-222495565	S2		0.7
S1-26488993	India	false_negative_candidate_miss	S2-867131510	S2		0.7
S1-265198515	India	false_negative_below_threshold	S3-869541745	S3	0.31304466194540909	0.7
S1-2657001	India	false_negative_candidate_miss	S2-358861974	S2		0.7
S1-2657001	India	false_negative_candidate_miss	S3-256650559	S3		0.7
S1-265896044	US	false_negative_candidate_miss	S3-91884936	S3		0.7
S1-266042195	India	false_negative_candidate_miss	S3-550970597	S3		0.7
S1-266180764	India	false_negative_candidate_miss	S2-63306580	S2		0.7
S1-266180764	India	false_negative_candidate_miss	S2-845143965	S2		0.7
S1-266180764	India	false_negative_candidate_miss	S3-452138809	S3		0.7
S1-266180764	India	false_negative_candidate_miss	S3-626062511	S3		0.7
S1-266180764	India	false_negative_candidate_miss	S3-896355456	S3		0.7
S1-266180764	India	false_negative_candidate_miss	S3-969217417	S3		0.7
S1-266266784	US	false_positive	S2-440569156	S2	0.90573622084572325	0.7
S1-266266784	US	false_negative_candidate_miss	S2-187598914	S2		0.7
S1-266266784	US	false_negative_candidate_miss	S3-573804452	S3		0.7
S1-266376889	India	false_negative_candidate_miss	S2-370153016	S2		0.7
S1-266376889	India	false_negative_candidate_miss	S2-388012541	S2		0.7
S1-266376889	India	false_negative_candidate_miss	S2-44540612	S2		0.7
S1-266376889	India	false_negative_candidate_miss	S2-766938534	S2		0.7
S1-266376889	India	false_negative_candidate_miss	S3-717138705	S3		0.7
S1-266376889	India	false_negative_candidate_miss	S3-719677669	S3		0.7
S1-266552529	India	false_negative_candidate_miss	S3-541619506	S3		0.7
S1-267070847	US	false_negative_below_threshold	S2-589724119	S2	0.52476057735208859	0.7
S1-267424534	US	false_negative_candidate_miss	S2-771053089	S2		0.7
S1-268536445	India	false_negative_candidate_miss	S2-163131326	S2		0.7
S1-268536445	India	false_negative_candidate_miss	S2-971305123	S2		0.7
S1-268628310	US	false_negative_candidate_miss	S2-166531619	S2		0.7
S1-268684172	India	false_negative_candidate_miss	S3-725068424	S3		0.7
S1-268940190	US	false_negative_below_threshold	S3-161970229	S3	0.61345389500138292	0.7
S1-26924522	US	false_negative_candidate_miss	S2-960839026	S2		0.7
S1-269427818	India	false_negative_candidate_miss	S2-21803482	S2		0.7
S1-269427818	India	false_negative_candidate_miss	S2-548380890	S2		0.7
S1-269427818	India	false_negative_candidate_miss	S3-578969026	S3		0.7
S1-269427818	India	false_negative_candidate_miss	S3-849774082	S3		0.7
S1-270163314	US	false_negative_candidate_miss	S2-200229630	S2		0.7
S1-270211493	India	false_positive	S2-314898693	S2	0.79565426662687455	0.7
S1-270211493	India	false_positive	S3-145232168	S3	0.81260444099550866	0.7
S1-270211493	India	false_positive	S3-330762692	S3	0.9756038303548924	0.7
S1-270211493	India	false_positive	S3-362457917	S3	0.99284695799384215	0.7
S1-270211493	India	false_positive	S3-920088667	S3	0.75298350296335659	0.7
S1-270211493	India	false_negative_below_threshold	S3-531953266	S3	0.60856595434477245	0.7
S1-270382651	US	false_positive	S3-680534548	S3	0.98612194482855209	0.7
S1-270382651	US	false_negative_candidate_miss	S3-398814134	S3		0.7
S1-27045597	US	false_negative_below_threshold	S2-923382295	S2	0.58592492030730992	0.7
S1-270532023	India	false_negative_candidate_miss	S2-640097850	S2		0.7
S1-270532023	India	false_negative_candidate_miss	S3-345479560	S3		0.7
S1-270629057	US	false_negative_candidate_miss	S2-892523567	S2		0.7
S1-271480231	India	false_negative_candidate_miss	S2-381484898	S2		0.7
S1-271533005	India	false_negative_candidate_miss	S2-379870981	S2		0.7
S1-271533005	India	false_negative_candidate_miss	S3-874129422	S3		0.7
S1-271778702	India	false_negative_candidate_miss	S3-659987552	S3		0.7
S1-271872713	India	false_negative_candidate_miss	S2-334151967	S2		0.7
S1-271872713	India	false_negative_candidate_miss	S2-901908306	S2		0.7
S1-271872713	India	false_negative_candidate_miss	S3-629628757	S3		0.7
S1-272419625	India	false_negative_below_threshold	S2-692664784	S2	0.49531302964203427	0.7
S1-27254659	India	false_negative_candidate_miss	S3-778072971	S3		0.7
S1-272903540	India	false_negative_candidate_miss	S2-915928770	S2		0.7
S1-272995390	US	false_negative_candidate_miss	S2-638962794	S2		0.7
S1-273116504	India	false_negative_candidate_miss	S2-139428843	S2		0.7
S1-273116504	India	false_negative_candidate_miss	S2-84515335	S2		0.7
S1-273116504	India	false_negative_candidate_miss	S3-316908320	S3		0.7
S1-273536282	US	false_negative_candidate_miss	S2-861830344	S2		0.7
S1-273554418	US	false_negative_candidate_miss	S2-651909648	S2		0.7
S1-27376699	US	false_negative_candidate_miss	S3-426732644	S3		0.7
S1-274244703	India	false_negative_candidate_miss	S2-472757750	S2		0.7
S1-274244703	India	false_negative_candidate_miss	S3-347089170	S3		0.7
S1-274244703	India	false_negative_candidate_miss	S3-470369485	S3		0.7
S1-274559466	India	false_negative_candidate_miss	S3-696316487	S3		0.7
S1-274711318	US	false_negative_below_threshold	S2-660305646	S2	0.58592492030730992	0.7
S1-27520611	US	false_negative_below_threshold	S2-814342582	S2	0.01819730182722008	0.7
S1-275207191	US	false_negative_candidate_miss	S2-243944217	S2		0.7
S1-275334016	US	false_negative_candidate_miss	S3-870823072	S3		0.7
S1-276032209	India	false_negative_candidate_miss	S3-559511449	S3		0.7
S1-276219696	US	false_negative_candidate_miss	S2-263894893	S2		0.7
S1-276237995	US	false_negative_candidate_miss	S2-82372750	S2		0.7
S1-27637098	India	false_negative_candidate_miss	S2-36023761	S2		0.7
S1-27637098	India	false_negative_candidate_miss	S2-572014286	S2		0.7
S1-27637098	India	false_negative_candidate_miss	S3-651255458	S3		0.7
S1-276484273	India	false_negative_candidate_miss	S2-556649548	S2		0.7
S1-276484273	India	false_negative_candidate_miss	S3-177807503	S3		0.7
S1-276484273	India	false_negative_candidate_miss	S3-261834808	S3		0.7
S1-276828870	US	false_negative_below_threshold	S3-6935234	S3	0.030667791063660906	0.7
S1-27796491	India	false_negative_candidate_miss	S3-171194616	S3		0.7
S1-27796491	India	false_negative_candidate_miss	S3-323632667	S3		0.7
S1-277990552	India	false_negative_candidate_miss	S2-18980465	S2		0.7
S1-277990552	India	false_negative_candidate_miss	S2-267589673	S2		0.7
S1-278245286	India	false_negative_candidate_miss	S3-508470030	S3		0.7
S1-278370324	US	false_negative_candidate_miss	S3-230740477	S3		0.7
S1-278390703	India	false_negative_candidate_miss	S3-810655305	S3		0.7
S1-278638280	US	false_positive_singleton	S3-320471346	S3	0.92163871464303004	0.7
S1-278835681	US	false_negative_candidate_miss	S2-507569212	S2		0.7
S1-278835681	US	false_negative_candidate_miss	S2-907627571	S2		0.7
S1-2790767	US	false_negative_candidate_miss	S3-323092655	S3		0.7
S1-2790767	US	false_negative_candidate_miss	S3-720086182	S3		0.7
S1-279489470	India	false_negative_candidate_miss	S3-336587370	S3		0.7
S1-279489470	India	false_negative_candidate_miss	S3-529296462	S3		0.7
S1-279489470	India	false_negative_below_threshold	S3-646735610	S3	0.6568351874464623	0.7
S1-280227262	India	false_negative_candidate_miss	S2-783891785	S2		0.7
S1-281262890	US	false_negative_below_threshold	S3-252691468	S3	0.32890063340677017	0.7
S1-281621104	India	false_negative_candidate_miss	S2-912629009	S2		0.7
S1-281621104	India	false_negative_candidate_miss	S3-76388672	S3		0.7
S1-281623375	US	false_positive	S2-490321450	S2	0.85520084445063871	0.7
S1-281623375	US	false_negative_candidate_miss	S2-481929417	S2		0.7
S1-281623375	US	false_negative_candidate_miss	S3-734142411	S3		0.7
S1-281769315	India	false_negative_candidate_miss	S3-206427129	S3		0.7
S1-28183062	India	false_negative_candidate_miss	S2-535872057	S2		0.7
S1-28183062	India	false_negative_candidate_miss	S3-881620863	S3		0.7
S1-281871316	US	false_negative_candidate_miss	S3-766181150	S3		0.7
S1-282326542	US	false_negative_candidate_miss	S3-665841118	S3		0.7
S1-282699510	India	false_negative_candidate_miss	S2-283264817	S2		0.7
S1-282699510	India	false_negative_candidate_miss	S2-567179652	S2		0.7
S1-282699510	India	false_negative_candidate_miss	S3-817860982	S3		0.7
S1-282699510	India	false_negative_candidate_miss	S3-855293018	S3		0.7
S1-283132929	US	false_negative_candidate_miss	S2-851920888	S2		0.7
S1-283734479	US	false_negative_candidate_miss	S2-720551685	S2		0.7
S1-283734479	US	false_negative_candidate_miss	S3-58528433	S3		0.7
S1-28387170	India	false_negative_candidate_miss	S2-112248088	S2		0.7
S1-28387170	India	false_negative_candidate_miss	S3-467282931	S3		0.7
S1-28387170	India	false_negative_candidate_miss	S3-829799821	S3		0.7
S1-283896680	India	false_negative_candidate_miss	S2-7602629	S2		0.7
S1-283972214	India	false_negative_candidate_miss	S2-981040970	S2		0.7
S1-284539865	India	false_negative_candidate_miss	S2-495287287	S2		0.7
S1-284539865	India	false_negative_candidate_miss	S3-916134087	S3		0.7
S1-284648529	US	false_negative_candidate_miss	S3-641039274	S3		0.7
S1-284664439	India	false_negative_candidate_miss	S2-490977665	S2		0.7
S1-284836483	US	false_negative_below_threshold	S2-368072730	S2	0.31220730375389255	0.7
S1-285100643	India	false_negative_below_threshold	S2-861569809	S2	0.42257206973417616	0.7
S1-285127429	US	false_positive	S3-576300002	S3	0.89054869197366582	0.7
S1-285131426	India	false_negative_candidate_miss	S2-742304520	S2		0.7
S1-285131426	India	false_negative_candidate_miss	S2-748910373	S2		0.7
S1-285131426	India	false_negative_candidate_miss	S3-830913347	S3		0.7
S1-285214266	India	false_negative_candidate_miss	S2-229527662	S2		0.7
S1-285214266	India	false_negative_candidate_miss	S3-226166829	S3		0.7
S1-285391300	India	false_negative_candidate_miss	S2-268649336	S2		0.7
S1-285391300	India	false_negative_candidate_miss	S2-810567978	S2		0.7
S1-285391300	India	false_negative_candidate_miss	S3-418468300	S3		0.7
S1-285391300	India	false_negative_candidate_miss	S3-847638291	S3		0.7
S1-285438930	India	false_negative_candidate_miss	S3-408338368	S3		0.7
S1-285438930	India	false_negative_candidate_miss	S3-772540696	S3		0.7
S1-285452257	India	false_negative_candidate_miss	S3-86981801	S3		0.7
S1-285703834	India	false_negative_candidate_miss	S2-351986619	S2		0.7
S1-285703834	India	false_negative_candidate_miss	S2-48107937	S2		0.7
S1-285703834	India	false_negative_candidate_miss	S2-892932287	S2		0.7
S1-285845071	US	false_negative_candidate_miss	S2-857477476	S2		0.7
S1-286053838	India	false_negative_candidate_miss	S2-807661091	S2		0.7
S1-286053838	India	false_negative_candidate_miss	S3-602986802	S3		0.7
S1-286071587	US	false_negative_candidate_miss	S2-860775946	S2		0.7
S1-28609476	India	false_negative_candidate_miss	S3-195888683	S3		0.7
S1-286436190	US	false_negative_candidate_miss	S3-448897516	S3		0.7
S1-286713876	US	false_negative_candidate_miss	S2-238696885	S2		0.7
S1-286729025	India	false_negative_candidate_miss	S2-409617114	S2		0.7
S1-286729025	India	false_negative_candidate_miss	S3-911742540	S3		0.7
S1-286823576	India	false_negative_candidate_miss	S2-182309736	S2		0.7
S1-28713016	US	false_negative_candidate_miss	S3-550046710	S3		0.7
S1-287746552	US	false_negative_candidate_miss	S2-829313507	S2		0.7
S1-287807654	US	false_negative_candidate_miss	S2-160184429	S2		0.7
S1-288677696	US	false_negative_candidate_miss	S2-682747722	S2		0.7
S1-289129326	India	false_negative_candidate_miss	S3-193675022	S3		0.7
S1-289129326	India	false_negative_candidate_miss	S3-839088343	S3		0.7
S1-289225022	India	false_negative_candidate_miss	S3-287633299	S3		0.7
S1-289876831	India	false_positive	S3-14021140	S3	0.91661300578601435	0.7
S1-289876831	India	false_negative_candidate_miss	S2-851723724	S2		0.7
S1-289876831	India	false_negative_candidate_miss	S2-882736817	S2		0.7
S1-290808800	India	false_negative_candidate_miss	S2-200766123	S2		0.7
S1-290808800	India	false_negative_candidate_miss	S2-601797204	S2		0.7
S1-290969362	US	false_negative_candidate_miss	S2-904370862	S2		0.7
S1-290989975	US	false_negative_below_threshold	S2-934541222	S2	0.49979800292794463	0.7
S1-291496400	US	false_positive	S3-432881499	S3	0.8628827384518668	0.7
S1-291505402	US	false_negative_below_threshold	S2-124855117	S2	0.61402552519846831	0.7
S1-291564144	US	false_negative_candidate_miss	S2-422273115	S2		0.7
S1-291633217	India	false_negative_candidate_miss	S2-50301419	S2		0.7
S1-291633217	India	false_negative_candidate_miss	S3-65067950	S3		0.7
S1-291633217	India	false_negative_candidate_miss	S3-810210657	S3		0.7
S1-291641952	US	false_negative_below_threshold	S2-756520319	S2	0.58592492030730992	0.7
S1-291882640	US	false_negative_candidate_miss	S3-938620924	S3		0.7
S1-292022926	India	false_negative_below_threshold	S3-765434341	S3	0.49508717020045473	0.7
S1-292071867	US	false_negative_candidate_miss	S3-959983064	S3		0.7
S1-292100391	India	false_negative_candidate_miss	S3-146564824	S3		0.7
S1-292100391	India	false_negative_candidate_miss	S3-696435792	S3		0.7
S1-292202522	US	false_negative_candidate_miss	S2-415880044	S2		0.7
S1-292202522	US	false_negative_candidate_miss	S3-191813249	S3		0.7
S1-29226841	India	false_negative_candidate_miss	S3-239103889	S3		0.7
S1-292694681	US	false_negative_candidate_miss	S2-873679686	S2		0.7
S1-29282206	India	false_negative_candidate_miss	S3-275558067	S3		0.7
S1-29283990	US	false_negative_candidate_miss	S3-359180403	S3		0.7
S1-29307478	US	false_negative_candidate_miss	S3-424686578	S3		0.7
S1-29307478	US	false_negative_candidate_miss	S3-82348602	S3		0.7
S1-293530134	US	false_negative_candidate_miss	S3-501974120	S3		0.7
S1-294218113	US	false_negative_candidate_miss	S2-91990410	S2		0.7
S1-294264674	US	false_negative_candidate_miss	S2-831570760	S2		0.7
S1-29476513	India	false_negative_candidate_miss	S2-160154200	S2		0.7
S1-294865850	India	false_negative_candidate_miss	S2-525909767	S2		0.7
S1-294865850	India	false_negative_below_threshold	S3-216244393	S3	0.10465602349352267	0.7
S1-295405573	India	false_negative_candidate_miss	S2-777364257	S2		0.7
S1-295571987	India	false_negative_candidate_miss	S3-458586660	S3		0.7
S1-295588057	US	false_negative_candidate_miss	S2-917740032	S2		0.7
S1-295657493	India	false_negative_candidate_miss	S2-50446138	S2		0.7
S1-296022321	India	false_negative_candidate_miss	S3-206360760	S3		0.7
S1-296056134	India	false_negative_candidate_miss	S2-846660377	S2		0.7
S1-29635885	India	false_negative_candidate_miss	S2-49310808	S2		0.7
S1-29635885	India	false_negative_candidate_miss	S3-237061721	S3		0.7
S1-29635885	India	false_negative_candidate_miss	S3-560515470	S3		0.7
S1-29635885	India	false_negative_below_threshold	S3-854956060	S3	0.66072202877907249	0.7
S1-296807530	India	false_negative_candidate_miss	S2-741306069	S2		0.7
S1-296807530	India	false_negative_candidate_miss	S3-206216132	S3		0.7
S1-297417377	US	false_negative_candidate_miss	S2-770848541	S2		0.7
S1-297591791	US	false_negative_candidate_miss	S2-476456676	S2		0.7
S1-297758429	US	false_negative_candidate_miss	S3-168778454	S3		0.7
S1-29816960	US	false_negative_candidate_miss	S3-937344777	S3		0.7
S1-298568685	India	false_negative_candidate_miss	S3-905781832	S3		0.7
S1-298792921	US	false_negative_below_threshold	S2-379230319	S2	0.21714435835966478	0.7
S1-299037571	India	false_negative_candidate_miss	S2-160144700	S2		0.7
S1-299794645	India	false_negative_candidate_miss	S2-164921990	S2		0.7
S1-299794645	India	false_negative_candidate_miss	S2-418956446	S2		0.7
S1-299794645	India	false_negative_candidate_miss	S3-556975707	S3		0.7
S1-299948117	India	false_negative_candidate_miss	S2-173780145	S2		0.7
S1-299948117	India	false_negative_candidate_miss	S3-252802442	S3		0.7
S1-299948117	India	false_negative_candidate_miss	S3-832294829	S3		0.7
S1-300328453	US	false_positive	S2-50769953	S2	0.99833745619922776	0.7
S1-300328453	US	false_negative_candidate_miss	S2-657939903	S2		0.7
S1-300328453	US	false_negative_candidate_miss	S3-365515764	S3		0.7
S1-300400530	US	false_negative_candidate_miss	S3-249151607	S3		0.7
S1-300669730	India	false_negative_candidate_miss	S2-478496198	S2		0.7
S1-300669730	India	false_negative_candidate_miss	S3-55905355	S3		0.7
S1-300786481	India	false_negative_below_threshold	S3-199312570	S3	0.46672402054116452	0.7
S1-300876191	India	false_negative_candidate_miss	S2-889075515	S2		0.7
S1-300876889	India	false_negative_candidate_miss	S2-164452527	S2		0.7
S1-300876889	India	false_negative_candidate_miss	S2-733556594	S2		0.7
S1-300876889	India	false_negative_candidate_miss	S2-862434530	S2		0.7
S1-300876889	India	false_negative_candidate_miss	S3-138583707	S3		0.7
S1-300876889	India	false_negative_candidate_miss	S3-230558282	S3		0.7
S1-300890621	US	false_negative_candidate_miss	S2-968301307	S2		0.7
S1-300978753	US	false_negative_candidate_miss	S2-985524707	S2		0.7
S1-301144124	India	false_negative_below_threshold	S3-479948161	S3	0.26579502907222163	0.7
S1-301286009	US	false_positive	S2-322019374	S2	0.85520084445063871	0.7
S1-301286009	US	false_positive	S3-991482609	S3	0.88705841056877277	0.7
S1-301286009	US	false_negative_candidate_miss	S3-669638962	S3		0.7
S1-301286009	US	false_negative_candidate_miss	S3-897288065	S3		0.7
S1-301286009	US	false_negative_candidate_miss	S3-990890702	S3		0.7
S1-301664284	US	false_negative_candidate_miss	S2-221611283	S2		0.7
S1-302122973	US	false_negative_candidate_miss	S2-39512645	S2		0.7
S1-302122973	US	false_negative_candidate_miss	S2-828481246	S2		0.7
S1-302155210	India	false_negative_candidate_miss	S3-268368946	S3		0.7
S1-302288589	India	false_negative_candidate_miss	S2-103255784	S2		0.7
S1-302288589	India	false_negative_candidate_miss	S3-529578943	S3		0.7
S1-302314600	US	false_negative_candidate_miss	S3-816984191	S3		0.7
S1-303031294	India	false_negative_candidate_miss	S2-221543370	S2		0.7
S1-303031294	India	false_negative_candidate_miss	S2-329975695	S2		0.7
S1-303346198	India	false_negative_candidate_miss	S2-785408259	S2		0.7
S1-304092020	India	false_negative_candidate_miss	S3-534463037	S3		0.7
S1-304323817	US	false_negative_candidate_miss	S2-173877090	S2		0.7
S1-304448488	US	false_positive	S3-173164174	S3	0.86998872342606826	0.7
S1-304448488	US	false_negative_candidate_miss	S3-459041660	S3		0.7
S1-305096537	India	false_negative_candidate_miss	S2-176325493	S2		0.7
S1-305237037	US	false_negative_candidate_miss	S2-83107050	S2		0.7
S1-305389548	US	false_positive	S2-894224273	S2	0.7133872598737111	0.7
S1-305768290	India	false_negative_candidate_miss	S3-64579430	S3		0.7
S1-305866156	US	false_negative_candidate_miss	S3-292639678	S3		0.7
S1-305936913	India	false_negative_candidate_miss	S2-884240222	S2		0.7
S1-305995927	India	false_negative_candidate_miss	S2-320858027	S2		0.7
S1-305995927	India	false_negative_candidate_miss	S2-351569158	S2		0.7
S1-305995927	India	false_negative_candidate_miss	S3-806814157	S3		0.7
S1-306033262	India	false_negative_candidate_miss	S3-327138737	S3		0.7
S1-306033262	India	false_negative_candidate_miss	S3-384203916	S3		0.7
S1-306033262	India	false_negative_candidate_miss	S3-580845900	S3		0.7
S1-306033262	India	false_negative_candidate_miss	S3-664460318	S3		0.7
S1-306070067	India	false_negative_candidate_miss	S3-24395530	S3		0.7
S1-306070067	India	false_negative_candidate_miss	S3-883980139	S3		0.7
S1-306120155	US	false_negative_candidate_miss	S2-132650557	S2		0.7
S1-306130718	India	false_negative_candidate_miss	S2-21894751	S2		0.7
S1-306130718	India	false_negative_candidate_miss	S2-274071546	S2		0.7
S1-306130718	India	false_negative_candidate_miss	S2-353911381	S2		0.7
S1-306130718	India	false_negative_candidate_miss	S2-721212737	S2		0.7
S1-306130718	India	false_negative_candidate_miss	S3-689810314	S3		0.7
S1-306250293	US	false_negative_below_threshold	S2-912639459	S2	0.56175907054683027	0.7
S1-306409530	India	false_negative_candidate_miss	S2-811430381	S2		0.7
S1-306409530	India	false_negative_candidate_miss	S3-121788235	S3		0.7
S1-306409530	India	false_negative_candidate_miss	S3-459186241	S3		0.7
S1-306409530	India	false_negative_candidate_miss	S3-9594117	S3		0.7
S1-306455194	India	false_positive	S3-318859135	S3	0.84745205901953269	0.7
S1-306561778	US	false_negative_below_threshold	S2-958446391	S2	0.62476953710500094	0.7
S1-30668171	India	false_positive	S3-661309861	S3	0.91252766476626224	0.7
S1-306883970	India	false_positive	S3-972362626	S3	0.77377566534785724	0.7
S1-306901692	India	false_negative_candidate_miss	S2-806463452	S2		0.7
S1-306901692	India	false_negative_candidate_miss	S3-561801051	S3		0.7
S1-306928907	US	false_negative_candidate_miss	S2-571658788	S2		0.7
S1-307438272	India	false_negative_candidate_miss	S2-927467059	S2		0.7
S1-307616136	US	false_negative_below_threshold	S3-892108503	S3	0.63652037248129101	0.7
S1-307807302	India	false_negative_candidate_miss	S2-392491281	S2		0.7
S1-307807302	India	false_negative_candidate_miss	S2-778899231	S2		0.7
S1-307807302	India	false_negative_candidate_miss	S3-674460764	S3		0.7
S1-307865951	India	false_negative_candidate_miss	S3-663122844	S3		0.7
S1-308095948	US	false_negative_candidate_miss	S2-257339021	S2		0.7
S1-308865264	US	false_negative_candidate_miss	S3-789588549	S3		0.7
S1-308965715	India	false_negative_candidate_miss	S2-780178549	S2		0.7
S1-309205560	US	false_negative_candidate_miss	S2-102637825	S2		0.7
S1-309205560	US	false_negative_candidate_miss	S2-438940830	S2		0.7
S1-309724749	US	false_positive	S3-1965570	S3	0.9027492015277282	0.7
S1-3098927	US	false_negative_candidate_miss	S3-435954761	S3		0.7
S1-310161164	US	false_negative_candidate_miss	S2-375282893	S2		0.7
S1-310252833	India	false_negative_candidate_miss	S2-862083797	S2		0.7
S1-310312059	India	false_negative_candidate_miss	S3-861576381	S3		0.7
S1-310506364	India	false_negative_candidate_miss	S2-257691422	S2		0.7
S1-310506364	India	false_negative_candidate_miss	S3-288351610	S3		0.7
S1-310506364	India	false_negative_candidate_miss	S3-342921330	S3		0.7
S1-310508899	US	false_positive	S3-110303014	S3	0.71435545701614056	0.7
S1-310508899	US	false_negative_candidate_miss	S3-533280	S3		0.7
S1-311336804	India	false_negative_candidate_miss	S2-830146589	S2		0.7
S1-311336804	India	false_negative_candidate_miss	S3-55265174	S3		0.7
S1-311336804	India	false_negative_candidate_miss	S3-762952351	S3		0.7
S1-311336804	India	false_negative_candidate_miss	S3-790327379	S3		0.7
S1-311782177	India	false_positive	S3-11201452	S3	0.9480272608770931	0.7
S1-311782177	India	false_negative_candidate_miss	S2-352345541	S2		0.7
S1-311794209	US	false_negative_candidate_miss	S3-234157336	S3		0.7
S1-312276729	US	false_negative_below_threshold	S2-714308532	S2	0.13321400581516757	0.7
S1-312748192	US	false_negative_candidate_miss	S3-737767820	S3		0.7
S1-313077173	India	false_negative_candidate_miss	S2-3931735	S2		0.7
S1-313606347	US	false_negative_below_threshold	S3-61477461	S3	0.3566402470090409	0.7
S1-313645318	US	false_negative_below_threshold	S2-222804870	S2	0.53467155770239949	0.7
S1-314077219	India	false_negative_candidate_miss	S2-922443202	S2		0.7
S1-314077219	India	false_negative_candidate_miss	S3-533799701	S3		0.7
S1-314151770	India	false_negative_candidate_miss	S2-624135725	S2		0.7
S1-314151770	India	false_negative_candidate_miss	S3-682187536	S3		0.7
S1-314213922	US	false_negative_below_threshold	S2-806671056	S2	0.58592492030730992	0.7
S1-314213922	US	false_negative_candidate_miss	S3-998649588	S3		0.7
S1-31423601	India	false_negative_candidate_miss	S2-376373592	S2		0.7
S1-314404696	India	false_negative_candidate_miss	S2-426038635	S2		0.7
S1-314404696	India	false_negative_candidate_miss	S2-506382469	S2		0.7
S1-314404696	India	false_negative_candidate_miss	S3-217189036	S3		0.7
S1-31446691	US	false_negative_candidate_miss	S2-913219080	S2		0.7
S1-31446691	US	false_negative_candidate_miss	S3-353325162	S3		0.7
S1-31446691	US	false_negative_candidate_miss	S3-928773317	S3		0.7
S1-31449789	India	false_negative_candidate_miss	S3-819334240	S3		0.7
S1-314578035	US	false_positive	S2-415681233	S2	0.73307418330314833	0.7
S1-314578035	US	false_negative_below_threshold	S2-470415875	S2	0.58592492030730992	0.7
S1-314578035	US	false_negative_candidate_miss	S3-652590978	S3		0.7
S1-314699541	India	false_negative_candidate_miss	S2-577667125	S2		0.7
S1-314699541	India	false_negative_candidate_miss	S2-66223382	S2		0.7
S1-314699541	India	false_negative_candidate_miss	S3-241867971	S3		0.7
S1-314711826	India	false_negative_candidate_miss	S3-744825855	S3		0.7
S1-314769427	India	false_negative_candidate_miss	S3-187819948	S3		0.7
S1-314908598	India	false_negative_candidate_miss	S3-766037106	S3		0.7
S1-314925887	US	false_negative_candidate_miss	S2-436639071	S2		0.7
S1-314980773	US	false_negative_candidate_miss	S3-64249182	S3		0.7
S1-315171811	US	false_negative_candidate_miss	S2-72156421	S2		0.7
S1-315205739	India	false_negative_candidate_miss	S2-446499614	S2		0.7
S1-315235058	India	false_negative_candidate_miss	S2-699926259	S2		0.7
S1-315445670	India	false_negative_candidate_miss	S2-515121953	S2		0.7
S1-315445670	India	false_negative_candidate_miss	S2-625361981	S2		0.7
S1-315445670	India	false_negative_candidate_miss	S2-707383868	S2		0.7
S1-315464764	US	false_negative_candidate_miss	S3-752621614	S3		0.7
S1-315883355	US	false_negative_candidate_miss	S2-933928421	S2		0.7
S1-316893725	US	false_positive	S3-494551217	S3	0.92933019473657419	0.7
S1-31693245	India	false_negative_candidate_miss	S2-181561021	S2		0.7
S1-31693245	India	false_negative_candidate_miss	S3-935314972	S3		0.7
S1-317121052	US	false_negative_candidate_miss	S3-186980237	S3		0.7
S1-317121052	US	false_negative_candidate_miss	S3-711966432	S3		0.7
S1-317203836	US	false_negative_candidate_miss	S2-354133512	S2		0.7
S1-317270071	US	false_negative_below_threshold	S3-506254376	S3	0.24921751351999238	0.7
S1-317299708	US	false_negative_candidate_miss	S3-99223945	S3		0.7
S1-317650301	US	false_negative_candidate_miss	S2-681044912	S2		0.7
S1-317650301	US	false_negative_candidate_miss	S3-311463039	S3		0.7
S1-317840372	India	false_negative_candidate_miss	S2-293405937	S2		0.7
S1-317882852	India	false_negative_candidate_miss	S2-351841342	S2		0.7
S1-317884947	US	false_negative_candidate_miss	S3-153224650	S3		0.7
S1-318110179	US	false_negative_candidate_miss	S3-629068333	S3		0.7
S1-318110179	US	false_negative_candidate_miss	S3-80700122	S3		0.7
S1-318465217	India	false_negative_candidate_miss	S2-501673627	S2		0.7
S1-318465217	India	false_negative_candidate_miss	S2-687746059	S2		0.7
S1-318470028	US	false_negative_candidate_miss	S3-558084268	S3		0.7
S1-318470028	US	false_negative_below_threshold	S3-942022726	S3	0.68738992735636439	0.7
S1-318697949	US	false_negative_candidate_miss	S3-188877888	S3		0.7
S1-318742986	India	false_negative_below_threshold	S3-665036439	S3	0.36702114035390893	0.7
S1-318795887	US	false_negative_below_threshold	S3-712896434	S3	0.6568351874464623	0.7
S1-319001300	US	false_negative_candidate_miss	S3-300050149	S3		0.7
S1-319001300	US	false_negative_candidate_miss	S3-873824410	S3		0.7
S1-319293646	US	false_negative_candidate_miss	S2-419498297	S2		0.7
S1-319403922	India	false_negative_candidate_miss	S2-374360154	S2		0.7
S1-319403922	India	false_negative_candidate_miss	S2-708392500	S2		0.7
S1-319546646	India	false_negative_candidate_miss	S2-509489862	S2		0.7
S1-319570720	US	false_negative_candidate_miss	S2-64212105	S2		0.7
S1-319570720	US	false_negative_candidate_miss	S3-382767577	S3		0.7
S1-319640177	India	false_negative_candidate_miss	S2-790827957	S2		0.7
S1-319640177	India	false_negative_candidate_miss	S3-610531752	S3		0.7
S1-31971345	US	false_positive	S3-729638237	S3	0.90060284557126535	0.7
S1-319806419	India	false_negative_candidate_miss	S3-118686522	S3		0.7
S1-320336869	US	false_negative_candidate_miss	S3-352850836	S3		0.7
S1-320905430	India	false_negative_below_threshold	S3-511419175	S3	0.25764403872991443	0.7
S1-320905430	India	false_negative_candidate_miss	S3-920880288	S3		0.7
S1-320958539	India	false_negative_candidate_miss	S2-458883434	S2		0.7
S1-320958539	India	false_negative_candidate_miss	S2-661056676	S2		0.7
S1-321406507	US	false_positive	S3-146969212	S3	0.92933019473657419	0.7
S1-321744528	US	false_negative_candidate_miss	S2-309044377	S2		0.7
S1-321744528	US	false_negative_candidate_miss	S3-206384015	S3		0.7
S1-321966281	US	false_negative_candidate_miss	S3-923856294	S3		0.7
S1-321969425	India	false_negative_candidate_miss	S3-365975586	S3		0.7
S1-321969425	India	false_negative_candidate_miss	S3-920843622	S3		0.7
S1-322263285	US	false_negative_candidate_miss	S3-753523018	S3		0.7
S1-32283142	US	false_negative_candidate_miss	S2-653364359	S2		0.7
S1-323041722	US	false_negative_candidate_miss	S3-25457184	S3		0.7
S1-324105558	US	false_negative_candidate_miss	S3-84166540	S3		0.7
S1-32418426	India	false_negative_candidate_miss	S3-88087112	S3		0.7
S1-324294122	India	false_negative_candidate_miss	S2-680753518	S2		0.7
S1-324385909	US	false_negative_below_threshold	S2-668026831	S2	0.046575696143090234	0.7
S1-324578366	US	false_negative_candidate_miss	S3-889422190	S3		0.7
S1-324953019	US	false_negative_candidate_miss	S3-122809235	S3		0.7
S1-325224946	India	false_negative_candidate_miss	S2-175955318	S2		0.7
S1-325224946	India	false_negative_candidate_miss	S3-683673414	S3		0.7
S1-325224946	India	false_negative_candidate_miss	S3-749636818	S3		0.7
S1-325224946	India	false_negative_candidate_miss	S3-928134693	S3		0.7
S1-325435336	India	false_negative_candidate_miss	S3-905307950	S3		0.7
S1-325817858	US	false_negative_below_threshold	S3-803706910	S3	0.5661652104981163	0.7
S1-32598930	India	false_negative_candidate_miss	S2-467542381	S2		0.7
S1-326016269	US	false_negative_candidate_miss	S3-25361269	S3		0.7
S1-326046028	US	false_negative_candidate_miss	S3-28681856	S3		0.7
S1-326046028	US	false_negative_candidate_miss	S3-413095785	S3		0.7
S1-327127250	US	false_negative_candidate_miss	S2-943913242	S2		0.7
S1-32715505	India	false_negative_below_threshold	S3-917674552	S3	0.19289575797098102	0.7
S1-327240726	India	false_negative_candidate_miss	S2-400756568	S2		0.7
S1-327312864	US	false_negative_candidate_miss	S3-991004905	S3		0.7
S1-327975404	US	false_negative_candidate_miss	S2-685141327	S2		0.7
S1-328124515	India	false_negative_candidate_miss	S2-693102292	S2		0.7
S1-328166874	US	false_positive_singleton	S2-415681233	S2	0.73307418330314833	0.7
S1-328948175	US	false_negative_candidate_miss	S2-967528501	S2		0.7
S1-329097224	US	false_negative_candidate_miss	S3-488910621	S3		0.7
S1-329097224	US	false_negative_candidate_miss	S3-91747896	S3		0.7
S1-329325992	US	false_negative_candidate_miss	S3-224294867	S3		0.7
S1-329325992	US	false_negative_candidate_miss	S3-556078532	S3		0.7
S1-329584055	India	false_negative_candidate_miss	S2-590254225	S2		0.7
S1-329584055	India	false_negative_candidate_miss	S3-6563393	S3		0.7
S1-329687538	India	false_negative_candidate_miss	S2-801772014	S2		0.7
S1-329906863	India	false_negative_candidate_miss	S2-255310259	S2		0.7
S1-329906863	India	false_negative_candidate_miss	S3-694720338	S3		0.7
S1-329906863	India	false_negative_candidate_miss	S3-929241352	S3		0.7
S1-330100403	US	false_negative_candidate_miss	S2-896688942	S2		0.7
S1-330133339	India	false_negative_candidate_miss	S2-68451878	S2		0.7
S1-330133339	India	false_negative_candidate_miss	S3-644865893	S3		0.7
S1-330566785	India	false_negative_candidate_miss	S2-31149102	S2		0.7
S1-330566785	India	false_negative_candidate_miss	S2-649910135	S2		0.7
S1-330566785	India	false_negative_candidate_miss	S3-784406690	S3		0.7
S1-330659852	India	false_negative_candidate_miss	S2-971617195	S2		0.7
S1-331023482	India	false_negative_candidate_miss	S2-256486390	S2		0.7
S1-331023482	India	false_negative_candidate_miss	S2-972874278	S2		0.7
S1-331023482	India	false_negative_candidate_miss	S3-896911172	S3		0.7
S1-331879045	US	false_negative_candidate_miss	S2-352107527	S2		0.7
S1-331961663	US	false_positive	S2-977604222	S2	0.89560981109848714	0.7
S1-332193317	India	false_negative_candidate_miss	S3-257996217	S3		0.7
S1-33246394	India	false_negative_candidate_miss	S2-226152027	S2		0.7
S1-33246394	India	false_negative_candidate_miss	S3-274052982	S3		0.7
S1-332526014	US	false_negative_below_threshold	S2-443503410	S2	0.48409226864088162	0.7
S1-332665284	India	false_positive	S3-30015333	S3	0.92933019473657419	0.7
S1-332665284	India	false_negative_candidate_miss	S2-676416290	S2		0.7
S1-332684552	India	false_negative_below_threshold	S3-687917645	S3	0.6568351874464623	0.7
S1-332838751	US	false_negative_candidate_miss	S2-921851368	S2		0.7
S1-333032633	US	false_negative_candidate_miss	S3-38598823	S3		0.7
S1-333939668	India	false_negative_below_threshold	S3-897980079	S3	0.49199514010966799	0.7
S1-334232187	US	false_positive	S3-254964721	S3	0.92933019473657419	0.7
S1-334232187	US	false_negative_candidate_miss	S3-671722337	S3		0.7
S1-334490836	US	false_negative_candidate_miss	S2-923815638	S2		0.7
S1-334490836	US	false_negative_candidate_miss	S3-734373765	S3		0.7
S1-334490836	US	false_negative_candidate_miss	S3-971761736	S3		0.7
S1-334557805	US	false_negative_candidate_miss	S3-175862925	S3		0.7
S1-334557805	US	false_negative_candidate_miss	S3-575598832	S3		0.7
S1-334658736	India	false_negative_candidate_miss	S2-336352498	S2		0.7
S1-335051338	India	false_negative_candidate_miss	S2-529102344	S2		0.7
S1-335051338	India	false_negative_candidate_miss	S3-592263538	S3		0.7
S1-335116476	India	false_negative_candidate_miss	S2-549367114	S2		0.7
S1-335116476	India	false_negative_candidate_miss	S3-891924730	S3		0.7
S1-3352419	US	false_negative_candidate_miss	S3-481536204	S3		0.7
S1-335372586	India	false_negative_below_threshold	S2-567239810	S2	0.30014652608418296	0.7
S1-335499925	India	false_negative_candidate_miss	S2-595508236	S2		0.7
S1-335504330	US	false_negative_candidate_miss	S3-190296731	S3		0.7
S1-335648039	US	false_negative_candidate_miss	S2-373696571	S2		0.7
S1-335648039	US	false_negative_candidate_miss	S3-746374373	S3		0.7
S1-335733094	India	false_positive	S3-727305802	S3	0.77438272879613634	0.7
S1-335733094	India	false_negative_candidate_miss	S3-333922782	S3		0.7
S1-335776862	US	false_positive	S2-848499483	S2	0.87489813745825606	0.7
S1-335981026	India	false_negative_candidate_miss	S2-587058905	S2		0.7
S1-335981026	India	false_negative_candidate_miss	S3-380543647	S3		0.7
S1-335981026	India	false_negative_candidate_miss	S3-477745567	S3		0.7
S1-335981026	India	false_negative_candidate_miss	S3-545403104	S3		0.7
S1-3359940	India	false_negative_candidate_miss	S2-880950200	S2		0.7
S1-3359940	India	false_negative_candidate_miss	S3-790129240	S3		0.7
S1-336479342	India	false_positive	S3-29940157	S3	0.91250431002344656	0.7
S1-33700214	India	false_negative_candidate_miss	S2-22901429	S2		0.7
S1-337017748	India	false_negative_candidate_miss	S2-91154999	S2		0.7
S1-337350184	US	false_negative_below_threshold	S2-661431662	S2	0.59561593454829609	0.7
S1-337608018	US	false_negative_candidate_miss	S3-947511549	S3		0.7
S1-337818433	US	false_negative_candidate_miss	S2-950482563	S2		0.7
S1-337818433	US	false_negative_candidate_miss	S3-672496006	S3		0.7
S1-337818433	US	false_negative_below_threshold	S3-826043021	S3	0.6568351874464623	0.7
S1-33829514	India	false_negative_candidate_miss	S3-201188488	S3		0.7
S1-338951893	US	false_negative_below_threshold	S3-921596935	S3	0.68626812565231898	0.7
S1-339005715	India	false_negative_candidate_miss	S3-792973326	S3		0.7
S1-339020464	India	false_negative_candidate_miss	S2-933230008	S2		0.7
S1-339020464	India	false_negative_candidate_miss	S3-370699682	S3		0.7
S1-339470778	US	false_negative_candidate_miss	S3-743925804	S3		0.7
S1-339876341	US	false_negative_candidate_miss	S3-566804095	S3		0.7
S1-339876341	US	false_negative_below_threshold	S3-704787248	S3	0.51223698554362185	0.7
S1-339876341	US	false_negative_candidate_miss	S3-771657263	S3		0.7
S1-340085318	India	false_negative_candidate_miss	S2-273226411	S2		0.7
S1-340218199	India	false_negative_candidate_miss	S2-626907441	S2		0.7
S1-340218199	India	false_negative_candidate_miss	S2-763756709	S2		0.7
S1-340218199	India	false_negative_candidate_miss	S3-244877862	S3		0.7
S1-340242779	US	false_negative_candidate_miss	S3-660723850	S3		0.7
S1-340883028	US	false_negative_candidate_miss	S3-158817458	S3		0.7
S1-340883028	US	false_negative_candidate_miss	S3-508587342	S3		0.7
S1-341134846	US	false_positive	S2-558552163	S2	0.85520084445063871	0.7
S1-341134846	US	false_negative_candidate_miss	S2-474496373	S2		0.7
S1-341618217	India	false_negative_candidate_miss	S3-683935406	S3		0.7
S1-341682567	US	false_negative_candidate_miss	S3-951720814	S3		0.7
S1-341746431	India	false_negative_candidate_miss	S2-96876909	S2		0.7
S1-341766082	India	false_negative_candidate_miss	S2-581359311	S2		0.7
S1-341766082	India	false_negative_candidate_miss	S2-59692392	S2		0.7
S1-341766082	India	false_negative_candidate_miss	S3-651593991	S3		0.7
S1-342115092	US	false_negative_candidate_miss	S3-460498577	S3		0.7
S1-342482613	India	false_negative_candidate_miss	S2-967033347	S2		0.7
S1-342482613	India	false_negative_candidate_miss	S3-244420610	S3		0.7
S1-342579299	India	false_negative_candidate_miss	S2-579433255	S2		0.7
S1-342617322	India	false_negative_below_threshold	S3-160552223	S3	0.6568351874464623	0.7
S1-343106780	India	false_negative_candidate_miss	S2-203084647	S2		0.7
S1-343106780	India	false_negative_candidate_miss	S2-256379531	S2		0.7
S1-343106780	India	false_negative_candidate_miss	S3-875707832	S3		0.7
S1-343657049	India	false_negative_candidate_miss	S2-238934927	S2		0.7
S1-343657049	India	false_negative_candidate_miss	S2-932814027	S2		0.7
S1-343666025	US	false_negative_candidate_miss	S2-59252805	S2		0.7
S1-343666025	US	false_negative_candidate_miss	S3-465322440	S3		0.7
S1-343666025	US	false_negative_candidate_miss	S3-497148901	S3		0.7
S1-343666025	US	false_negative_below_threshold	S3-612027423	S3	0.62650748154166014	0.7
S1-343844062	US	false_negative_candidate_miss	S2-119186291	S2		0.7
S1-343844062	US	false_negative_candidate_miss	S2-725044893	S2		0.7
S1-343844062	US	false_negative_candidate_miss	S2-803999110	S2		0.7
S1-343844062	US	false_negative_candidate_miss	S3-444896639	S3		0.7
S1-343844062	US	false_negative_candidate_miss	S3-817875327	S3		0.7
S1-344089520	India	false_negative_candidate_miss	S3-976451332	S3		0.7
S1-344155557	India	false_negative_candidate_miss	S2-392496547	S2		0.7
S1-344155557	India	false_negative_candidate_miss	S2-540266950	S2		0.7
S1-344615917	India	false_positive_singleton	S3-864875806	S3	0.9567057831521204	0.7
S1-344670919	India	false_negative_candidate_miss	S2-194278897	S2		0.7
S1-344670919	India	false_negative_candidate_miss	S3-132999867	S3		0.7
S1-345060893	US	false_negative_candidate_miss	S2-309446876	S2		0.7
S1-345632809	US	false_negative_below_threshold	S2-225123723	S2	0.68634440820964016	0.7
S1-34574916	US	false_negative_candidate_miss	S3-425136955	S3		0.7
S1-346067924	US	false_negative_below_threshold	S3-643448110	S3	0.65067072447486241	0.7
S1-346189153	India	false_negative_below_threshold	S2-555592287	S2	0.078606744091474792	0.7
S1-346202064	US	false_negative_candidate_miss	S3-976603415	S3		0.7
S1-346317666	India	false_negative_candidate_miss	S2-840977691	S2		0.7
S1-346317666	India	false_negative_candidate_miss	S3-30353636	S3		0.7
S1-346317666	India	false_negative_candidate_miss	S3-73563426	S3		0.7
S1-346658860	US	false_negative_candidate_miss	S3-480246849	S3		0.7
S1-347057039	India	false_negative_candidate_miss	S2-284131444	S2		0.7
S1-347057039	India	false_negative_candidate_miss	S2-506478166	S2		0.7
S1-347057039	India	false_negative_candidate_miss	S3-19108479	S3		0.7
S1-347307262	India	false_negative_candidate_miss	S2-458630137	S2		0.7
S1-347307262	India	false_negative_candidate_miss	S3-581697108	S3		0.7
S1-347307262	India	false_negative_candidate_miss	S3-762050911	S3		0.7
S1-347307262	India	false_negative_candidate_miss	S3-835846379	S3		0.7
S1-347409742	US	false_negative_candidate_miss	S3-334827895	S3		0.7
S1-347516264	India	false_negative_candidate_miss	S2-367521160	S2		0.7
S1-347516264	India	false_negative_candidate_miss	S3-778808374	S3		0.7
S1-347516264	India	false_negative_candidate_miss	S3-997103289	S3		0.7
S1-347540711	India	false_negative_candidate_miss	S3-41203777	S3		0.7
S1-347921286	India	false_positive	S2-440023862	S2	0.98216463510581775	0.7
S1-347921286	India	false_positive	S2-779227141	S2	0.97025366704079574	0.7
S1-347921286	India	false_positive	S3-414651845	S3	0.87105744779215433	0.7
S1-347921286	India	false_negative_candidate_miss	S3-140745703	S3		0.7
S1-347998070	US	false_negative_candidate_miss	S2-333968190	S2		0.7
S1-347998070	US	false_negative_below_threshold	S2-573030522	S2	0.59671055720639887	0.7
S1-348091979	India	false_positive	S3-325704155	S3	0.90723256733446345	0.7
S1-34838843	India	false_negative_candidate_miss	S3-239506947	S3		0.7
S1-348388799	US	false_negative_candidate_miss	S2-152685428	S2		0.7
S1-348388799	US	false_negative_candidate_miss	S3-614957293	S3		0.7
S1-348927346	India	false_negative_candidate_miss	S2-997658664	S2		0.7
S1-349069858	US	false_negative_candidate_miss	S2-809376768	S2		0.7
S1-349104538	US	false_negative_candidate_miss	S3-811254508	S3		0.7
S1-34943822	India	false_negative_candidate_miss	S3-25012489	S3		0.7
S1-349554399	US	false_positive	S3-739195329	S3	0.93244335195273553	0.7
S1-350023749	India	false_positive	S2-877568903	S2	0.71493290391674336	0.7
S1-350023749	India	false_negative_candidate_miss	S2-474225842	S2		0.7
S1-350329359	US	false_negative_candidate_miss	S3-684585475	S3		0.7
S1-351100446	US	false_negative_candidate_miss	S2-155805122	S2		0.7
S1-351359891	India	false_negative_candidate_miss	S2-134781044	S2		0.7
S1-351359891	India	false_negative_candidate_miss	S2-88387424	S2		0.7
S1-351650798	India	false_negative_candidate_miss	S2-687057376	S2		0.7
S1-351692424	US	false_negative_candidate_miss	S3-556592	S3		0.7
S1-351941243	India	false_negative_candidate_miss	S2-471477837	S2		0.7
S1-351941243	India	false_negative_candidate_miss	S2-985877282	S2		0.7
S1-351941243	India	false_negative_candidate_miss	S3-954867515	S3		0.7
S1-35237036	India	false_negative_candidate_miss	S2-970231581	S2		0.7
S1-35237036	India	false_negative_candidate_miss	S3-348655506	S3		0.7
S1-352881643	India	false_negative_candidate_miss	S2-32317852	S2		0.7
S1-352898148	US	false_negative_candidate_miss	S3-558029632	S3		0.7
S1-353394544	India	false_negative_candidate_miss	S2-34531481	S2		0.7
S1-353394544	India	false_negative_candidate_miss	S2-390277363	S2		0.7
S1-353394544	India	false_negative_candidate_miss	S3-675914908	S3		0.7
S1-353735822	US	false_negative_candidate_miss	S3-954279984	S3		0.7
S1-35376069	India	false_negative_candidate_miss	S2-345077389	S2		0.7
S1-35376069	India	false_negative_candidate_miss	S2-878667048	S2		0.7
S1-35376069	India	false_negative_candidate_miss	S3-303441072	S3		0.7
S1-353906865	India	false_negative_candidate_miss	S2-653454628	S2		0.7
S1-353906865	India	false_negative_candidate_miss	S2-680911151	S2		0.7
S1-353906865	India	false_negative_candidate_miss	S3-91713569	S3		0.7
S1-353906865	India	false_negative_candidate_miss	S3-969740175	S3		0.7
S1-354315028	US	false_negative_candidate_miss	S3-451294017	S3		0.7
S1-354315028	US	false_negative_candidate_miss	S3-968839920	S3		0.7
S1-35525955	India	false_negative_candidate_miss	S3-374052474	S3		0.7
S1-3557103	US	false_negative_candidate_miss	S3-874731181	S3		0.7
S1-355902807	India	false_negative_candidate_miss	S3-270981727	S3		0.7
S1-355902807	India	false_negative_candidate_miss	S3-668456983	S3		0.7
S1-3559030	India	false_negative_candidate_miss	S2-575855595	S2		0.7
S1-3559030	India	false_negative_candidate_miss	S3-433800050	S3		0.7
S1-356550770	India	false_negative_candidate_miss	S2-969770469	S2		0.7
S1-356843371	US	false_negative_candidate_miss	S2-421121237	S2		0.7
S1-356843371	US	false_negative_candidate_miss	S3-861060535	S3		0.7
S1-357331301	India	false_negative_candidate_miss	S2-628619084	S2		0.7
S1-357449362	US	false_negative_candidate_miss	S3-198212734	S3		0.7
S1-357680210	US	false_negative_candidate_miss	S2-360964391	S2		0.7
S1-357680210	US	false_negative_candidate_miss	S2-873336929	S2		0.7
S1-358180716	India	false_negative_candidate_miss	S3-259050709	S3		0.7
S1-358210609	US	false_negative_candidate_miss	S3-918085135	S3		0.7
S1-358430773	India	false_negative_candidate_miss	S2-472378656	S2		0.7
S1-358430773	India	false_negative_candidate_miss	S3-505244280	S3		0.7
S1-358569474	US	false_negative_candidate_miss	S2-816417015	S2		0.7
S1-358630381	India	false_negative_candidate_miss	S2-557137575	S2		0.7
S1-358630381	India	false_negative_candidate_miss	S3-514391626	S3		0.7
S1-359006154	India	false_negative_candidate_miss	S2-201636272	S2		0.7
S1-359006154	India	false_negative_candidate_miss	S2-204681236	S2		0.7
S1-359006154	India	false_negative_candidate_miss	S3-292699719	S3		0.7
S1-359200898	India	false_negative_candidate_miss	S2-270664816	S2		0.7
S1-359200898	India	false_negative_candidate_miss	S2-343419811	S2		0.7
S1-359200898	India	false_negative_candidate_miss	S3-380658777	S3		0.7
S1-359200898	India	false_negative_candidate_miss	S3-827948844	S3		0.7
S1-359200898	India	false_negative_candidate_miss	S3-986181190	S3		0.7
S1-359350699	India	false_negative_candidate_miss	S2-872493178	S2		0.7
S1-359350699	India	false_negative_candidate_miss	S2-953132779	S2		0.7
S1-359350699	India	false_negative_below_threshold	S3-139307184	S3	0.62006197215656733	0.7
S1-3594677	US	false_negative_candidate_miss	S3-73946434	S3		0.7
S1-3594677	US	false_negative_candidate_miss	S3-921167851	S3		0.7
S1-36043381	India	false_negative_candidate_miss	S3-474854107	S3		0.7
S1-360959541	US	false_negative_candidate_miss	S2-408344425	S2		0.7
S1-360975412	US	false_negative_candidate_miss	S3-655096070	S3		0.7
S1-36097798	US	false_negative_candidate_miss	S3-178590011	S3		0.7
S1-36108016	India	false_negative_candidate_miss	S2-164707061	S2		0.7
S1-361284846	India	false_negative_candidate_miss	S2-359363339	S2		0.7
S1-361608395	US	false_negative_candidate_miss	S3-428715217	S3		0.7
S1-361786452	US	false_negative_candidate_miss	S2-141370603	S2		0.7
S1-362025587	India	false_negative_candidate_miss	S3-135916669	S3		0.7
S1-362179347	India	false_negative_below_threshold	S2-129170231	S2	0.11499108773022695	0.7
S1-362179347	India	false_negative_candidate_miss	S2-553528605	S2		0.7
S1-362941684	India	false_negative_candidate_miss	S2-812729225	S2		0.7
S1-362990228	US	false_negative_candidate_miss	S2-45884815	S2		0.7
S1-363274729	US	false_negative_candidate_miss	S2-85386990	S2		0.7
S1-36370456	US	false_negative_candidate_miss	S2-391790198	S2		0.7
S1-36370456	US	false_negative_candidate_miss	S3-419768493	S3		0.7
S1-36423972	US	false_negative_candidate_miss	S3-981039426	S3		0.7
S1-364388393	US	false_positive	S3-260313292	S3	0.87322832507041392	0.7
S1-364388393	US	false_negative_candidate_miss	S2-501717184	S2		0.7
S1-364705441	India	false_negative_candidate_miss	S3-628175002	S3		0.7
S1-364736627	US	false_negative_candidate_miss	S2-719905377	S2		0.7
S1-364913564	India	false_negative_candidate_miss	S2-318932359	S2		0.7
S1-364913564	India	false_negative_candidate_miss	S3-630373387	S3		0.7
S1-364913564	India	false_negative_candidate_miss	S3-673768819	S3		0.7
S1-364935481	India	false_negative_candidate_miss	S3-939371853	S3		0.7
S1-365143107	India	false_negative_candidate_miss	S3-354941807	S3		0.7
S1-365143107	India	false_negative_candidate_miss	S3-394386624	S3		0.7
S1-365436852	India	false_negative_candidate_miss	S3-368229761	S3		0.7
S1-365593630	US	false_negative_candidate_miss	S2-391681168	S2		0.7
S1-365593630	US	false_negative_candidate_miss	S3-750652424	S3		0.7
S1-365672112	India	false_negative_candidate_miss	S2-29009395	S2		0.7
S1-365783974	US	false_negative_candidate_miss	S2-311208286	S2		0.7
S1-365783974	US	false_negative_candidate_miss	S3-398193927	S3		0.7
S1-3663636	US	false_negative_candidate_miss	S2-511712989	S2		0.7
S1-366479113	US	false_negative_below_threshold	S2-54388597	S2	0.58592492030730992	0.7
S1-366479113	US	false_negative_candidate_miss	S2-870821834	S2		0.7
S1-366479113	US	false_negative_candidate_miss	S3-576718152	S3		0.7
S1-3671956	India	false_negative_below_threshold	S3-235779780	S3	0.20782208629482052	0.7
S1-36753684	India	false_negative_candidate_miss	S2-340229597	S2		0.7
S1-36753684	India	false_negative_candidate_miss	S2-788439531	S2		0.7
S1-36753684	India	false_negative_candidate_miss	S3-617885236	S3		0.7
S1-367763713	US	false_negative_candidate_miss	S3-413420345	S3		0.7
S1-367856730	US	false_negative_candidate_miss	S2-346794510	S2		0.7
S1-367856730	US	false_negative_below_threshold	S3-427932763	S3	0.053968192706888928	0.7
S1-368148714	US	false_negative_candidate_miss	S3-576201589	S3		0.7
S1-368148714	US	false_negative_candidate_miss	S3-873251764	S3		0.7
S1-36819647	US	false_negative_candidate_miss	S2-664197742	S2		0.7
S1-368412739	India	false_negative_candidate_miss	S2-24628423	S2		0.7
S1-368412739	India	false_negative_candidate_miss	S2-606470186	S2		0.7
S1-368412739	India	false_negative_candidate_miss	S2-896090423	S2		0.7
S1-368412739	India	false_negative_candidate_miss	S3-171140277	S3		0.7
S1-368412739	India	false_negative_candidate_miss	S3-204290507	S3		0.7
S1-368612644	US	false_negative_candidate_miss	S2-126912751	S2		0.7
S1-368612644	US	false_negative_candidate_miss	S2-501249452	S2		0.7
S1-368840472	India	false_negative_candidate_miss	S2-63374238	S2		0.7
S1-368840472	India	false_negative_candidate_miss	S2-774199594	S2		0.7
S1-368840472	India	false_negative_candidate_miss	S3-325303479	S3		0.7
S1-36887022	India	false_positive	S3-496243921	S3	0.97523238443905969	0.7
S1-36887022	India	false_negative_candidate_miss	S2-634317795	S2		0.7
S1-36887022	India	false_negative_candidate_miss	S2-730282265	S2		0.7
S1-36888426	India	false_negative_below_threshold	S3-133508831	S3	0.0065988320792720514	0.7
S1-36888426	India	false_negative_candidate_miss	S3-576397430	S3		0.7
S1-369011880	US	false_negative_candidate_miss	S2-924756407	S2		0.7
S1-369095036	India	false_negative_candidate_miss	S2-762994389	S2		0.7
S1-36920251	India	false_positive	S2-398419623	S2	0.88061821324335532	0.7
S1-36920251	India	false_negative_candidate_miss	S3-682481680	S3		0.7
S1-369359774	India	false_negative_candidate_miss	S3-117147440	S3		0.7
S1-369359774	India	false_negative_candidate_miss	S3-212155267	S3		0.7
S1-369428487	India	false_negative_candidate_miss	S2-371867152	S2		0.7
S1-369428487	India	false_negative_candidate_miss	S3-232555705	S3		0.7
S1-369507115	US	false_negative_candidate_miss	S3-689466700	S3		0.7
S1-369962283	India	false_negative_candidate_miss	S3-416269390	S3		0.7
S1-369997201	India	false_negative_candidate_miss	S2-469267625	S2		0.7
S1-369997201	India	false_negative_candidate_miss	S3-307610346	S3		0.7
S1-370091278	India	false_negative_candidate_miss	S2-818437715	S2		0.7
S1-370838151	US	false_negative_candidate_miss	S3-516084977	S3		0.7
S1-370838151	US	false_negative_candidate_miss	S3-917889597	S3		0.7
S1-371002646	US	false_negative_candidate_miss	S2-252763946	S2		0.7
S1-371020470	US	false_negative_candidate_miss	S2-876842623	S2		0.7
S1-371020470	US	false_negative_candidate_miss	S2-99489654	S2		0.7
S1-371020470	US	false_negative_candidate_miss	S3-52884304	S3		0.7
S1-371059029	India	false_negative_candidate_miss	S2-715129076	S2		0.7
S1-371059029	India	false_negative_candidate_miss	S3-465742799	S3		0.7
S1-371134787	India	false_negative_candidate_miss	S2-464692252	S2		0.7
S1-371134787	India	false_negative_candidate_miss	S2-563178585	S2		0.7
S1-371134787	India	false_negative_candidate_miss	S3-377312181	S3		0.7
S1-371221993	US	false_negative_candidate_miss	S2-959439549	S2		0.7
S1-37144794	US	false_negative_below_threshold	S2-891524898	S2	0.63344639217230847	0.7
S1-371616293	India	false_negative_candidate_miss	S2-22911323	S2		0.7
S1-371616293	India	false_negative_candidate_miss	S3-18033558	S3		0.7
S1-371618733	US	false_negative_candidate_miss	S2-996709884	S2		0.7
S1-371670681	India	false_positive	S3-64951069	S3	0.76836785294853238	0.7
S1-371670681	India	false_negative_candidate_miss	S2-555278218	S2		0.7
S1-371670681	India	false_negative_candidate_miss	S3-352826034	S3		0.7
S1-371670681	India	false_negative_candidate_miss	S3-358224862	S3		0.7
S1-371670681	India	false_negative_candidate_miss	S3-613910971	S3		0.7
S1-37183135	India	false_negative_candidate_miss	S2-1452884	S2		0.7
S1-37183135	India	false_negative_candidate_miss	S2-254865757	S2		0.7
S1-371966329	US	false_negative_candidate_miss	S3-333133648	S3		0.7
S1-372051716	US	false_negative_candidate_miss	S2-719497185	S2		0.7
S1-372356831	US	false_negative_candidate_miss	S2-578628815	S2		0.7
S1-372608672	US	false_negative_candidate_miss	S2-932816845	S2		0.7
S1-373137747	India	false_negative_candidate_miss	S2-904628643	S2		0.7
S1-373187385	US	false_negative_candidate_miss	S2-198632743	S2		0.7
S1-37332761	India	false_negative_candidate_miss	S2-678645958	S2		0.7
S1-37332761	India	false_negative_candidate_miss	S3-996314917	S3		0.7
S1-373516102	US	false_negative_candidate_miss	S2-139497101	S2		0.7
S1-373979688	India	false_negative_candidate_miss	S2-496608455	S2		0.7
S1-373979688	India	false_negative_candidate_miss	S2-812272878	S2		0.7
S1-374469921	India	false_negative_candidate_miss	S2-578426176	S2		0.7
S1-374573308	US	false_negative_candidate_miss	S3-989862919	S3		0.7
S1-374659241	India	false_negative_candidate_miss	S2-482530374	S2		0.7
S1-374659241	India	false_negative_candidate_miss	S3-854838584	S3		0.7
S1-374702342	India	false_negative_candidate_miss	S2-240812308	S2		0.7
S1-374702342	India	false_negative_candidate_miss	S2-884743943	S2		0.7
S1-374702342	India	false_negative_candidate_miss	S3-395694189	S3		0.7
S1-374824890	India	false_negative_candidate_miss	S2-321322932	S2		0.7
S1-374824890	India	false_negative_candidate_miss	S2-583440279	S2		0.7
S1-374824890	India	false_negative_candidate_miss	S3-930286855	S3		0.7
S1-375115650	India	false_negative_candidate_miss	S2-630657061	S2		0.7
S1-375232711	India	false_negative_candidate_miss	S2-699811230	S2		0.7
S1-375232711	India	false_negative_candidate_miss	S3-846747853	S3		0.7
S1-375235689	US	false_negative_candidate_miss	S2-117692899	S2		0.7
S1-375235689	US	false_negative_below_threshold	S3-611015332	S3	0.67419408563816308	0.7
S1-375298910	US	false_negative_candidate_miss	S2-275979950	S2		0.7
S1-376199816	India	false_negative_candidate_miss	S3-496154332	S3		0.7
S1-376352418	US	false_negative_candidate_miss	S3-472980602	S3		0.7
S1-376649777	US	false_positive	S3-546607854	S3	0.96446379516007563	0.7
S1-37684383	US	false_negative_below_threshold	S2-234388298	S2	0.69760695592721889	0.7
S1-377112047	India	false_negative_candidate_miss	S2-119368338	S2		0.7
S1-377112047	India	false_negative_candidate_miss	S2-96944599	S2		0.7
S1-377112047	India	false_negative_candidate_miss	S3-500317666	S3		0.7
S1-377466951	US	false_negative_candidate_miss	S3-825912901	S3		0.7
S1-37780567	India	false_negative_candidate_miss	S2-525176905	S2		0.7
S1-377853319	India	false_negative_candidate_miss	S2-180348348	S2		0.7
S1-377853319	India	false_negative_candidate_miss	S2-461205075	S2		0.7
S1-377853319	India	false_negative_candidate_miss	S3-315067468	S3		0.7
S1-378105640	India	false_negative_candidate_miss	S2-887408163	S2		0.7
S1-378105640	India	false_negative_candidate_miss	S3-341083174	S3		0.7
S1-378105640	India	false_negative_candidate_miss	S3-774602480	S3		0.7
S1-378105640	India	false_negative_candidate_miss	S3-987403334	S3		0.7
S1-378207979	India	false_negative_candidate_miss	S3-584234052	S3		0.7
S1-37830167	India	false_negative_candidate_miss	S3-843859733	S3		0.7
S1-378499303	US	false_negative_candidate_miss	S2-710256172	S2		0.7
S1-378499303	US	false_negative_below_threshold	S3-642604799	S3	0.44651996743940114	0.7
S1-37913704	India	false_negative_candidate_miss	S3-815227102	S3		0.7
S1-379156962	India	false_negative_candidate_miss	S3-331764086	S3		0.7
S1-379156962	India	false_negative_candidate_miss	S3-917661434	S3		0.7
S1-379277458	India	false_positive	S2-71290921	S2	0.98393307498068139	0.7
S1-379277458	India	false_negative_candidate_miss	S2-514183575	S2		0.7
S1-379277458	India	false_negative_candidate_miss	S3-548608380	S3		0.7
S1-379655526	India	false_negative_candidate_miss	S2-176409306	S2		0.7
S1-379655526	India	false_negative_candidate_miss	S3-447969997	S3		0.7
S1-379655526	India	false_negative_candidate_miss	S3-945861088	S3		0.7
S1-379877254	India	false_negative_candidate_miss	S2-452409252	S2		0.7
S1-379877254	India	false_negative_candidate_miss	S2-579899713	S2		0.7
S1-379877254	India	false_negative_candidate_miss	S2-685929281	S2		0.7
S1-379877254	India	false_negative_candidate_miss	S3-733985260	S3		0.7
S1-379895191	India	false_negative_candidate_miss	S2-29936765	S2		0.7
S1-379895191	India	false_negative_candidate_miss	S2-617924687	S2		0.7
S1-380419187	India	false_negative_candidate_miss	S2-564254172	S2		0.7
S1-380419187	India	false_negative_candidate_miss	S2-941760005	S2		0.7
S1-380750690	India	false_negative_candidate_miss	S2-349755552	S2		0.7
S1-380750690	India	false_negative_candidate_miss	S3-971484339	S3		0.7
S1-381219675	US	false_negative_candidate_miss	S2-586485254	S2		0.7
S1-381219675	US	false_negative_candidate_miss	S3-30472063	S3		0.7
S1-38137209	US	false_negative_candidate_miss	S2-390806845	S2		0.7
S1-381586922	India	false_negative_candidate_miss	S2-399400452	S2		0.7
S1-381586922	India	false_negative_candidate_miss	S2-702534653	S2		0.7
S1-381586922	India	false_negative_candidate_miss	S3-731541549	S3		0.7
S1-381850836	US	false_negative_candidate_miss	S2-651676905	S2		0.7
S1-381850836	US	false_negative_candidate_miss	S2-735346492	S2		0.7
S1-381850836	US	false_negative_candidate_miss	S3-876881877	S3		0.7
S1-381871267	India	false_positive	S2-962653332	S2	0.81002403960412139	0.7
S1-382821475	India	false_negative_candidate_miss	S2-717180785	S2		0.7
S1-3831912	US	false_negative_candidate_miss	S2-883780933	S2		0.7
S1-383360386	India	false_negative_candidate_miss	S3-969352319	S3		0.7
S1-383500236	US	false_negative_candidate_miss	S2-587925311	S2		0.7
S1-38374560	US	false_negative_candidate_miss	S3-365107327	S3		0.7
S1-383772391	US	false_negative_candidate_miss	S2-375602580	S2		0.7
S1-383908238	US	false_negative_candidate_miss	S3-137651231	S3		0.7
S1-384032516	India	false_negative_candidate_miss	S3-414559622	S3		0.7
S1-384032516	India	false_negative_candidate_miss	S3-430138471	S3		0.7
S1-384032516	India	false_negative_candidate_miss	S3-703696543	S3		0.7
S1-384173368	US	false_negative_candidate_miss	S3-78372419	S3		0.7
S1-384257709	US	false_negative_below_threshold	S2-663894653	S2	0.11566353005101068	0.7
S1-384257709	US	false_negative_candidate_miss	S3-456119391	S3		0.7
S1-384546087	India	false_negative_candidate_miss	S2-165093827	S2		0.7
S1-384546087	India	false_negative_candidate_miss	S3-235835782	S3		0.7
S1-38461329	US	false_negative_candidate_miss	S2-693709405	S2		0.7
S1-384698100	India	false_negative_candidate_miss	S3-916419818	S3		0.7
S1-384974128	India	false_negative_candidate_miss	S2-365578688	S2		0.7
S1-384974128	India	false_negative_candidate_miss	S2-922988113	S2		0.7
S1-384974128	India	false_negative_candidate_miss	S3-16682039	S3		0.7
S1-385073340	India	false_negative_candidate_miss	S2-439541306	S2		0.7
S1-385073340	India	false_negative_candidate_miss	S3-270535378	S3		0.7
S1-385073340	India	false_negative_candidate_miss	S3-427933663	S3		0.7
S1-385073340	India	false_negative_candidate_miss	S3-516804378	S3		0.7
S1-385108889	India	false_negative_candidate_miss	S2-462817608	S2		0.7
S1-385595740	India	false_negative_candidate_miss	S3-507023709	S3		0.7
S1-385631329	India	false_negative_candidate_miss	S3-735420043	S3		0.7
S1-385776193	India	false_negative_candidate_miss	S2-688776527	S2		0.7
S1-385776193	India	false_negative_candidate_miss	S2-917821012	S2		0.7
S1-385776193	India	false_negative_candidate_miss	S3-49725498	S3		0.7
S1-38591974	India	false_negative_candidate_miss	S2-951167747	S2		0.7
S1-3862463	India	false_negative_candidate_miss	S2-536075260	S2		0.7
S1-3862463	India	false_negative_candidate_miss	S2-542108825	S2		0.7
S1-3862463	India	false_negative_candidate_miss	S3-451337838	S3		0.7
S1-386321298	US	false_negative_candidate_miss	S2-426757521	S2		0.7
S1-386321298	US	false_negative_candidate_miss	S2-994122815	S2		0.7
S1-386321298	US	false_negative_candidate_miss	S3-356128530	S3		0.7
S1-386494816	US	false_negative_candidate_miss	S2-351933605	S2		0.7
S1-386568122	US	false_negative_below_threshold	S2-940987287	S2	0.58592492030730992	0.7
S1-386680571	US	false_negative_candidate_miss	S3-498812692	S3		0.7
S1-386702130	US	false_negative_candidate_miss	S2-776283273	S2		0.7
S1-387413100	India	false_negative_candidate_miss	S3-966965661	S3		0.7
S1-387445631	India	false_negative_candidate_miss	S2-333933841	S2		0.7
S1-387445631	India	false_negative_candidate_miss	S2-948854971	S2		0.7
S1-38789185	India	false_positive	S3-147023582	S3	0.77037334778844668	0.7
S1-38818646	India	false_negative_candidate_miss	S3-872347468	S3		0.7
S1-388401170	US	false_negative_below_threshold	S3-791970045	S3	0.63489951580871951	0.7
S1-388860804	India	false_negative_candidate_miss	S2-761239096	S2		0.7
S1-388860804	India	false_negative_candidate_miss	S3-114356112	S3		0.7
S1-389031908	US	false_negative_candidate_miss	S3-222475224	S3		0.7
S1-389031908	US	false_negative_candidate_miss	S3-255913120	S3		0.7
S1-389031908	US	false_negative_candidate_miss	S3-532702819	S3		0.7
S1-389183023	India	false_negative_candidate_miss	S2-386075915	S2		0.7
S1-389183023	India	false_negative_candidate_miss	S3-99836291	S3		0.7
S1-389565918	US	false_negative_candidate_miss	S2-687382672	S2		0.7
S1-389669931	US	false_negative_candidate_miss	S2-304320863	S2		0.7
S1-389669931	US	false_negative_candidate_miss	S2-732113179	S2		0.7
S1-389721339	India	false_negative_candidate_miss	S2-242438260	S2		0.7
S1-389721339	India	false_negative_candidate_miss	S3-332635014	S3		0.7
S1-389733454	India	false_negative_candidate_miss	S2-335166360	S2		0.7
S1-389733454	India	false_negative_candidate_miss	S3-447960617	S3		0.7
S1-389733454	India	false_negative_candidate_miss	S3-539518650	S3		0.7
S1-390010881	India	false_negative_candidate_miss	S3-805664156	S3		0.7
S1-390342816	India	false_negative_candidate_miss	S2-390107070	S2		0.7
S1-390342816	India	false_negative_candidate_miss	S3-105868603	S3		0.7
S1-390342816	India	false_negative_candidate_miss	S3-711141699	S3		0.7
S1-390342816	India	false_negative_candidate_miss	S3-855796425	S3		0.7
S1-390835164	US	false_negative_candidate_miss	S2-765128382	S2		0.7
S1-391304995	India	false_negative_candidate_miss	S3-253632835	S3		0.7
S1-391388301	India	false_negative_candidate_miss	S3-693740253	S3		0.7
S1-392140206	India	false_negative_candidate_miss	S3-612405278	S3		0.7
S1-392533514	India	false_negative_candidate_miss	S3-286349409	S3		0.7
S1-392533514	India	false_negative_candidate_miss	S3-578439719	S3		0.7
S1-392533514	India	false_negative_candidate_miss	S3-940539451	S3		0.7
S1-393001043	US	false_negative_candidate_miss	S2-711038506	S2		0.7
S1-393002209	US	false_negative_candidate_miss	S2-28932674	S2		0.7
S1-393316766	India	false_negative_candidate_miss	S2-249723749	S2		0.7
S1-393316766	India	false_negative_candidate_miss	S3-178253165	S3		0.7
S1-393446231	US	false_negative_candidate_miss	S2-493811024	S2		0.7
S1-393506227	India	false_negative_candidate_miss	S3-345872727	S3		0.7
S1-393506227	India	false_negative_candidate_miss	S3-693373210	S3		0.7
S1-393669825	US	false_positive	S2-112561616	S2	0.7269153521121986	0.7
S1-393926422	US	false_negative_candidate_miss	S3-973043366	S3		0.7
S1-393988411	India	false_negative_candidate_miss	S3-551556907	S3		0.7
S1-394003640	US	false_negative_candidate_miss	S3-549901352	S3		0.7
S1-394003640	US	false_negative_candidate_miss	S3-773885931	S3		0.7
S1-39403456	India	false_negative_candidate_miss	S2-174123914	S2		0.7
S1-39403456	India	false_negative_candidate_miss	S3-293625694	S3		0.7
S1-39403456	India	false_negative_candidate_miss	S3-421305114	S3		0.7
S1-394301523	India	false_negative_candidate_miss	S2-228609378	S2		0.7
S1-394500100	US	false_negative_candidate_miss	S2-862678405	S2		0.7
S1-394641950	India	false_negative_candidate_miss	S2-192492246	S2		0.7
S1-394641950	India	false_negative_candidate_miss	S3-281482869	S3		0.7
S1-394641950	India	false_negative_candidate_miss	S3-870993523	S3		0.7
S1-394641950	India	false_negative_candidate_miss	S3-985333753	S3		0.7
S1-395124088	India	false_negative_candidate_miss	S3-320292537	S3		0.7
S1-395171175	India	false_negative_below_threshold	S3-685305278	S3	0.23623596036594555	0.7
S1-395263630	India	false_negative_candidate_miss	S3-357344859	S3		0.7
S1-395263630	India	false_negative_candidate_miss	S3-649084534	S3		0.7
S1-395418116	India	false_negative_candidate_miss	S2-958045381	S2		0.7
S1-395418116	India	false_negative_candidate_miss	S3-638627850	S3		0.7
S1-395686570	India	false_negative_candidate_miss	S2-576813907	S2		0.7
S1-395686570	India	false_negative_candidate_miss	S3-532562228	S3		0.7
S1-395686570	India	false_negative_candidate_miss	S3-704782241	S3		0.7
S1-395764489	India	false_negative_candidate_miss	S2-722395645	S2		0.7
S1-395764489	India	false_negative_candidate_miss	S3-222170595	S3		0.7
S1-395764489	India	false_negative_candidate_miss	S3-322496128	S3		0.7
S1-395764489	India	false_negative_candidate_miss	S3-514476148	S3		0.7
S1-396554385	US	false_negative_candidate_miss	S3-104172205	S3		0.7
S1-396554385	US	false_negative_below_threshold	S3-177121488	S3	0.61692276603775931	0.7
S1-396954617	India	false_negative_candidate_miss	S3-849080340	S3		0.7
S1-397008430	India	false_negative_candidate_miss	S3-791939610	S3		0.7
S1-397008430	India	false_negative_candidate_miss	S3-809926778	S3		0.7
S1-397303876	US	false_negative_candidate_miss	S3-288890825	S3		0.7
S1-39801557	India	false_negative_candidate_miss	S2-954053026	S2		0.7
S1-398085832	India	false_negative_candidate_miss	S2-414926450	S2		0.7
S1-398085832	India	false_negative_candidate_miss	S3-20866105	S3		0.7
S1-398085832	India	false_negative_candidate_miss	S3-855406137	S3		0.7
S1-3982362	US	false_negative_candidate_miss	S3-99958341	S3		0.7
S1-398445881	India	false_negative_candidate_miss	S2-571152266	S2		0.7
S1-398445881	India	false_negative_candidate_miss	S3-311766363	S3		0.7
S1-398599333	India	false_negative_candidate_miss	S2-752942974	S2		0.7
S1-398599333	India	false_negative_candidate_miss	S3-173020686	S3		0.7
S1-398599333	India	false_negative_candidate_miss	S3-213018408	S3		0.7
S1-398599333	India	false_negative_candidate_miss	S3-32172303	S3		0.7
S1-398599333	India	false_negative_candidate_miss	S3-490563287	S3		0.7
S1-398898075	India	false_negative_candidate_miss	S2-214248454	S2		0.7
S1-398898075	India	false_negative_candidate_miss	S3-541806860	S3		0.7
S1-398898075	India	false_negative_candidate_miss	S3-753796487	S3		0.7
S1-398908722	US	false_positive	S2-305918926	S2	0.76977517878457136	0.7
S1-398919830	India	false_negative_candidate_miss	S2-859927594	S2		0.7
S1-399183604	India	false_negative_candidate_miss	S2-477966994	S2		0.7
S1-399183604	India	false_negative_candidate_miss	S3-727103318	S3		0.7
S1-399183604	India	false_negative_candidate_miss	S3-871550702	S3		0.7
S1-399183604	India	false_negative_candidate_miss	S3-989419520	S3		0.7
S1-399848957	US	false_negative_candidate_miss	S3-230899369	S3		0.7
S1-39988938	India	false_negative_candidate_miss	S2-616949789	S2		0.7
S1-400320783	US	false_negative_candidate_miss	S2-327081233	S2		0.7
S1-400356821	India	false_negative_candidate_miss	S3-350253511	S3		0.7
S1-400356821	India	false_negative_candidate_miss	S3-827017377	S3		0.7
S1-400443543	US	false_negative_candidate_miss	S2-37953920	S2		0.7
S1-40045989	US	false_negative_candidate_miss	S3-494160047	S3		0.7
S1-400466189	India	false_negative_candidate_miss	S2-300831231	S2		0.7
S1-401298188	US	false_negative_below_threshold	S2-612888208	S2	0.56722252267821371	0.7
S1-401298188	US	false_negative_candidate_miss	S3-383707671	S3		0.7
S1-401631564	US	false_negative_candidate_miss	S2-740585016	S2		0.7
S1-401699064	India	false_negative_candidate_miss	S2-117926690	S2		0.7
S1-402231371	India	false_negative_candidate_miss	S2-78646656	S2		0.7
S1-402231371	India	false_negative_candidate_miss	S3-416484593	S3		0.7
S1-402397887	India	false_negative_candidate_miss	S2-247696795	S2		0.7
S1-402400239	US	false_negative_candidate_miss	S3-320335668	S3		0.7
S1-403094156	US	false_negative_candidate_miss	S2-177974391	S2		0.7
S1-403174290	India	false_negative_candidate_miss	S2-48803294	S2		0.7
S1-403174290	India	false_negative_candidate_miss	S2-954409619	S2		0.7
S1-403174290	India	false_negative_candidate_miss	S3-145528294	S3		0.7
S1-403422570	US	false_positive	S2-58912642	S2	0.90819947996063943	0.7
S1-403476679	US	false_negative_candidate_miss	S3-406897608	S3		0.7
S1-40358677	India	false_negative_candidate_miss	S2-835250784	S2		0.7
S1-40358677	India	false_negative_candidate_miss	S3-757791179	S3		0.7
S1-403682130	India	false_negative_candidate_miss	S3-239109055	S3		0.7
S1-403682130	India	false_negative_candidate_miss	S3-483184435	S3		0.7
S1-40381245	India	false_negative_candidate_miss	S2-413355624	S2		0.7
S1-403873156	US	false_negative_candidate_miss	S3-75764808	S3		0.7
S1-403873156	US	false_negative_candidate_miss	S3-980596264	S3		0.7
S1-404129787	India	false_negative_candidate_miss	S2-13993842	S2		0.7
S1-404129787	India	false_negative_candidate_miss	S2-994246357	S2		0.7
S1-404225520	India	false_negative_candidate_miss	S2-819153009	S2		0.7
S1-404225520	India	false_negative_candidate_miss	S2-941199846	S2		0.7
S1-404592850	US	false_negative_candidate_miss	S3-372838788	S3		0.7
S1-404744065	India	false_positive	S2-865705532	S2	0.79617277139729914	0.7
S1-404744065	India	false_positive	S3-277606528	S3	0.73350235810431497	0.7
S1-404744065	India	false_positive	S3-449158880	S3	0.80033376223960961	0.7
S1-404744065	India	false_negative_candidate_miss	S2-845660546	S2		0.7
S1-404744065	India	false_negative_candidate_miss	S3-858328028	S3		0.7
S1-405417703	US	false_negative_candidate_miss	S2-727394296	S2		0.7
S1-405631535	US	false_negative_candidate_miss	S2-152690112	S2		0.7
S1-405631535	US	false_negative_candidate_miss	S3-72851728	S3		0.7
S1-405631535	US	false_negative_candidate_miss	S3-819905855	S3		0.7
S1-405859936	US	false_negative_candidate_miss	S3-619837460	S3		0.7
S1-405886118	India	false_negative_candidate_miss	S2-514749598	S2		0.7
S1-405886118	India	false_negative_candidate_miss	S2-607654761	S2		0.7
S1-405886118	India	false_negative_candidate_miss	S2-83902690	S2		0.7
S1-405886118	India	false_negative_candidate_miss	S3-974099348	S3		0.7
S1-406064442	US	false_negative_candidate_miss	S3-904758316	S3		0.7
S1-406153898	India	false_negative_candidate_miss	S2-407260873	S2		0.7
S1-406153898	India	false_negative_candidate_miss	S3-589621244	S3		0.7
S1-406585908	US	false_negative_candidate_miss	S2-307511323	S2		0.7
S1-406585908	US	false_negative_candidate_miss	S3-142755774	S3		0.7
S1-406795673	India	false_negative_candidate_miss	S3-336969585	S3		0.7
S1-406795673	India	false_negative_candidate_miss	S3-448083136	S3		0.7
S1-406834079	India	false_negative_candidate_miss	S2-534521015	S2		0.7
S1-406857615	US	false_positive	S3-26187732	S3	0.91174587808125573	0.7
S1-406867419	India	false_positive	S2-449607637	S2	0.99551080624688548	0.7
S1-407344010	India	false_negative_candidate_miss	S2-214372792	S2		0.7
S1-407344010	India	false_negative_candidate_miss	S3-402584387	S3		0.7
S1-407344010	India	false_negative_candidate_miss	S3-684958686	S3		0.7
S1-407344010	India	false_negative_candidate_miss	S3-960852727	S3		0.7
S1-407504739	US	false_negative_candidate_miss	S2-539153197	S2		0.7
S1-407504739	US	false_negative_candidate_miss	S3-4014542	S3		0.7
S1-407703351	US	false_negative_candidate_miss	S2-539864553	S2		0.7
S1-407703351	US	false_negative_candidate_miss	S3-46997762	S3		0.7
S1-407883563	India	false_positive	S3-819575019	S3	0.97318284910486141	0.7
S1-407972650	India	false_negative_candidate_miss	S2-442131455	S2		0.7
S1-408714099	US	false_negative_candidate_miss	S3-666317407	S3		0.7
S1-408753453	US	false_positive	S2-790910074	S2	0.99036671660511122	0.7
S1-408753453	US	false_negative_below_threshold	S3-53047439	S3	0.41845781955370648	0.7
S1-408918552	US	false_negative_below_threshold	S3-278538340	S3	0.51356986097943469	0.7
S1-409187471	India	false_negative_candidate_miss	S2-124799996	S2		0.7
S1-409187471	India	false_negative_candidate_miss	S3-720540362	S3		0.7
S1-409312326	India	false_negative_candidate_miss	S2-654564445	S2		0.7
S1-409312326	India	false_negative_candidate_miss	S3-831470802	S3		0.7
S1-409316406	US	false_negative_candidate_miss	S2-620899632	S2		0.7
S1-409416404	India	false_negative_candidate_miss	S2-799311281	S2		0.7
S1-409921349	India	false_negative_candidate_miss	S2-811999693	S2		0.7
S1-409921349	India	false_negative_candidate_miss	S3-516381933	S3		0.7
S1-410287153	US	false_negative_candidate_miss	S2-427496381	S2		0.7
S1-410287153	US	false_negative_candidate_miss	S3-974735907	S3		0.7
S1-410342824	US	false_negative_candidate_miss	S2-997284803	S2		0.7
S1-41068207	US	false_negative_candidate_miss	S2-275644364	S2		0.7
S1-41068207	US	false_negative_below_threshold	S3-620892094	S3	0.69615340645392199	0.7
S1-410965199	US	false_negative_candidate_miss	S3-885023544	S3		0.7
S1-410987677	US	false_negative_candidate_miss	S3-885887153	S3		0.7
S1-411058073	US	false_positive	S2-375108670	S2	0.85520084445063871	0.7
S1-411184754	US	false_negative_candidate_miss	S3-124255033	S3		0.7
S1-411906112	US	false_negative_candidate_miss	S3-618968820	S3		0.7
S1-411929899	US	false_negative_candidate_miss	S2-590917368	S2		0.7
S1-411929899	US	false_negative_candidate_miss	S3-369569611	S3		0.7
S1-411929899	US	false_negative_candidate_miss	S3-587038553	S3		0.7
S1-411929899	US	false_negative_candidate_miss	S3-80656436	S3		0.7
S1-412255500	US	false_positive	S2-547317693	S2	0.96764212938381533	0.7
S1-412255500	US	false_negative_candidate_miss	S2-317227114	S2		0.7
S1-412716954	India	false_negative_below_threshold	S2-137783490	S2	0.62087637053712375	0.7
S1-412837263	US	false_negative_candidate_miss	S3-323519077	S3		0.7
S1-412837263	US	false_negative_candidate_miss	S3-74232436	S3		0.7
S1-413091876	US	false_negative_candidate_miss	S3-81242083	S3		0.7
S1-413133060	US	false_negative_candidate_miss	S3-153429693	S3		0.7
S1-413133060	US	false_negative_candidate_miss	S3-49494362	S3		0.7
S1-413138916	India	false_negative_below_threshold	S3-392464215	S3	0.15010148213938684	0.7
S1-413179345	US	false_negative_candidate_miss	S2-81637119	S2		0.7
S1-413180577	India	false_negative_candidate_miss	S2-200492023	S2		0.7
S1-413506660	India	false_negative_candidate_miss	S2-20896587	S2		0.7
S1-413506660	India	false_negative_candidate_miss	S3-573578642	S3		0.7
S1-413692196	India	false_negative_candidate_miss	S2-323215940	S2		0.7
S1-413692196	India	false_negative_candidate_miss	S2-343909149	S2		0.7
S1-413692196	India	false_negative_candidate_miss	S2-382531505	S2		0.7
S1-413864422	India	false_negative_below_threshold	S3-678409401	S3	0.49753464352552912	0.7
S1-413916430	India	false_positive	S2-771622951	S2	0.95566775529890347	0.7
S1-413919629	US	false_negative_candidate_miss	S2-227761515	S2		0.7
S1-413919629	US	false_negative_candidate_miss	S3-230778333	S3		0.7
S1-413919629	US	false_negative_candidate_miss	S3-812977145	S3		0.7
S1-414170708	US	false_negative_candidate_miss	S3-243574585	S3		0.7
S1-414296490	India	false_negative_candidate_miss	S3-355835288	S3		0.7
S1-414296490	India	false_negative_candidate_miss	S3-57700478	S3		0.7
S1-414579850	US	false_negative_candidate_miss	S2-553335077	S2		0.7
S1-414579850	US	false_negative_candidate_miss	S3-986763635	S3		0.7
S1-414678329	US	false_negative_candidate_miss	S2-49148346	S2		0.7
S1-414839180	India	false_negative_candidate_miss	S2-465038028	S2		0.7
S1-414839180	India	false_negative_candidate_miss	S3-345267121	S3		0.7
S1-414946302	India	false_negative_candidate_miss	S3-371835290	S3		0.7
S1-414999807	India	false_negative_candidate_miss	S2-529554105	S2		0.7
S1-414999807	India	false_negative_candidate_miss	S3-402253754	S3		0.7
S1-415289720	US	false_negative_candidate_miss	S3-116232706	S3		0.7
S1-415289720	US	false_negative_candidate_miss	S3-779993239	S3		0.7
S1-415447438	India	false_negative_candidate_miss	S2-685896889	S2		0.7
S1-415813150	India	false_negative_candidate_miss	S2-730808271	S2		0.7
S1-416613506	India	false_positive	S3-121596553	S3	0.9966653137032534	0.7
S1-416889549	India	false_negative_candidate_miss	S2-988975073	S2		0.7
S1-416889549	India	false_negative_candidate_miss	S3-472819579	S3		0.7
S1-417193236	US	false_negative_candidate_miss	S3-396537727	S3		0.7
S1-418278607	US	false_negative_candidate_miss	S2-894632095	S2		0.7
S1-418521876	India	false_negative_candidate_miss	S2-283977531	S2		0.7
S1-418673055	US	false_negative_candidate_miss	S3-714195892	S3		0.7
S1-418804001	India	false_positive	S2-807060249	S2	0.83536436970800376	0.7
S1-418804001	India	false_negative_candidate_miss	S2-115348500	S2		0.7
S1-418804001	India	false_negative_candidate_miss	S2-672170087	S2		0.7
S1-418860794	India	false_negative_below_threshold	S2-741386274	S2	0.68076183990298533	0.7
S1-418896706	India	false_positive_singleton	S3-137776120	S3	0.9643764320259508	0.7
S1-419122505	India	false_negative_candidate_miss	S3-433682299	S3		0.7
S1-419224617	US	false_positive	S2-149636909	S2	0.73991653432462934	0.7
S1-419224617	US	false_negative_candidate_miss	S3-902192482	S3		0.7
S1-419520508	US	false_positive	S2-568510521	S2	0.72693980539741687	0.7
S1-419707161	US	false_negative_candidate_miss	S2-829678548	S2		0.7
S1-419931997	India	false_negative_candidate_miss	S2-236278856	S2		0.7
S1-419931997	India	false_negative_candidate_miss	S2-732460416	S2		0.7
S1-419931997	India	false_negative_candidate_miss	S2-840403052	S2		0.7
S1-419931997	India	false_negative_candidate_miss	S2-943205530	S2		0.7
S1-419931997	India	false_negative_below_threshold	S3-111455319	S3	0.23243907158576535	0.7
S1-420266740	India	false_negative_candidate_miss	S2-837991341	S2		0.7
S1-420266740	India	false_negative_candidate_miss	S3-781045315	S3		0.7
S1-42039434	India	false_negative_candidate_miss	S2-690787916	S2		0.7
S1-420996928	US	false_negative_below_threshold	S3-254666611	S3	0.55861568917183502	0.7
S1-420996928	US	false_negative_candidate_miss	S3-892632370	S3		0.7
S1-421483217	India	false_negative_candidate_miss	S2-7427812	S2		0.7
S1-421483217	India	false_negative_candidate_miss	S3-753475586	S3		0.7
S1-421743348	India	false_negative_candidate_miss	S2-172394410	S2		0.7
S1-421743348	India	false_negative_candidate_miss	S2-278008112	S2		0.7
S1-421743348	India	false_negative_candidate_miss	S2-9682005	S2		0.7
S1-422026209	US	false_negative_candidate_miss	S3-831787093	S3		0.7
S1-422052746	India	false_negative_candidate_miss	S2-111506787	S2		0.7
S1-42238789	India	false_negative_candidate_miss	S3-598578408	S3		0.7
S1-422821234	US	false_negative_candidate_miss	S3-522473264	S3		0.7
S1-422821234	US	false_negative_candidate_miss	S3-795233492	S3		0.7
S1-423127518	India	false_negative_candidate_miss	S2-131964885	S2		0.7
S1-423127518	India	false_negative_candidate_miss	S3-499783905	S3		0.7
S1-423127518	India	false_negative_candidate_miss	S3-597694838	S3		0.7
S1-423143199	US	false_negative_candidate_miss	S2-512981715	S2		0.7
S1-423143199	US	false_negative_candidate_miss	S2-778942714	S2		0.7
S1-423289261	India	false_negative_candidate_miss	S2-133331508	S2		0.7
S1-423289261	India	false_negative_candidate_miss	S3-153390532	S3		0.7
S1-423452144	India	false_negative_candidate_miss	S2-483876323	S2		0.7
S1-423888498	India	false_negative_candidate_miss	S3-252745177	S3		0.7
S1-424015315	US	false_negative_candidate_miss	S3-62059515	S3		0.7
S1-424093575	US	false_negative_candidate_miss	S2-340800882	S2		0.7
S1-424093575	US	false_negative_candidate_miss	S3-314518563	S3		0.7
S1-424117600	US	false_negative_below_threshold	S2-887300251	S2	0.64623935289877577	0.7
S1-424134461	US	false_negative_below_threshold	S3-488142192	S3	0.21399654560897372	0.7
S1-424759664	US	false_negative_candidate_miss	S3-632894548	S3		0.7
S1-424800918	India	false_negative_candidate_miss	S2-743648271	S2		0.7
S1-424800918	India	false_negative_candidate_miss	S3-226437042	S3		0.7
S1-424962647	India	false_negative_candidate_miss	S3-586933650	S3		0.7
S1-425500662	US	false_negative_candidate_miss	S2-686141087	S2		0.7
S1-426002398	India	false_negative_candidate_miss	S3-742324604	S3		0.7
S1-426002398	India	false_negative_candidate_miss	S3-813032577	S3		0.7
S1-42614399	India	false_negative_candidate_miss	S2-471066341	S2		0.7
S1-42614399	India	false_negative_candidate_miss	S2-89457057	S2		0.7
S1-426249275	US	false_negative_candidate_miss	S3-403844276	S3		0.7
S1-426499819	India	false_negative_candidate_miss	S2-910645914	S2		0.7
S1-426829156	US	false_negative_candidate_miss	S2-56432888	S2		0.7
S1-426858009	India	false_negative_candidate_miss	S3-152985814	S3		0.7
S1-426936029	US	false_negative_below_threshold	S3-591739311	S3	0.47704666934544221	0.7
S1-42700062	India	false_negative_candidate_miss	S2-63007767	S2		0.7
S1-42700062	India	false_negative_candidate_miss	S2-671194227	S2		0.7
S1-42700062	India	false_negative_candidate_miss	S3-343378660	S3		0.7
S1-427332104	US	false_negative_candidate_miss	S2-201208382	S2		0.7
S1-427332104	US	false_negative_candidate_miss	S3-227237107	S3		0.7
S1-427353903	US	false_negative_candidate_miss	S2-668896730	S2		0.7
S1-427353903	US	false_negative_candidate_miss	S3-5384776	S3		0.7
S1-427353903	US	false_negative_candidate_miss	S3-555513396	S3		0.7
S1-427672257	US	false_positive	S2-505006367	S2	0.85520084445063871	0.7
S1-427686196	US	false_positive	S3-535522814	S3	0.94991504165753948	0.7
S1-428028020	India	false_negative_candidate_miss	S2-277953063	S2		0.7
S1-428028020	India	false_negative_candidate_miss	S2-654636666	S2		0.7
S1-428028020	India	false_negative_candidate_miss	S3-255267636	S3		0.7
S1-428905555	US	false_negative_candidate_miss	S3-937808541	S3		0.7
S1-429067470	India	false_negative_candidate_miss	S2-917764073	S2		0.7
S1-429147352	India	false_negative_candidate_miss	S2-293801411	S2		0.7
S1-429147352	India	false_negative_candidate_miss	S3-516775217	S3		0.7
S1-429196561	India	false_negative_candidate_miss	S2-158459445	S2		0.7
S1-429196561	India	false_negative_candidate_miss	S2-696054784	S2		0.7
S1-429196561	India	false_negative_candidate_miss	S2-844334306	S2		0.7
S1-429196561	India	false_negative_candidate_miss	S3-559115425	S3		0.7
S1-429329058	India	false_negative_candidate_miss	S2-801220654	S2		0.7
S1-429425251	US	false_negative_candidate_miss	S2-663758817	S2		0.7
S1-429435507	US	false_negative_candidate_miss	S3-436920981	S3		0.7
S1-429511670	India	false_negative_candidate_miss	S2-715980121	S2		0.7
S1-430813682	US	false_negative_candidate_miss	S3-704174817	S3		0.7
S1-430818354	India	false_negative_candidate_miss	S2-949037452	S2		0.7
S1-430818354	India	false_negative_candidate_miss	S2-99491388	S2		0.7
S1-430818354	India	false_negative_candidate_miss	S3-627711978	S3		0.7
S1-43093854	India	false_positive	S3-797210679	S3	0.92933019473657419	0.7
S1-43093854	India	false_negative_candidate_miss	S2-7706817	S2		0.7
S1-43093854	India	false_negative_candidate_miss	S3-805170234	S3		0.7
S1-431011896	US	false_negative_below_threshold	S3-337733679	S3	0.54279037992318513	0.7
S1-431680188	India	false_negative_candidate_miss	S2-60778862	S2		0.7
S1-431680188	India	false_negative_candidate_miss	S3-401757414	S3		0.7
S1-431680188	India	false_negative_candidate_miss	S3-95427551	S3		0.7
S1-431754140	US	false_negative_candidate_miss	S2-884596219	S2		0.7
S1-431754140	US	false_negative_candidate_miss	S3-468119408	S3		0.7
S1-431800750	India	false_negative_candidate_miss	S2-171103942	S2		0.7
S1-431800750	India	false_negative_candidate_miss	S3-333654523	S3		0.7
S1-431800750	India	false_negative_candidate_miss	S3-800726915	S3		0.7
S1-432240381	India	false_negative_candidate_miss	S2-922821219	S2		0.7
S1-432251857	India	false_negative_candidate_miss	S2-14121879	S2		0.7
S1-432749106	India	false_negative_candidate_miss	S2-407249338	S2		0.7
S1-432749106	India	false_negative_candidate_miss	S2-687727622	S2		0.7
S1-433136136	India	false_negative_candidate_miss	S2-408008937	S2		0.7
S1-433323224	India	false_negative_candidate_miss	S3-280345293	S3		0.7
S1-433323224	India	false_negative_candidate_miss	S3-554753008	S3		0.7
S1-433784367	India	false_negative_candidate_miss	S2-224455441	S2		0.7
S1-433929740	US	false_negative_below_threshold	S2-608391214	S2	0.58592492030730992	0.7
S1-434136885	US	false_negative_below_threshold	S2-151159375	S2	0.50900896802035689	0.7
S1-434136885	US	false_negative_candidate_miss	S3-699876371	S3		0.7
S1-434449065	US	false_negative_below_threshold	S3-728818945	S3	0.66355065609820818	0.7
S1-434849318	India	false_negative_candidate_miss	S3-501573783	S3		0.7
S1-434984230	India	false_positive	S2-624181355	S2	0.80684747236044585	0.7
S1-434984230	India	false_negative_below_threshold	S3-532893068	S3	0.38839139134709288	0.7
S1-435157278	India	false_negative_candidate_miss	S2-38336773	S2		0.7
S1-435337773	India	false_negative_candidate_miss	S2-229109918	S2		0.7
S1-435337773	India	false_negative_candidate_miss	S2-345638954	S2		0.7
S1-435337773	India	false_negative_candidate_miss	S2-368625563	S2		0.7
S1-435337773	India	false_negative_candidate_miss	S3-733987644	S3		0.7
S1-435337773	India	false_negative_candidate_miss	S3-742748056	S3		0.7
S1-435478872	US	false_positive	S2-340309161	S2	0.72191759145713907	0.7
S1-435957897	India	false_negative_candidate_miss	S2-229986247	S2		0.7
S1-435957897	India	false_negative_candidate_miss	S3-654398548	S3		0.7
S1-43622519	India	false_negative_candidate_miss	S3-492758231	S3		0.7
S1-436472141	US	false_negative_candidate_miss	S3-919897996	S3		0.7
S1-436472141	US	false_negative_candidate_miss	S3-940032139	S3		0.7
S1-436769783	US	false_negative_candidate_miss	S3-498283417	S3		0.7
S1-436867479	India	false_negative_candidate_miss	S2-386873011	S2		0.7
S1-436867479	India	false_negative_candidate_miss	S2-901223879	S2		0.7
S1-436978364	India	false_negative_candidate_miss	S3-71575385	S3		0.7
S1-437026034	US	false_negative_candidate_miss	S2-974067339	S2		0.7
S1-437096610	India	false_negative_candidate_miss	S2-260471331	S2		0.7
S1-437096610	India	false_negative_candidate_miss	S2-80817134	S2		0.7
S1-437096610	India	false_negative_candidate_miss	S3-500775498	S3		0.7
S1-437096610	India	false_negative_candidate_miss	S3-76364939	S3		0.7
S1-437096610	India	false_negative_candidate_miss	S3-765659569	S3		0.7
S1-437282537	US	false_negative_below_threshold	S3-913227084	S3	0.0021354915301883526	0.7
S1-437442723	US	false_negative_candidate_miss	S3-383458374	S3		0.7
S1-437442723	US	false_negative_candidate_miss	S3-962677291	S3		0.7
S1-437582761	India	false_negative_candidate_miss	S3-76225700	S3		0.7
S1-437623733	US	false_negative_candidate_miss	S3-589511530	S3		0.7
S1-438441304	US	false_positive	S2-124367730	S2	0.85520084445063871	0.7
S1-438548080	US	false_negative_candidate_miss	S3-5922914	S3		0.7
S1-438659213	India	false_negative_candidate_miss	S3-775152693	S3		0.7
S1-438826546	US	false_negative_candidate_miss	S3-263410821	S3		0.7
S1-439652185	US	false_negative_candidate_miss	S2-755323652	S2		0.7
S1-439863546	India	false_negative_candidate_miss	S2-513959530	S2		0.7
S1-439863546	India	false_negative_candidate_miss	S3-2044653	S3		0.7
S1-440230989	US	false_negative_candidate_miss	S3-957657344	S3		0.7
S1-440304505	India	false_negative_candidate_miss	S2-72971788	S2		0.7
S1-440395067	US	false_negative_candidate_miss	S2-835648387	S2		0.7
S1-440671920	US	false_negative_candidate_miss	S2-846529363	S2		0.7
S1-440752362	India	false_negative_candidate_miss	S2-721929870	S2		0.7
S1-440813925	India	false_negative_candidate_miss	S3-782914126	S3		0.7
S1-440979338	US	false_negative_candidate_miss	S3-890210638	S3		0.7
S1-44117692	US	false_negative_below_threshold	S3-575686024	S3	0.34925132814503307	0.7
S1-441294156	India	false_negative_candidate_miss	S2-939431078	S2		0.7
S1-441294156	India	false_negative_candidate_miss	S3-644914972	S3		0.7
S1-441294156	India	false_negative_candidate_miss	S3-83643214	S3		0.7
S1-441603078	India	false_negative_candidate_miss	S2-508898696	S2		0.7
S1-441603078	India	false_negative_candidate_miss	S2-898148442	S2		0.7
S1-441603078	India	false_negative_candidate_miss	S3-529128051	S3		0.7
S1-442084676	India	false_positive	S2-421862349	S2	0.9696873737919528	0.7
S1-442084676	India	false_negative_candidate_miss	S2-481546278	S2		0.7
S1-442084676	India	false_negative_candidate_miss	S2-497858478	S2		0.7
S1-442232163	India	false_negative_candidate_miss	S2-824023730	S2		0.7
S1-442318790	India	false_negative_candidate_miss	S2-804617810	S2		0.7
S1-442318790	India	false_negative_candidate_miss	S3-148722603	S3		0.7
S1-442318790	India	false_negative_candidate_miss	S3-633881850	S3		0.7
S1-442378671	US	false_negative_below_threshold	S2-28353952	S2	0.27710351012081086	0.7
S1-442549049	US	false_positive	S2-163189401	S2	0.92359334225548062	0.7
S1-442549049	US	false_negative_candidate_miss	S3-344258595	S3		0.7
S1-442881278	India	false_negative_candidate_miss	S3-717186501	S3		0.7
S1-442988726	US	false_positive	S2-225623971	S2	0.97013790030084768	0.7
S1-442988726	US	false_negative_candidate_miss	S2-853123113	S2		0.7
S1-443747553	India	false_positive	S3-641265324	S3	0.85080929431414964	0.7
S1-443808051	US	false_negative_candidate_miss	S3-564250221	S3		0.7
S1-443819386	India	false_negative_candidate_miss	S2-285168937	S2		0.7
S1-443819386	India	false_negative_candidate_miss	S2-291013925	S2		0.7
S1-443819386	India	false_negative_candidate_miss	S2-616799519	S2		0.7
S1-443819386	India	false_negative_candidate_miss	S3-335470978	S3		0.7
S1-443819386	India	false_negative_candidate_miss	S3-340171803	S3		0.7
S1-443899119	US	false_negative_candidate_miss	S2-729042057	S2		0.7
S1-444145653	India	false_positive	S3-406728890	S3	0.8350766139524809	0.7
S1-444145653	India	false_negative_candidate_miss	S3-19483988	S3		0.7
S1-444145653	India	false_negative_candidate_miss	S3-723537372	S3		0.7
S1-444145653	India	false_negative_below_threshold	S3-936815444	S3	0.6568351874464623	0.7
S1-44415934	India	false_negative_candidate_miss	S2-624124783	S2		0.7
S1-444223784	US	false_negative_candidate_miss	S3-930325689	S3		0.7
S1-444429766	India	false_negative_candidate_miss	S2-723031237	S2		0.7
S1-444429766	India	false_negative_candidate_miss	S3-757184709	S3		0.7
S1-444567338	US	false_positive	S2-421499936	S2	0.85520084445063871	0.7
S1-444644250	India	false_positive	S3-277606528	S3	0.71097765751785857	0.7
S1-444644250	India	false_positive	S3-331174512	S3	0.87198802665082875	0.7
S1-444644250	India	false_positive	S3-51788978	S3	0.794848608865658	0.7
S1-445276740	US	false_negative_candidate_miss	S2-118211042	S2		0.7
S1-445276740	US	false_negative_candidate_miss	S2-328150367	S2		0.7
S1-445442102	India	false_negative_candidate_miss	S2-692526215	S2		0.7
S1-445442102	India	false_negative_candidate_miss	S3-252064978	S3		0.7
S1-445468066	India	false_negative_candidate_miss	S2-326121306	S2		0.7
S1-445468066	India	false_negative_candidate_miss	S3-354665947	S3		0.7
S1-445468066	India	false_negative_below_threshold	S3-634895061	S3	0.6568351874464623	0.7
S1-445606336	India	false_negative_candidate_miss	S2-216195978	S2		0.7
S1-445606336	India	false_negative_candidate_miss	S3-567095406	S3		0.7
S1-445865293	US	false_negative_candidate_miss	S2-912117101	S2		0.7
S1-446092232	US	false_negative_candidate_miss	S2-308521719	S2		0.7
S1-446092232	US	false_negative_candidate_miss	S3-688752075	S3		0.7
S1-446228730	US	false_negative_below_threshold	S3-593063826	S3	0.68299417480308078	0.7
S1-446299390	US	false_positive	S2-571990617	S2	0.7792474271259402	0.7
S1-447115295	India	false_negative_candidate_miss	S2-295696394	S2		0.7
S1-447115295	India	false_negative_candidate_miss	S3-686153811	S3		0.7
S1-447150948	US	false_negative_below_threshold	S2-554815989	S2	0.60029968611071016	0.7
S1-447240267	India	false_negative_candidate_miss	S2-975774126	S2		0.7
S1-447290470	India	false_negative_candidate_miss	S2-304396515	S2		0.7
S1-447290470	India	false_negative_candidate_miss	S3-648337797	S3		0.7
S1-447513147	India	false_negative_candidate_miss	S3-626894579	S3		0.7
S1-44818313	India	false_negative_candidate_miss	S2-147654480	S2		0.7
S1-44818313	India	false_negative_candidate_miss	S2-727371070	S2		0.7
S1-44818313	India	false_negative_candidate_miss	S2-776366868	S2		0.7
S1-44818313	India	false_negative_candidate_miss	S3-253237097	S3		0.7
S1-448574038	US	false_negative_candidate_miss	S2-523622718	S2		0.7
S1-448574038	US	false_negative_candidate_miss	S3-537844661	S3		0.7
S1-448780903	India	false_negative_candidate_miss	S2-643781710	S2		0.7
S1-448780903	India	false_negative_candidate_miss	S2-732500019	S2		0.7
S1-448780903	India	false_negative_candidate_miss	S3-587631634	S3		0.7
S1-448780903	India	false_negative_candidate_miss	S3-994817264	S3		0.7
S1-449375714	India	false_negative_candidate_miss	S3-102698523	S3		0.7
S1-449483666	India	false_positive	S3-792383369	S3	0.73341442207315	0.7
S1-449483666	India	false_negative_candidate_miss	S2-256593659	S2		0.7
S1-449483666	India	false_negative_candidate_miss	S2-363327425	S2		0.7
S1-44985582	India	false_positive	S3-424113550	S3	0.91681046999660964	0.7
S1-44985582	India	false_negative_candidate_miss	S2-394215283	S2		0.7
S1-44985582	India	false_negative_candidate_miss	S2-792233587	S2		0.7
S1-449887413	India	false_negative_candidate_miss	S2-843271081	S2		0.7
S1-450043303	US	false_negative_candidate_miss	S3-409825825	S3		0.7
S1-450400689	US	false_negative_candidate_miss	S2-52614727	S2		0.7
S1-45043938	India	false_negative_candidate_miss	S3-578638585	S3		0.7
S1-45043938	India	false_negative_candidate_miss	S3-770862667	S3		0.7
S1-450599259	US	false_negative_below_threshold	S3-703176423	S3	0.6568351874464623	0.7
S1-451255921	US	false_negative_candidate_miss	S3-299447717	S3		0.7
S1-451286901	India	false_negative_candidate_miss	S2-482162029	S2		0.7
S1-451533924	India	false_negative_candidate_miss	S2-347176420	S2		0.7
S1-451533924	India	false_negative_candidate_miss	S2-453135401	S2		0.7
S1-451533924	India	false_negative_candidate_miss	S2-518986950	S2		0.7
S1-451783381	US	false_negative_candidate_miss	S2-54721692	S2		0.7
S1-451783381	US	false_negative_candidate_miss	S3-842083571	S3		0.7
S1-452166679	India	false_negative_below_threshold	S3-711344367	S3	0.51907084943963211	0.7
S1-452219841	India	false_negative_candidate_miss	S2-593149680	S2		0.7
S1-452219841	India	false_negative_candidate_miss	S2-855568301	S2		0.7
S1-452219841	India	false_negative_candidate_miss	S2-926645559	S2		0.7
S1-452219841	India	false_negative_candidate_miss	S3-665860697	S3		0.7
S1-452552318	India	false_negative_candidate_miss	S3-818980430	S3		0.7
S1-452768244	US	false_negative_candidate_miss	S2-893882501	S2		0.7
S1-452833446	India	false_negative_candidate_miss	S3-218702100	S3		0.7
S1-453311771	India	false_negative_candidate_miss	S2-477518001	S2		0.7
S1-453311771	India	false_negative_candidate_miss	S3-31223444	S3		0.7
S1-453311771	India	false_negative_candidate_miss	S3-594157752	S3		0.7
S1-453311771	India	false_negative_candidate_miss	S3-669508728	S3		0.7
S1-453446221	India	false_negative_candidate_miss	S2-358319412	S2		0.7
S1-453446221	India	false_negative_below_threshold	S3-241104555	S3	0.61537834195862706	0.7
S1-453597587	US	false_negative_candidate_miss	S2-869379106	S2		0.7
S1-453645192	US	false_negative_candidate_miss	S2-296385852	S2		0.7
S1-453811617	India	false_negative_candidate_miss	S2-43414385	S2		0.7
S1-453811617	India	false_negative_below_threshold	S2-474861661	S2	0.68986525076093441	0.7
S1-453811617	India	false_negative_candidate_miss	S3-717689311	S3		0.7
S1-454112538	US	false_positive_singleton	S2-381400040	S2	0.99641537185574536	0.7
S1-454446128	US	false_negative_below_threshold	S3-399157699	S3	0.63783675619802438	0.7
S1-454775444	India	false_negative_candidate_miss	S2-959581392	S2		0.7
S1-455080598	US	false_negative_candidate_miss	S3-264121529	S3		0.7
S1-455438874	India	false_negative_candidate_miss	S2-327397892	S2		0.7
S1-455438874	India	false_negative_candidate_miss	S2-755496951	S2		0.7
S1-455438874	India	false_negative_candidate_miss	S3-490677420	S3		0.7
S1-455536756	US	false_negative_candidate_miss	S3-371278610	S3		0.7
S1-455918748	US	false_negative_candidate_miss	S2-828559979	S2		0.7
S1-456092764	US	false_negative_candidate_miss	S3-254382758	S3		0.7
S1-456163103	India	false_positive	S2-804854153	S2	0.83322069854783531	0.7
S1-456163103	India	false_negative_candidate_miss	S2-198632255	S2		0.7
S1-456248836	US	false_negative_candidate_miss	S2-745443509	S2		0.7
S1-456726941	US	false_negative_candidate_miss	S3-856363196	S3		0.7
S1-456838970	India	false_negative_candidate_miss	S2-102814311	S2		0.7
S1-456838970	India	false_negative_candidate_miss	S3-395175757	S3		0.7
S1-456912368	US	false_negative_candidate_miss	S2-889752133	S2		0.7
S1-456912368	US	false_negative_candidate_miss	S3-569242630	S3		0.7
S1-457297401	US	false_positive	S3-737197779	S3	0.80274653619328573	0.7
S1-457337977	US	false_negative_below_threshold	S2-292763569	S2	0.67079075511311881	0.7
S1-457486382	US	false_negative_candidate_miss	S2-840437928	S2		0.7
S1-457488120	India	false_negative_candidate_miss	S2-632938117	S2		0.7
S1-457488120	India	false_negative_candidate_miss	S3-125240157	S3		0.7
S1-458206695	US	false_negative_candidate_miss	S2-937148439	S2		0.7
S1-458206695	US	false_negative_candidate_miss	S3-375346323	S3		0.7
S1-458206695	US	false_negative_candidate_miss	S3-400083803	S3		0.7
S1-459137784	US	false_negative_candidate_miss	S2-818239752	S2		0.7
S1-459344963	India	false_negative_candidate_miss	S2-695368884	S2		0.7
S1-45961456	India	false_negative_candidate_miss	S2-543422795	S2		0.7
S1-45961456	India	false_negative_candidate_miss	S3-544150181	S3		0.7
S1-459915819	India	false_negative_candidate_miss	S3-595407063	S3		0.7
S1-460133008	US	false_negative_candidate_miss	S2-211840924	S2		0.7
S1-460483793	US	false_negative_candidate_miss	S3-469962648	S3		0.7
S1-460995323	India	false_positive	S2-276074905	S2	0.86363402962684399	0.7
S1-460995323	India	false_negative_candidate_miss	S2-595551104	S2		0.7
S1-460995323	India	false_negative_candidate_miss	S2-823665170	S2		0.7
S1-461026883	India	false_negative_candidate_miss	S2-808278769	S2		0.7
S1-461104432	US	false_negative_candidate_miss	S2-12735251	S2		0.7
S1-461169610	US	false_negative_candidate_miss	S2-751154706	S2		0.7
S1-462186329	US	false_negative_candidate_miss	S3-275674755	S3		0.7
S1-462264642	India	false_negative_candidate_miss	S3-812007839	S3		0.7
S1-462367134	India	false_negative_candidate_miss	S2-685147715	S2		0.7
S1-462367134	India	false_negative_candidate_miss	S3-168504083	S3		0.7
S1-462391302	India	false_positive	S2-364008435	S2	0.85520084445063871	0.7
S1-462391302	India	false_negative_candidate_miss	S3-820050029	S3		0.7
S1-463072106	India	false_negative_candidate_miss	S2-417252574	S2		0.7
S1-463072106	India	false_negative_candidate_miss	S2-876394484	S2		0.7
S1-463072106	India	false_negative_candidate_miss	S3-822838100	S3		0.7
S1-46326550	India	false_negative_candidate_miss	S2-821053623	S2		0.7
S1-46326550	India	false_negative_candidate_miss	S3-455035701	S3		0.7
S1-46326550	India	false_negative_candidate_miss	S3-51443537	S3		0.7
S1-46326550	India	false_negative_candidate_miss	S3-842330434	S3		0.7
S1-463266606	India	false_negative_below_threshold	S3-954173600	S3	0.20054717726378177	0.7
S1-463368994	US	false_positive	S2-605318561	S2	0.85520084445063871	0.7
S1-463394809	India	false_negative_below_threshold	S2-558898264	S2	0.36428313467126311	0.7
S1-463553518	India	false_negative_candidate_miss	S2-141897705	S2		0.7
S1-463553518	India	false_negative_candidate_miss	S2-25150245	S2		0.7
S1-463553518	India	false_negative_candidate_miss	S3-613781562	S3		0.7
S1-463553518	India	false_negative_candidate_miss	S3-7589309	S3		0.7
S1-4637489	India	false_positive	S2-202584305	S2	0.85823142457967327	0.7
S1-463815698	US	false_negative_candidate_miss	S3-402057207	S3		0.7
S1-46398176	India	false_negative_candidate_miss	S3-43170362	S3		0.7
S1-46398176	India	false_negative_candidate_miss	S3-541168602	S3		0.7
S1-464306816	India	false_negative_candidate_miss	S2-496056146	S2		0.7
S1-464306816	India	false_negative_candidate_miss	S3-863662626	S3		0.7
S1-464638097	India	false_negative_candidate_miss	S2-100277200	S2		0.7
S1-464638097	India	false_negative_candidate_miss	S2-428585870	S2		0.7
S1-464638097	India	false_negative_candidate_miss	S2-837800873	S2		0.7
S1-464638097	India	false_negative_candidate_miss	S3-86048665	S3		0.7
S1-464658092	India	false_negative_below_threshold	S2-553604841	S2	0.58592492030730992	0.7
S1-464658092	India	false_negative_candidate_miss	S3-189890990	S3		0.7
S1-464658092	India	false_negative_candidate_miss	S3-770440803	S3		0.7
S1-464863984	India	false_positive	S3-212793200	S3	0.89560046638750934	0.7
S1-464863984	India	false_negative_candidate_miss	S2-412938349	S2		0.7
S1-464863984	India	false_negative_candidate_miss	S2-98931803	S2		0.7
S1-464863984	India	false_negative_candidate_miss	S3-252773469	S3		0.7
S1-464871861	India	false_negative_candidate_miss	S2-579420633	S2		0.7
S1-464871861	India	false_negative_candidate_miss	S3-348650216	S3		0.7
S1-465044916	US	false_negative_candidate_miss	S2-574350760	S2		0.7
S1-465044916	US	false_negative_candidate_miss	S3-40740124	S3		0.7
S1-465214858	US	false_negative_candidate_miss	S3-620714047	S3		0.7
S1-465312579	US	false_negative_candidate_miss	S2-828023488	S2		0.7
S1-465312579	US	false_negative_candidate_miss	S3-108395650	S3		0.7
S1-4655119	US	false_positive	S3-791455276	S3	0.85092406398471743	0.7
S1-465580557	India	false_positive	S3-569683239	S3	0.92933019473657419	0.7
S1-465580557	India	false_negative_candidate_miss	S2-236170396	S2		0.7
S1-465580557	India	false_negative_candidate_miss	S2-842151145	S2		0.7
S1-465580557	India	false_negative_candidate_miss	S3-769853783	S3		0.7
S1-465619274	US	false_negative_candidate_miss	S2-305131844	S2		0.7
S1-466149004	India	false_negative_candidate_miss	S3-682570045	S3		0.7
S1-466161793	India	false_negative_candidate_miss	S3-342218299	S3		0.7
S1-466343108	US	false_negative_candidate_miss	S2-28135604	S2		0.7
S1-466343108	US	false_negative_candidate_miss	S2-873721855	S2		0.7
S1-466343108	US	false_negative_candidate_miss	S3-489924861	S3		0.7
S1-466343108	US	false_negative_candidate_miss	S3-602892168	S3		0.7
S1-46645998	US	false_negative_candidate_miss	S2-943465433	S2		0.7
S1-467183997	US	false_negative_candidate_miss	S2-467316518	S2		0.7
S1-467183997	US	false_negative_candidate_miss	S2-734845185	S2		0.7
S1-467183997	US	false_negative_below_threshold	S3-963084071	S3	0.6568351874464623	0.7
S1-467212124	US	false_negative_candidate_miss	S2-899197792	S2		0.7
S1-467220167	India	false_negative_candidate_miss	S3-295450694	S3		0.7
S1-46783176	India	false_negative_candidate_miss	S3-388480863	S3		0.7
S1-467898668	India	false_negative_candidate_miss	S2-635958010	S2		0.7
S1-467898668	India	false_negative_candidate_miss	S3-494965556	S3		0.7
S1-46821316	India	false_negative_candidate_miss	S3-448489327	S3		0.7
S1-468673675	India	false_negative_candidate_miss	S3-307155158	S3		0.7
S1-468884587	US	false_negative_candidate_miss	S3-576661419	S3		0.7
S1-468908005	India	false_negative_candidate_miss	S2-366763356	S2		0.7
S1-469226710	US	false_negative_candidate_miss	S3-829403070	S3		0.7
S1-469647884	US	false_positive	S2-630032900	S2	0.74633572884724786	0.7
S1-469779430	India	false_negative_candidate_miss	S2-335998857	S2		0.7
S1-469779430	India	false_negative_candidate_miss	S3-851168192	S3		0.7
S1-469979969	India	false_negative_candidate_miss	S2-38195415	S2		0.7
S1-470110351	US	false_negative_candidate_miss	S3-850946952	S3		0.7
S1-470204315	India	false_positive	S3-428061076	S3	0.89944070646308982	0.7
S1-47040107	US	false_negative_candidate_miss	S3-251635575	S3		0.7
S1-47069646	India	false_negative_candidate_miss	S2-134775900	S2		0.7
S1-470770790	India	false_negative_candidate_miss	S2-899899757	S2		0.7
S1-470770790	India	false_negative_below_threshold	S3-133746219	S3	0.49978845106276815	0.7
S1-470770790	India	false_negative_candidate_miss	S3-86393219	S3		0.7
S1-47083149	India	false_negative_candidate_miss	S2-787295774	S2		0.7
S1-47083149	India	false_negative_candidate_miss	S3-1511777	S3		0.7
S1-471062748	US	false_negative_candidate_miss	S3-73884582	S3		0.7
S1-471092036	India	false_negative_candidate_miss	S3-313290277	S3		0.7
S1-471369193	US	false_negative_candidate_miss	S2-323246211	S2		0.7
S1-471369193	US	false_negative_candidate_miss	S2-860710099	S2		0.7
S1-471610004	India	false_positive	S2-768805626	S2	0.85520084445063871	0.7
S1-471610004	India	false_negative_candidate_miss	S2-300584996	S2		0.7
S1-471610004	India	false_negative_candidate_miss	S3-197021554	S3		0.7
S1-471858112	India	false_negative_below_threshold	S3-648566710	S3	0.0098147252765048622	0.7
S1-471927415	US	false_negative_candidate_miss	S2-575536487	S2		0.7
S1-472232716	India	false_negative_candidate_miss	S2-611518930	S2		0.7
S1-472232716	India	false_negative_candidate_miss	S2-762632681	S2		0.7
S1-472232716	India	false_negative_candidate_miss	S3-52059789	S3		0.7
S1-472515355	India	false_negative_candidate_miss	S3-32601387	S3		0.7
S1-472515355	India	false_negative_candidate_miss	S3-937090897	S3		0.7
S1-472588481	India	false_negative_below_threshold	S2-934548752	S2	0.57145516647721795	0.7
S1-472979267	US	false_negative_candidate_miss	S2-718485621	S2		0.7
S1-473018112	US	false_negative_candidate_miss	S2-699049404	S2		0.7
S1-473516660	India	false_negative_candidate_miss	S2-522395649	S2		0.7
S1-473516660	India	false_negative_candidate_miss	S3-631882746	S3		0.7
S1-473852689	US	false_negative_candidate_miss	S3-523551101	S3		0.7
S1-474188524	India	false_negative_candidate_miss	S2-525034280	S2		0.7
S1-474188524	India	false_negative_candidate_miss	S3-798133595	S3		0.7
S1-474310323	India	false_negative_candidate_miss	S3-696462102	S3		0.7
S1-474386625	India	false_positive	S3-28712984	S3	0.96848366452422796	0.7
S1-474427137	US	false_negative_candidate_miss	S2-899096260	S2		0.7
S1-474509454	US	false_negative_candidate_miss	S3-596205031	S3		0.7
S1-47450995	US	false_negative_below_threshold	S2-96029012	S2	0.58592492030730992	0.7
S1-47450995	US	false_negative_candidate_miss	S3-201090260	S3		0.7
S1-47461909	US	false_negative_candidate_miss	S2-426226268	S2		0.7
S1-474783132	India	false_negative_candidate_miss	S2-787427698	S2		0.7
S1-475829731	US	false_negative_candidate_miss	S2-961140021	S2		0.7
S1-476159497	US	false_negative_candidate_miss	S3-693365240	S3		0.7
S1-47647841	India	false_negative_candidate_miss	S2-91988559	S2		0.7
S1-477065284	India	false_negative_candidate_miss	S2-234888035	S2		0.7
S1-477065284	India	false_negative_candidate_miss	S2-359919196	S2		0.7
S1-477065284	India	false_negative_candidate_miss	S3-517185313	S3		0.7
S1-47749099	US	false_negative_candidate_miss	S3-460423290	S3		0.7
S1-47760222	India	false_negative_candidate_miss	S3-145823567	S3		0.7
S1-478018791	US	false_negative_candidate_miss	S3-529556881	S3		0.7
S1-478063420	India	false_negative_candidate_miss	S2-135964205	S2		0.7
S1-478063420	India	false_negative_candidate_miss	S2-421272336	S2		0.7
S1-478063420	India	false_negative_candidate_miss	S3-65196778	S3		0.7
S1-478063420	India	false_negative_candidate_miss	S3-698867184	S3		0.7
S1-478063420	India	false_negative_candidate_miss	S3-90068445	S3		0.7
S1-478547808	US	false_negative_candidate_miss	S3-695764403	S3		0.7
S1-479182272	US	false_negative_candidate_miss	S3-888691458	S3		0.7
S1-479493022	India	false_negative_candidate_miss	S2-24461114	S2		0.7
S1-479493022	India	false_negative_candidate_miss	S2-351974282	S2		0.7
S1-479493022	India	false_negative_candidate_miss	S2-743993676	S2		0.7
S1-479493022	India	false_negative_candidate_miss	S2-85481338	S2		0.7
S1-479493022	India	false_negative_candidate_miss	S3-778869095	S3		0.7
S1-479682959	US	false_negative_candidate_miss	S2-976925557	S2		0.7
S1-479682959	US	false_negative_candidate_miss	S3-337185368	S3		0.7
S1-479796925	India	false_negative_candidate_miss	S2-881477740	S2		0.7
S1-479796925	India	false_negative_candidate_miss	S3-644389185	S3		0.7
S1-479796925	India	false_negative_candidate_miss	S3-835364737	S3		0.7
S1-47982067	India	false_negative_below_threshold	S2-248633239	S2	0.44121319636025141	0.7
S1-47982067	India	false_negative_candidate_miss	S3-127190501	S3		0.7
S1-480033299	India	false_negative_candidate_miss	S2-596596584	S2		0.7
S1-480033299	India	false_negative_candidate_miss	S2-614878656	S2		0.7
S1-480033299	India	false_negative_candidate_miss	S3-34655620	S3		0.7
S1-480047815	US	false_negative_candidate_miss	S2-982943267	S2		0.7
S1-480212037	India	false_negative_candidate_miss	S2-286412134	S2		0.7
S1-480212037	India	false_negative_candidate_miss	S3-449283711	S3		0.7
S1-480227398	US	false_negative_candidate_miss	S2-863969902	S2		0.7
S1-48058940	India	false_negative_candidate_miss	S2-196807604	S2		0.7
S1-48058940	India	false_negative_candidate_miss	S3-316183490	S3		0.7
S1-480645679	India	false_negative_candidate_miss	S2-980052995	S2		0.7
S1-480815839	India	false_negative_candidate_miss	S2-199162993	S2		0.7
S1-480815839	India	false_negative_candidate_miss	S2-616647352	S2		0.7
S1-480815839	India	false_negative_candidate_miss	S2-766118592	S2		0.7
S1-480815839	India	false_negative_candidate_miss	S2-969137549	S2		0.7
S1-481184106	US	false_negative_candidate_miss	S3-914566386	S3		0.7
S1-481191401	India	false_negative_candidate_miss	S3-533860066	S3		0.7
S1-481299711	India	false_negative_candidate_miss	S2-151005004	S2		0.7
S1-481299711	India	false_negative_candidate_miss	S2-999245390	S2		0.7
S1-481299711	India	false_negative_candidate_miss	S3-404991715	S3		0.7
S1-481299711	India	false_negative_candidate_miss	S3-828222462	S3		0.7
S1-481635427	US	false_negative_candidate_miss	S3-121460318	S3		0.7
S1-481704816	US	false_negative_below_threshold	S3-177196320	S3	0.6568351874464623	0.7
S1-481704816	US	false_negative_below_threshold	S3-487381920	S3	0.6568351874464623	0.7
S1-482132461	US	false_negative_candidate_miss	S3-311024581	S3		0.7
S1-482314830	India	false_negative_candidate_miss	S2-318560972	S2		0.7
S1-482782660	US	false_negative_candidate_miss	S2-153803531	S2		0.7
S1-482782660	US	false_negative_below_threshold	S3-243743252	S3	0.6568351874464623	0.7
S1-483271501	India	false_negative_below_threshold	S2-503319669	S2	0.6957025419889703	0.7
S1-483696383	India	false_negative_candidate_miss	S3-138406529	S3		0.7
S1-484163620	India	false_negative_candidate_miss	S2-296568842	S2		0.7
S1-484163620	India	false_negative_candidate_miss	S3-243282786	S3		0.7
S1-484163620	India	false_negative_candidate_miss	S3-958700723	S3		0.7
S1-484179595	US	false_negative_candidate_miss	S2-279300626	S2		0.7
S1-484179595	US	false_negative_below_threshold	S2-429117912	S2	0.064105211458900954	0.7
S1-484179595	US	false_negative_candidate_miss	S3-20270079	S3		0.7
S1-484472057	India	false_negative_below_threshold	S2-110240377	S2	0.33714504082243729	0.7
S1-484726063	India	false_negative_candidate_miss	S2-398872565	S2		0.7
S1-484726063	India	false_negative_candidate_miss	S2-598677196	S2		0.7
S1-484726063	India	false_negative_candidate_miss	S3-684974723	S3		0.7
S1-484784857	US	false_negative_candidate_miss	S3-480390337	S3		0.7
S1-484837090	US	false_negative_candidate_miss	S2-417313807	S2		0.7
S1-484837090	US	false_negative_candidate_miss	S3-589753234	S3		0.7
S1-484837090	US	false_negative_candidate_miss	S3-798931449	S3		0.7
S1-485148375	US	false_negative_candidate_miss	S3-390374349	S3		0.7
S1-485296936	India	false_negative_candidate_miss	S2-908115948	S2		0.7
S1-485296936	India	false_negative_candidate_miss	S3-327297135	S3		0.7
S1-4854838	India	false_negative_below_threshold	S3-863000505	S3	0.56913758681585569	0.7
S1-485710828	US	false_negative_candidate_miss	S2-910490263	S2		0.7
S1-485710828	US	false_negative_candidate_miss	S3-57608849	S3		0.7
S1-485734678	US	false_negative_candidate_miss	S2-415517362	S2		0.7
S1-486182711	US	false_negative_candidate_miss	S2-798402293	S2		0.7
S1-486182711	US	false_negative_candidate_miss	S3-6474953	S3		0.7
S1-48628261	US	false_negative_below_threshold	S3-596389060	S3	0.56868249370752433	0.7
S1-487000833	India	false_negative_candidate_miss	S3-851032338	S3		0.7
S1-487428855	US	false_negative_candidate_miss	S2-458335108	S2		0.7
S1-487428855	US	false_negative_candidate_miss	S3-841826829	S3		0.7
S1-487566761	India	false_negative_candidate_miss	S2-401821557	S2		0.7
S1-487592244	India	false_positive	S3-926334428	S3	0.73341442207315	0.7
S1-487681931	US	false_negative_candidate_miss	S2-335038001	S2		0.7
S1-487681931	US	false_negative_candidate_miss	S3-946050486	S3		0.7
S1-487844687	US	false_negative_candidate_miss	S3-477272311	S3		0.7
S1-487996741	US	false_negative_candidate_miss	S2-997607716	S2		0.7
S1-488284610	India	false_negative_candidate_miss	S2-608618056	S2		0.7
S1-488284610	India	false_negative_candidate_miss	S3-778463287	S3		0.7
S1-488307487	US	false_negative_candidate_miss	S3-444964384	S3		0.7
S1-488336890	US	false_negative_candidate_miss	S2-325037913	S2		0.7
S1-488434111	US	false_negative_candidate_miss	S3-4776093	S3		0.7
S1-488434111	US	false_negative_candidate_miss	S3-689076996	S3		0.7
S1-488725909	India	false_negative_candidate_miss	S2-902946515	S2		0.7
S1-488875621	US	false_negative_candidate_miss	S2-146567710	S2		0.7
S1-489123250	India	false_negative_candidate_miss	S2-314592160	S2		0.7
S1-489514813	India	false_negative_candidate_miss	S2-346330779	S2		0.7
S1-489514813	India	false_negative_candidate_miss	S2-425513984	S2		0.7
S1-489608632	India	false_negative_candidate_miss	S3-107980866	S3		0.7
S1-489608632	India	false_negative_candidate_miss	S3-252392535	S3		0.7
S1-489608632	India	false_negative_candidate_miss	S3-256666090	S3		0.7
S1-489778402	India	false_negative_candidate_miss	S2-198523076	S2		0.7
S1-489778402	India	false_negative_candidate_miss	S2-638760160	S2		0.7
S1-489857550	India	false_negative_candidate_miss	S3-302530949	S3		0.7
S1-489996491	US	false_negative_candidate_miss	S3-763595170	S3		0.7
S1-490002011	US	false_positive	S3-186207861	S3	0.82256045629951746	0.7
S1-490029158	India	false_negative_candidate_miss	S2-724522344	S2		0.7
S1-490481504	US	false_negative_candidate_miss	S2-402881370	S2		0.7
S1-49066513	India	false_negative_candidate_miss	S2-496027067	S2		0.7
S1-49066513	India	false_negative_candidate_miss	S2-767247379	S2		0.7
S1-490805939	India	false_negative_candidate_miss	S2-153425386	S2		0.7
S1-490805939	India	false_negative_candidate_miss	S2-383566736	S2		0.7
S1-490805939	India	false_negative_candidate_miss	S3-711572021	S3		0.7
S1-490805939	India	false_negative_candidate_miss	S3-928702971	S3		0.7
S1-49103910	US	false_negative_candidate_miss	S2-949228051	S2		0.7
S1-49103910	US	false_negative_candidate_miss	S3-755179206	S3		0.7
S1-491101246	US	false_negative_candidate_miss	S2-613951310	S2		0.7
S1-49113284	India	false_negative_candidate_miss	S2-387757407	S2		0.7
S1-49113284	India	false_negative_candidate_miss	S3-864533227	S3		0.7
S1-491508990	India	false_negative_candidate_miss	S2-895156827	S2		0.7
S1-491508990	India	false_negative_candidate_miss	S2-914826082	S2		0.7
S1-491508990	India	false_negative_candidate_miss	S3-240548194	S3		0.7
S1-491508990	India	false_negative_candidate_miss	S3-766394994	S3		0.7
S1-491508990	India	false_negative_candidate_miss	S3-86857992	S3		0.7
S1-491629275	US	false_negative_candidate_miss	S3-288771834	S3		0.7
S1-491728988	India	false_negative_candidate_miss	S2-141832876	S2		0.7
S1-491993266	India	false_negative_candidate_miss	S3-349586256	S3		0.7
S1-491993266	India	false_negative_candidate_miss	S3-891247015	S3		0.7
S1-492163611	India	false_negative_candidate_miss	S3-732592385	S3		0.7
S1-492171674	India	false_negative_candidate_miss	S2-758928949	S2		0.7
S1-492378960	India	false_negative_candidate_miss	S3-922871393	S3		0.7
S1-49246645	US	false_negative_candidate_miss	S2-332260711	S2		0.7
S1-49246645	US	false_negative_candidate_miss	S3-261731613	S3		0.7
S1-492470707	India	false_negative_candidate_miss	S2-934026808	S2		0.7
S1-492470707	India	false_negative_candidate_miss	S3-517226405	S3		0.7
S1-492470707	India	false_negative_candidate_miss	S3-676500891	S3		0.7
S1-493267177	US	false_negative_candidate_miss	S2-858263573	S2		0.7
S1-493305518	India	false_negative_candidate_miss	S2-98185456	S2		0.7
S1-493305518	India	false_negative_candidate_miss	S3-830578009	S3		0.7
S1-493600208	US	false_negative_candidate_miss	S3-166416502	S3		0.7
S1-493600208	US	false_negative_candidate_miss	S3-761523583	S3		0.7
S1-493970408	US	false_negative_candidate_miss	S3-745580145	S3		0.7
S1-494072326	India	false_negative_below_threshold	S3-488986708	S3	0.45346704989370867	0.7
S1-494072326	India	false_negative_candidate_miss	S3-797174927	S3		0.7
S1-494432415	US	false_negative_candidate_miss	S3-248186477	S3		0.7
S1-494432415	US	false_negative_candidate_miss	S3-793562493	S3		0.7
S1-494449358	India	false_negative_candidate_miss	S2-183991449	S2		0.7
S1-494449358	India	false_negative_candidate_miss	S2-384416404	S2		0.7
S1-494449358	India	false_negative_candidate_miss	S3-352965104	S3		0.7
S1-494449358	India	false_negative_candidate_miss	S3-500264845	S3		0.7
S1-494449358	India	false_negative_candidate_miss	S3-689990592	S3		0.7
S1-49451817	India	false_negative_candidate_miss	S2-544373775	S2		0.7
S1-494694696	India	false_negative_candidate_miss	S3-220485830	S3		0.7
S1-495067837	India	false_negative_candidate_miss	S2-349419312	S2		0.7
S1-495067837	India	false_negative_candidate_miss	S2-791995022	S2		0.7
S1-495067837	India	false_negative_candidate_miss	S3-929169466	S3		0.7
S1-495672170	US	false_negative_candidate_miss	S2-464975482	S2		0.7
S1-496096596	US	false_negative_candidate_miss	S3-338024027	S3		0.7
S1-496142807	India	false_negative_candidate_miss	S2-921497737	S2		0.7
S1-496142807	India	false_negative_candidate_miss	S3-744683090	S3		0.7
S1-496148473	India	false_negative_candidate_miss	S2-103202871	S2		0.7
S1-496148473	India	false_negative_candidate_miss	S2-399684261	S2		0.7
S1-496148473	India	false_negative_candidate_miss	S3-338162303	S3		0.7
S1-496148473	India	false_negative_candidate_miss	S3-952892656	S3		0.7
S1-496162671	India	false_negative_candidate_miss	S3-562726035	S3		0.7
S1-496292810	India	false_positive	S2-198367758	S2	0.99697618639160523	0.7
S1-496292810	India	false_negative_candidate_miss	S2-708468923	S2		0.7
S1-496712660	India	false_negative_below_threshold	S2-463891842	S2	0.65643543577302577	0.7
S1-497256307	India	false_negative_candidate_miss	S2-18190376	S2		0.7
S1-497256307	India	false_negative_candidate_miss	S2-333205491	S2		0.7
S1-497321765	India	false_negative_candidate_miss	S2-780491972	S2		0.7
S1-497407536	US	false_negative_candidate_miss	S2-8873441	S2		0.7
S1-497422523	India	false_negative_candidate_miss	S2-461897315	S2		0.7
S1-497422523	India	false_negative_candidate_miss	S2-893864689	S2		0.7
S1-497676208	US	false_positive	S2-218846012	S2	0.85520084445063871	0.7
S1-497676208	US	false_negative_candidate_miss	S3-740362280	S3		0.7
S1-497738703	US	false_negative_candidate_miss	S2-25415180	S2		0.7
S1-497738703	US	false_negative_candidate_miss	S2-84305216	S2		0.7
S1-497880654	India	false_negative_candidate_miss	S2-615247044	S2		0.7
S1-497880654	India	false_negative_candidate_miss	S2-667400590	S2		0.7
S1-498418136	US	false_negative_below_threshold	S3-6884009	S3	0.4294328040052644	0.7
S1-49842844	US	false_negative_below_threshold	S2-224796529	S2	0.5695263427913192	0.7
S1-49842844	US	false_negative_candidate_miss	S2-429745838	S2		0.7
S1-49842844	US	false_negative_candidate_miss	S3-607674826	S3		0.7
S1-498655958	US	false_negative_candidate_miss	S2-330350020	S2		0.7
S1-499060984	US	false_negative_candidate_miss	S2-987069534	S2		0.7
S1-499518582	US	false_negative_candidate_miss	S2-989955134	S2		0.7
S1-499518582	US	false_negative_below_threshold	S3-203220802	S3	0.036025101904454904	0.7
S1-499520814	India	false_negative_candidate_miss	S2-297058145	S2		0.7
S1-4996895	US	false_negative_candidate_miss	S2-727616128	S2		0.7
S1-499789647	US	false_positive	S3-676761399	S3	0.98488267119544637	0.7
S1-500487894	US	false_positive	S2-982834892	S2	0.89350360619071734	0.7
S1-500539572	India	false_negative_candidate_miss	S2-744709823	S2		0.7
S1-500539572	India	false_negative_candidate_miss	S2-754574237	S2		0.7
S1-500687770	India	false_positive	S3-184655691	S3	0.91620729560487335	0.7
S1-500717439	US	false_negative_candidate_miss	S3-713297122	S3		0.7
S1-501077211	India	false_negative_candidate_miss	S2-67424462	S2		0.7
S1-501077211	India	false_negative_candidate_miss	S3-373495195	S3		0.7
S1-501077211	India	false_negative_candidate_miss	S3-630258623	S3		0.7
S1-501247112	US	false_negative_candidate_miss	S2-745857306	S2		0.7
S1-501247112	US	false_negative_candidate_miss	S3-808527678	S3		0.7
S1-50143922	US	false_negative_candidate_miss	S3-215145835	S3		0.7
S1-501460348	India	false_negative_candidate_miss	S2-986877628	S2		0.7
S1-502035645	US	false_negative_candidate_miss	S3-916785976	S3		0.7
S1-502460662	US	false_negative_candidate_miss	S2-156968399	S2		0.7
S1-502460662	US	false_negative_candidate_miss	S3-65289663	S3		0.7
S1-502460662	US	false_negative_candidate_miss	S3-958521804	S3		0.7
S1-502642264	India	false_negative_candidate_miss	S2-625974238	S2		0.7
S1-502642264	India	false_negative_candidate_miss	S3-517318227	S3		0.7
S1-502642264	India	false_negative_candidate_miss	S3-859736521	S3		0.7
S1-502763769	India	false_negative_below_threshold	S3-30069087	S3	0.019983422309208417	0.7
S1-502819794	US	false_negative_candidate_miss	S3-549233469	S3		0.7
S1-503378587	India	false_negative_candidate_miss	S2-324465568	S2		0.7
S1-503378587	India	false_negative_candidate_miss	S3-312332079	S3		0.7
S1-503518275	India	false_negative_candidate_miss	S3-741374310	S3		0.7
S1-503631060	US	false_negative_below_threshold	S2-900550565	S2	0.58592492030730992	0.7
S1-5036342	US	false_positive	S2-409233769	S2	0.97438174817821144	0.7
S1-503700831	US	false_negative_candidate_miss	S3-379548565	S3		0.7
S1-503752130	US	false_negative_candidate_miss	S3-864070403	S3		0.7
S1-503855242	India	false_negative_candidate_miss	S3-599453702	S3		0.7
S1-504089548	US	false_negative_candidate_miss	S2-348150302	S2		0.7
S1-504089548	US	false_negative_candidate_miss	S3-584365175	S3		0.7
S1-504106949	US	false_positive	S3-134806066	S3	0.74137767870036442	0.7
S1-504106949	US	false_negative_candidate_miss	S2-636337787	S2		0.7
S1-504106949	US	false_negative_candidate_miss	S2-93465894	S2		0.7
S1-504106949	US	false_negative_candidate_miss	S3-323087170	S3		0.7
S1-504106949	US	false_negative_candidate_miss	S3-585792035	S3		0.7
S1-50414253	India	false_negative_candidate_miss	S2-22017823	S2		0.7
S1-50414253	India	false_negative_candidate_miss	S3-986541393	S3		0.7
S1-504298392	US	false_negative_candidate_miss	S3-337504079	S3		0.7
S1-504372886	India	false_negative_candidate_miss	S3-909525987	S3		0.7
S1-504372886	India	false_negative_candidate_miss	S3-967373300	S3		0.7
S1-504490682	India	false_negative_candidate_miss	S2-644265188	S2		0.7
S1-504491871	India	false_negative_candidate_miss	S2-478406478	S2		0.7
S1-504491871	India	false_negative_candidate_miss	S2-962051176	S2		0.7
S1-504491871	India	false_negative_candidate_miss	S3-676999110	S3		0.7
S1-504491871	India	false_negative_candidate_miss	S3-721660066	S3		0.7
S1-504573339	India	false_negative_candidate_miss	S2-797920123	S2		0.7
S1-504573339	India	false_negative_candidate_miss	S3-58580243	S3		0.7
S1-504573339	India	false_negative_candidate_miss	S3-684001745	S3		0.7
S1-504652486	US	false_negative_candidate_miss	S3-513826640	S3		0.7
S1-504683882	India	false_negative_candidate_miss	S2-127094042	S2		0.7
S1-504683882	India	false_negative_candidate_miss	S3-551586444	S3		0.7
S1-504740009	India	false_negative_candidate_miss	S3-652968871	S3		0.7
S1-504951160	India	false_negative_candidate_miss	S2-127910670	S2		0.7
S1-504951160	India	false_negative_candidate_miss	S2-791631204	S2		0.7
S1-504951160	India	false_negative_candidate_miss	S3-33571276	S3		0.7
S1-505250906	India	false_negative_candidate_miss	S2-447075145	S2		0.7
S1-505593404	US	false_positive	S2-300639797	S2	0.71568845237153456	0.7
S1-505593404	US	false_negative_candidate_miss	S2-798834854	S2		0.7
S1-505593404	US	false_negative_candidate_miss	S3-574648172	S3		0.7
S1-505976853	India	false_negative_candidate_miss	S2-427898356	S2		0.7
S1-505976853	India	false_negative_candidate_miss	S3-86672031	S3		0.7
S1-506055122	India	false_negative_candidate_miss	S3-837205432	S3		0.7
S1-506055122	India	false_negative_candidate_miss	S3-901874039	S3		0.7
S1-50610532	India	false_negative_candidate_miss	S3-476085742	S3		0.7
S1-50610532	India	false_negative_candidate_miss	S3-511567594	S3		0.7
S1-506168761	India	false_negative_candidate_miss	S2-471107241	S2		0.7
S1-506458869	India	false_positive	S2-113156092	S2	0.79243694657849106	0.7
S1-506458869	India	false_positive	S2-729088730	S2	0.78549098035836318	0.7
S1-506458869	India	false_negative_candidate_miss	S2-949804373	S2		0.7
S1-507732354	India	false_negative_candidate_miss	S2-650200446	S2		0.7
S1-507732354	India	false_negative_below_threshold	S3-22066939	S3	0.056213065484467604	0.7
S1-507732354	India	false_negative_below_threshold	S3-336197328	S3	0.07565051295450477	0.7
S1-50812775	US	false_negative_candidate_miss	S2-766443120	S2		0.7
S1-508136127	US	false_negative_candidate_miss	S2-758461506	S2		0.7
S1-508298823	India	false_negative_candidate_miss	S2-337498811	S2		0.7
S1-508298823	India	false_negative_candidate_miss	S2-603882795	S2		0.7
S1-508298823	India	false_negative_candidate_miss	S3-340191532	S3		0.7
S1-508486888	US	false_negative_below_threshold	S2-79949916	S2	0.53013485076856215	0.7
S1-508639797	India	false_negative_candidate_miss	S2-483090803	S2		0.7
S1-508639797	India	false_negative_candidate_miss	S2-921277742	S2		0.7
S1-508670845	US	false_negative_candidate_miss	S2-346519259	S2		0.7
S1-508928764	US	false_negative_candidate_miss	S2-912747696	S2		0.7
S1-508928764	US	false_negative_candidate_miss	S3-202882766	S3		0.7
S1-50931726	US	false_negative_candidate_miss	S2-587218189	S2		0.7
S1-50934235	US	false_negative_candidate_miss	S2-964272205	S2		0.7
S1-50934235	US	false_negative_candidate_miss	S3-608378569	S3		0.7
S1-509413100	US	false_negative_candidate_miss	S2-609033383	S2		0.7
S1-509833725	India	false_negative_candidate_miss	S2-128667430	S2		0.7
S1-509833725	India	false_negative_candidate_miss	S2-620459915	S2		0.7
S1-510013773	US	false_negative_candidate_miss	S2-968604447	S2		0.7
S1-510200950	India	false_negative_candidate_miss	S2-207060533	S2		0.7
S1-510200950	India	false_negative_candidate_miss	S3-417424814	S3		0.7
S1-510810133	India	false_positive	S3-937035213	S3	0.90652079642878136	0.7
S1-510911893	US	false_negative_candidate_miss	S3-642597954	S3		0.7
S1-511162612	India	false_negative_candidate_miss	S3-847159675	S3		0.7
S1-51116420	US	false_negative_candidate_miss	S3-293806171	S3		0.7
S1-51116420	US	false_negative_candidate_miss	S3-491650884	S3		0.7
S1-511313690	US	false_negative_candidate_miss	S2-311499602	S2		0.7
S1-511313690	US	false_negative_candidate_miss	S2-684752528	S2		0.7
S1-511337933	US	false_negative_candidate_miss	S2-943544037	S2		0.7
S1-511469663	US	false_negative_candidate_miss	S2-884352943	S2		0.7
S1-511469663	US	false_negative_candidate_miss	S3-541155070	S3		0.7
S1-511624375	US	false_negative_candidate_miss	S3-732499204	S3		0.7
S1-511997946	India	false_negative_candidate_miss	S2-320360613	S2		0.7
S1-512014871	US	false_positive	S3-571128184	S3	0.96682922644833291	0.7
S1-512014871	US	false_negative_candidate_miss	S2-527261122	S2		0.7
S1-512014871	US	false_negative_candidate_miss	S2-835778295	S2		0.7
S1-512852784	India	false_negative_candidate_miss	S2-91155484	S2		0.7
S1-512852784	India	false_negative_below_threshold	S3-77145114	S3	0.61026363239708981	0.7
S1-513184641	US	false_positive	S3-729911622	S3	0.74690635504828418	0.7
S1-513603111	India	false_negative_candidate_miss	S2-284589800	S2		0.7
S1-513682405	India	false_negative_candidate_miss	S2-531728365	S2		0.7
S1-513682405	India	false_negative_candidate_miss	S2-68907623	S2		0.7
S1-514521936	India	false_negative_candidate_miss	S2-722924467	S2		0.7
S1-514521936	India	false_negative_candidate_miss	S3-97695172	S3		0.7
S1-514960833	India	false_negative_candidate_miss	S2-459522908	S2		0.7
S1-514960833	India	false_negative_candidate_miss	S2-612348820	S2		0.7
S1-514960833	India	false_negative_candidate_miss	S2-671090929	S2		0.7
S1-514960833	India	false_negative_candidate_miss	S3-69856047	S3		0.7
S1-514960833	India	false_negative_candidate_miss	S3-832190896	S3		0.7
S1-514960833	India	false_negative_candidate_miss	S3-883582196	S3		0.7
S1-515101302	India	false_negative_candidate_miss	S2-2124092	S2		0.7
S1-515232280	US	false_negative_below_threshold	S2-111157067	S2	0.61216443129669029	0.7
S1-515232280	US	false_negative_candidate_miss	S3-971599878	S3		0.7
S1-515232280	US	false_negative_candidate_miss	S3-989187174	S3		0.7
S1-515364533	US	false_negative_candidate_miss	S3-520916905	S3		0.7
S1-515491392	India	false_negative_candidate_miss	S2-771383860	S2		0.7
S1-515491392	India	false_negative_candidate_miss	S3-319912838	S3		0.7
S1-515491392	India	false_negative_candidate_miss	S3-358300049	S3		0.7
S1-515491392	India	false_negative_below_threshold	S3-384124709	S3	0.50500740952876932	0.7
S1-515548222	US	false_negative_candidate_miss	S3-815866312	S3		0.7
S1-515622597	US	false_positive	S3-394799435	S3	0.76196047138432521	0.7
S1-51569038	India	false_negative_candidate_miss	S2-160322629	S2		0.7
S1-515872937	US	false_negative_candidate_miss	S3-133045993	S3		0.7
S1-515966117	US	false_negative_candidate_miss	S2-463700627	S2		0.7
S1-516216460	US	false_negative_candidate_miss	S2-250735204	S2		0.7
S1-516216460	US	false_negative_candidate_miss	S3-348055164	S3		0.7
S1-51626332	India	false_negative_candidate_miss	S2-611754078	S2		0.7
S1-516289985	India	false_negative_candidate_miss	S2-662119607	S2		0.7
S1-516289985	India	false_negative_candidate_miss	S3-65857337	S3		0.7
S1-516567621	US	false_negative_candidate_miss	S3-271127629	S3		0.7
S1-516567621	US	false_negative_candidate_miss	S3-703522834	S3		0.7
S1-516938772	US	false_negative_candidate_miss	S2-570572454	S2		0.7
S1-516938772	US	false_negative_candidate_miss	S3-800080076	S3		0.7
S1-51696427	India	false_negative_candidate_miss	S3-590046383	S3		0.7
S1-51696427	India	false_negative_candidate_miss	S3-951133906	S3		0.7
S1-51702948	India	false_negative_candidate_miss	S2-28968353	S2		0.7
S1-517240310	India	false_negative_candidate_miss	S2-706322953	S2		0.7
S1-517240310	India	false_negative_candidate_miss	S3-877336434	S3		0.7
S1-517701136	US	false_negative_candidate_miss	S2-989534732	S2		0.7
S1-5181889	US	false_negative_candidate_miss	S3-975598903	S3		0.7
S1-518247477	India	false_negative_candidate_miss	S3-174381172	S3		0.7
S1-518289473	India	false_negative_candidate_miss	S3-613608910	S3		0.7
S1-518512854	US	false_positive	S3-36602093	S3	0.93945984528278292	0.7
S1-518611050	US	false_positive	S3-612041913	S3	0.81352649901786667	0.7
S1-518611050	US	false_positive	S3-644394429	S3	0.94358676987645218	0.7
S1-518907064	India	false_negative_candidate_miss	S2-19173662	S2		0.7
S1-518907064	India	false_negative_candidate_miss	S2-45718865	S2		0.7
S1-518907064	India	false_negative_candidate_miss	S3-234217878	S3		0.7
S1-518907064	India	false_negative_candidate_miss	S3-528192612	S3		0.7
S1-518999101	US	false_negative_candidate_miss	S3-90415544	S3		0.7
S1-519171844	India	false_negative_candidate_miss	S3-792805602	S3		0.7
S1-51922681	US	false_negative_candidate_miss	S3-989476562	S3		0.7
S1-519396973	US	false_negative_candidate_miss	S3-954787067	S3		0.7
S1-519575678	India	false_negative_candidate_miss	S2-349867911	S2		0.7
S1-519575678	India	false_negative_candidate_miss	S2-389587018	S2		0.7
S1-519575678	India	false_negative_candidate_miss	S2-770300096	S2		0.7
S1-519575678	India	false_negative_candidate_miss	S3-162982914	S3		0.7
S1-519575678	India	false_negative_candidate_miss	S3-555986110	S3		0.7
S1-519575678	India	false_negative_candidate_miss	S3-58897589	S3		0.7
S1-519728322	India	false_negative_candidate_miss	S2-444319175	S2		0.7
S1-519728322	India	false_negative_candidate_miss	S2-591131229	S2		0.7
S1-519728322	India	false_negative_candidate_miss	S3-837709780	S3		0.7
S1-520220554	India	false_negative_candidate_miss	S3-503842974	S3		0.7
S1-520285408	India	false_negative_candidate_miss	S2-752159031	S2		0.7
S1-520285408	India	false_negative_candidate_miss	S3-510056679	S3		0.7
S1-520340348	US	false_negative_candidate_miss	S2-988516168	S2		0.7
S1-520512995	India	false_negative_candidate_miss	S2-654862615	S2		0.7
S1-520722573	India	false_negative_candidate_miss	S3-805470021	S3		0.7
S1-521150681	India	false_negative_candidate_miss	S3-198266289	S3		0.7
S1-521165670	US	false_negative_candidate_miss	S3-335462991	S3		0.7
S1-521207159	India	false_negative_candidate_miss	S3-336294769	S3		0.7
S1-521207159	India	false_negative_candidate_miss	S3-490510335	S3		0.7
S1-521332622	US	false_positive	S3-798344931	S3	0.93317358384654769	0.7
S1-521852819	India	false_negative_candidate_miss	S2-54788049	S2		0.7
S1-521852819	India	false_negative_candidate_miss	S2-743084529	S2		0.7
S1-521852819	India	false_negative_candidate_miss	S3-567422084	S3		0.7
S1-521975056	US	false_negative_candidate_miss	S3-919245446	S3		0.7
S1-52203571	India	false_negative_candidate_miss	S3-526466693	S3		0.7
S1-52203571	India	false_negative_candidate_miss	S3-743890637	S3		0.7
S1-52203571	India	false_negative_candidate_miss	S3-915334497	S3		0.7
S1-522385655	India	false_negative_candidate_miss	S2-518344522	S2		0.7
S1-522798791	US	false_negative_candidate_miss	S2-658444992	S2		0.7
S1-52300094	US	false_negative_candidate_miss	S2-757827213	S2		0.7
S1-52300094	US	false_negative_candidate_miss	S3-511455741	S3		0.7
S1-523487956	India	false_negative_candidate_miss	S2-148850301	S2		0.7
S1-523487956	India	false_negative_candidate_miss	S3-135530718	S3		0.7
S1-523695572	India	false_negative_candidate_miss	S3-957184895	S3		0.7
S1-5243639	India	false_positive	S3-600014717	S3	0.9879456773721943	0.7
S1-5243639	India	false_negative_candidate_miss	S2-855715750	S2		0.7
S1-524829226	US	false_negative_below_threshold	S3-316427754	S3	0.52866267262769207	0.7
S1-524875534	India	false_negative_candidate_miss	S3-958027713	S3		0.7
S1-524981011	India	false_negative_candidate_miss	S3-291518140	S3		0.7
S1-525289482	India	false_negative_candidate_miss	S2-964962780	S2		0.7
S1-525502579	India	false_negative_candidate_miss	S3-792789188	S3		0.7
S1-525659966	US	false_negative_candidate_miss	S3-872578523	S3		0.7
S1-525732300	US	false_negative_candidate_miss	S3-182046613	S3		0.7
S1-525862820	US	false_negative_candidate_miss	S3-884046920	S3		0.7
S1-525897207	India	false_negative_candidate_miss	S2-150837767	S2		0.7
S1-525897207	India	false_negative_candidate_miss	S2-28031130	S2		0.7
S1-525897207	India	false_negative_candidate_miss	S3-387007637	S3		0.7
S1-525897207	India	false_negative_candidate_miss	S3-50461107	S3		0.7
S1-526637822	India	false_negative_candidate_miss	S2-758660209	S2		0.7
S1-526637822	India	false_negative_candidate_miss	S3-636816897	S3		0.7
S1-526772673	India	false_negative_candidate_miss	S2-506391464	S2		0.7
S1-526772673	India	false_negative_candidate_miss	S3-257819436	S3		0.7
S1-526772673	India	false_negative_candidate_miss	S3-734224486	S3		0.7
S1-526821475	US	false_negative_candidate_miss	S2-879133405	S2		0.7
S1-526829271	US	false_positive	S3-947618834	S3	0.95487873655094535	0.7
S1-526949630	India	false_negative_candidate_miss	S2-871648248	S2		0.7
S1-526949630	India	false_negative_candidate_miss	S3-516223074	S3		0.7
S1-52697601	US	false_positive	S2-73886243	S2	0.85520084445063871	0.7
S1-527349524	US	false_negative_candidate_miss	S2-587007327	S2		0.7
S1-528303211	US	false_positive	S2-533871973	S2	0.83488364039832796	0.7
S1-528470126	India	false_negative_candidate_miss	S2-817624942	S2		0.7
S1-52870606	US	false_negative_candidate_miss	S3-94714129	S3		0.7
S1-528908019	US	false_negative_candidate_miss	S2-573057942	S2		0.7
S1-529013420	India	false_negative_candidate_miss	S2-512578684	S2		0.7
S1-529085492	India	false_negative_candidate_miss	S2-859551862	S2		0.7
S1-529085492	India	false_negative_candidate_miss	S3-576023421	S3		0.7
S1-529281567	US	false_negative_candidate_miss	S2-779590185	S2		0.7
S1-529281567	US	false_negative_candidate_miss	S3-69061992	S3		0.7
S1-52965471	US	false_negative_below_threshold	S2-328535049	S2	0.58592492030730992	0.7
S1-529787825	India	false_negative_candidate_miss	S2-719077936	S2		0.7
S1-530047001	US	false_negative_candidate_miss	S2-931805101	S2		0.7
S1-530095101	US	false_negative_candidate_miss	S3-863062817	S3		0.7
S1-531251026	India	false_negative_candidate_miss	S2-644390378	S2		0.7
S1-531251026	India	false_negative_candidate_miss	S3-61403029	S3		0.7
S1-531251026	India	false_negative_candidate_miss	S3-764951258	S3		0.7
S1-532295014	India	false_negative_candidate_miss	S2-796994023	S2		0.7
S1-532517868	India	false_negative_candidate_miss	S3-783031031	S3		0.7
S1-533009434	US	false_negative_candidate_miss	S3-221358117	S3		0.7
S1-533174688	India	false_negative_candidate_miss	S2-488571845	S2		0.7
S1-533174688	India	false_negative_candidate_miss	S3-158018374	S3		0.7
S1-533253247	US	false_negative_candidate_miss	S2-828517649	S2		0.7
S1-533253247	US	false_negative_candidate_miss	S3-611314346	S3		0.7
S1-533255139	US	false_negative_candidate_miss	S2-780111984	S2		0.7
S1-533255139	US	false_negative_candidate_miss	S3-358218697	S3		0.7
S1-533664709	India	false_negative_candidate_miss	S2-728132234	S2		0.7
S1-533777245	US	false_negative_candidate_miss	S3-777962987	S3		0.7
S1-53429154	US	false_negative_candidate_miss	S2-387914734	S2		0.7
S1-534337342	India	false_negative_below_threshold	S3-789838421	S3	0.51233739599893469	0.7
S1-534458993	US	false_negative_candidate_miss	S2-774864023	S2		0.7
S1-534741930	India	false_negative_candidate_miss	S3-649460339	S3		0.7
S1-535404291	India	false_negative_candidate_miss	S2-237414246	S2		0.7
S1-535571510	India	false_negative_candidate_miss	S2-586132661	S2		0.7
S1-535571510	India	false_negative_candidate_miss	S3-44919303	S3		0.7
S1-535571510	India	false_negative_candidate_miss	S3-719445943	S3		0.7
S1-535579588	US	false_negative_candidate_miss	S2-586191120	S2		0.7
S1-535719608	US	false_negative_candidate_miss	S2-773798547	S2		0.7
S1-535719608	US	false_negative_candidate_miss	S3-264416854	S3		0.7
S1-535841968	US	false_negative_candidate_miss	S3-226476058	S3		0.7
S1-536224689	US	false_negative_candidate_miss	S3-145026578	S3		0.7
S1-53628736	US	false_negative_candidate_miss	S3-626040385	S3		0.7
S1-536393384	India	false_negative_candidate_miss	S2-963877797	S2		0.7
S1-536505796	India	false_negative_candidate_miss	S2-635654027	S2		0.7
S1-536663134	India	false_negative_candidate_miss	S3-332814757	S3		0.7
S1-536817927	India	false_negative_candidate_miss	S2-784731649	S2		0.7
S1-536817927	India	false_negative_candidate_miss	S3-773631805	S3		0.7
S1-538319065	India	false_negative_below_threshold	S2-430687010	S2	0.57466913244779771	0.7
S1-538415507	India	false_negative_candidate_miss	S2-481726462	S2		0.7
S1-538415507	India	false_negative_candidate_miss	S3-319763445	S3		0.7
S1-538416391	India	false_negative_candidate_miss	S3-876050081	S3		0.7
S1-538608326	India	false_negative_candidate_miss	S2-290704936	S2		0.7
S1-538608326	India	false_negative_candidate_miss	S3-45676054	S3		0.7
S1-538659630	US	false_negative_candidate_miss	S3-538296981	S3		0.7
S1-538671446	US	false_negative_candidate_miss	S2-329653250	S2		0.7
S1-53887840	US	false_negative_candidate_miss	S3-162022730	S3		0.7
S1-539134187	India	false_negative_candidate_miss	S3-462531776	S3		0.7
S1-539174620	US	false_negative_candidate_miss	S2-117647391	S2		0.7
S1-539174620	US	false_negative_candidate_miss	S2-697070035	S2		0.7
S1-539174620	US	false_negative_candidate_miss	S3-451808727	S3		0.7
S1-539174620	US	false_negative_below_threshold	S3-55227525	S3	0.67419408563816308	0.7
S1-539486506	US	false_negative_candidate_miss	S2-816043087	S2		0.7
S1-539486506	US	false_negative_candidate_miss	S3-693265410	S3		0.7
S1-539486506	US	false_negative_candidate_miss	S3-836784086	S3		0.7
S1-539732636	India	false_negative_candidate_miss	S2-255999415	S2		0.7
S1-539732636	India	false_negative_candidate_miss	S3-743104831	S3		0.7
S1-540139250	US	false_negative_candidate_miss	S2-861084905	S2		0.7
S1-540139250	US	false_negative_candidate_miss	S3-650864292	S3		0.7
S1-540139250	US	false_negative_candidate_miss	S3-80261296	S3		0.7
S1-540139250	US	false_negative_candidate_miss	S3-857603843	S3		0.7
S1-540143651	US	false_negative_candidate_miss	S2-993358606	S2		0.7
S1-540143651	US	false_negative_candidate_miss	S3-512849749	S3		0.7
S1-540345846	India	false_negative_candidate_miss	S3-812995305	S3		0.7
S1-540628130	India	false_negative_candidate_miss	S2-439673266	S2		0.7
S1-540628130	India	false_negative_candidate_miss	S3-559862023	S3		0.7
S1-540800363	India	false_negative_candidate_miss	S3-76793708	S3		0.7
S1-54104704	India	false_negative_candidate_miss	S2-704746721	S2		0.7
S1-54104704	India	false_negative_candidate_miss	S2-976529152	S2		0.7
S1-54104704	India	false_negative_candidate_miss	S3-177607910	S3		0.7
S1-54104704	India	false_negative_candidate_miss	S3-902316221	S3		0.7
S1-541822397	India	false_negative_candidate_miss	S2-632261253	S2		0.7
S1-541822397	India	false_negative_candidate_miss	S3-293752766	S3		0.7
S1-541822397	India	false_negative_candidate_miss	S3-978575887	S3		0.7
S1-541891308	US	false_negative_candidate_miss	S2-540542287	S2		0.7
S1-54313809	India	false_negative_candidate_miss	S2-698127766	S2		0.7
S1-54313809	India	false_negative_candidate_miss	S2-873830581	S2		0.7
S1-54313809	India	false_negative_candidate_miss	S3-528898263	S3		0.7
S1-543146945	India	false_negative_candidate_miss	S3-826081845	S3		0.7
S1-543196785	India	false_negative_candidate_miss	S2-434090936	S2		0.7
S1-543223070	India	false_negative_candidate_miss	S2-135910755	S2		0.7
S1-543242535	US	false_negative_candidate_miss	S2-823649847	S2		0.7
S1-543485189	India	false_negative_candidate_miss	S2-684378244	S2		0.7
S1-543485189	India	false_negative_candidate_miss	S2-817428641	S2		0.7
S1-543485189	India	false_negative_candidate_miss	S2-89438814	S2		0.7
S1-543485189	India	false_negative_candidate_miss	S2-98847127	S2		0.7
S1-543485189	India	false_negative_candidate_miss	S3-102163151	S3		0.7
S1-543566388	US	false_negative_candidate_miss	S2-128000220	S2		0.7
S1-543753494	India	false_negative_candidate_miss	S3-120004994	S3		0.7
S1-543759994	US	false_negative_candidate_miss	S2-963300188	S2		0.7
S1-543919067	India	false_positive	S3-815589097	S3	0.95447287886989973	0.7
S1-544179372	US	false_positive	S3-173385363	S3	0.79990597917555883	0.7
S1-544571926	India	false_positive	S2-970715419	S2	0.74997500009576445	0.7
S1-544571926	India	false_negative_candidate_miss	S2-648009893	S2		0.7
S1-544620256	India	false_negative_candidate_miss	S3-554455847	S3		0.7
S1-544649983	US	false_negative_candidate_miss	S3-48982320	S3		0.7
S1-544788909	India	false_negative_candidate_miss	S2-889813074	S2		0.7
S1-544788909	India	false_negative_candidate_miss	S3-722385311	S3		0.7
S1-544788909	India	false_negative_candidate_miss	S3-881840530	S3		0.7
S1-544902191	US	false_negative_candidate_miss	S3-532354340	S3		0.7
S1-545038001	US	false_negative_candidate_miss	S2-230297791	S2		0.7
S1-545038001	US	false_negative_candidate_miss	S3-906419512	S3		0.7
S1-545085927	India	false_negative_candidate_miss	S2-93489208	S2		0.7
S1-545085927	India	false_negative_candidate_miss	S3-994329272	S3		0.7
S1-545141604	India	false_negative_candidate_miss	S2-678374765	S2		0.7
S1-545141604	India	false_negative_candidate_miss	S3-536287688	S3		0.7
S1-545184013	India	false_negative_candidate_miss	S2-116254645	S2		0.7
S1-545184013	India	false_negative_candidate_miss	S2-863115297	S2		0.7
S1-545184013	India	false_negative_candidate_miss	S3-539751552	S3		0.7
S1-545406518	US	false_negative_candidate_miss	S2-19059483	S2		0.7
S1-545739121	US	false_negative_candidate_miss	S2-205420451	S2		0.7
S1-545739121	US	false_negative_candidate_miss	S2-341992517	S2		0.7
S1-546057041	US	false_negative_candidate_miss	S3-418911610	S3		0.7
S1-546075952	US	false_negative_candidate_miss	S3-93268408	S3		0.7
S1-546678302	US	false_negative_candidate_miss	S2-52653174	S2		0.7
S1-546678302	US	false_negative_candidate_miss	S2-801023381	S2		0.7
S1-546678302	US	false_negative_candidate_miss	S3-276172763	S3		0.7
S1-547648947	US	false_negative_candidate_miss	S2-29979676	S2		0.7
S1-547730565	India	false_negative_candidate_miss	S3-527889773	S3		0.7
S1-548049144	India	false_negative_candidate_miss	S2-831624498	S2		0.7
S1-548136131	US	false_negative_candidate_miss	S3-925398759	S3		0.7
S1-548374191	India	false_negative_candidate_miss	S2-553607835	S2		0.7
S1-548374191	India	false_negative_candidate_miss	S3-148869866	S3		0.7
S1-548374191	India	false_negative_candidate_miss	S3-671697612	S3		0.7
S1-548541365	India	false_negative_candidate_miss	S2-835971617	S2		0.7
S1-548555985	India	false_positive	S3-140408214	S3	0.72121069367357105	0.7
S1-548672412	US	false_negative_candidate_miss	S3-912286555	S3		0.7
S1-54927687	India	false_negative_candidate_miss	S2-865259069	S2		0.7
S1-54927687	India	false_negative_candidate_miss	S3-398400174	S3		0.7
S1-549317134	US	false_negative_candidate_miss	S3-214089705	S3		0.7
S1-549338229	US	false_positive	S2-300639797	S2	0.71568845237153456	0.7
S1-549338229	US	false_negative_candidate_miss	S3-486629524	S3		0.7
S1-549695690	India	false_negative_candidate_miss	S2-154042392	S2		0.7
S1-549695690	India	false_negative_candidate_miss	S3-887551581	S3		0.7
S1-549817146	US	false_negative_candidate_miss	S2-845643968	S2		0.7
S1-550045382	US	false_negative_candidate_miss	S3-974590294	S3		0.7
S1-55018761	US	false_positive	S3-573829191	S3	0.74607117742079598	0.7
S1-55040135	US	false_positive	S3-284411145	S3	0.76373392297550335	0.7
S1-550707026	US	false_negative_candidate_miss	S2-873284434	S2		0.7
S1-550775785	India	false_positive	S2-143697877	S2	0.90505394640593206	0.7
S1-550917691	US	false_negative_candidate_miss	S3-532603087	S3		0.7
S1-551199942	US	false_negative_candidate_miss	S2-958462204	S2		0.7
S1-551281197	India	false_positive_singleton	S2-683546686	S2	0.89016171458143645	0.7
S1-551311169	US	false_negative_candidate_miss	S2-945318987	S2		0.7
S1-551349330	US	false_negative_candidate_miss	S2-200757551	S2		0.7
S1-551349330	US	false_negative_candidate_miss	S3-63528202	S3		0.7
S1-551483246	India	false_negative_candidate_miss	S2-876624187	S2		0.7
S1-551578880	India	false_negative_candidate_miss	S3-886579026	S3		0.7
S1-551773556	India	false_negative_candidate_miss	S2-664980156	S2		0.7
S1-551773556	India	false_negative_candidate_miss	S3-74747553	S3		0.7
S1-551773556	India	false_negative_candidate_miss	S3-840686485	S3		0.7
S1-551809981	India	false_negative_candidate_miss	S2-702234376	S2		0.7
S1-552016351	India	false_negative_candidate_miss	S2-174877542	S2		0.7
S1-552016351	India	false_negative_candidate_miss	S2-368130565	S2		0.7
S1-552080373	US	false_negative_below_threshold	S3-986461623	S3	0.63913758803487086	0.7
S1-552080373	US	false_negative_candidate_miss	S3-995868275	S3		0.7
S1-552542399	India	false_negative_candidate_miss	S3-328104081	S3		0.7
S1-552644519	India	false_negative_candidate_miss	S2-560597457	S2		0.7
S1-552920202	India	false_negative_candidate_miss	S3-643932079	S3		0.7
S1-55338490	India	false_negative_below_threshold	S3-368454469	S3	0.17721319181326362	0.7
S1-553649321	US	false_negative_candidate_miss	S2-513319516	S2		0.7
S1-553649321	US	false_negative_candidate_miss	S2-528740422	S2		0.7
S1-553874744	India	false_negative_candidate_miss	S2-600318055	S2		0.7
S1-55399056	US	false_negative_candidate_miss	S3-867844097	S3		0.7
S1-554320181	US	false_negative_candidate_miss	S3-636528714	S3		0.7
S1-554387409	US	false_negative_candidate_miss	S3-356255734	S3		0.7
S1-55454820	India	false_negative_candidate_miss	S3-674690979	S3		0.7
S1-555271730	India	false_negative_candidate_miss	S2-148094336	S2		0.7
S1-555271730	India	false_negative_candidate_miss	S2-436460708	S2		0.7
S1-555271730	India	false_negative_candidate_miss	S2-516186808	S2		0.7
S1-555317039	US	false_negative_candidate_miss	S2-19114617	S2		0.7
S1-5553685	India	false_negative_candidate_miss	S3-228639031	S3		0.7
S1-555535573	India	false_negative_candidate_miss	S2-65579909	S2		0.7
S1-555535573	India	false_negative_candidate_miss	S3-879473268	S3		0.7
S1-555696086	US	false_negative_candidate_miss	S2-202307136	S2		0.7
S1-555732704	US	false_negative_candidate_miss	S3-702675941	S3		0.7
S1-555857957	India	false_negative_candidate_miss	S2-223378475	S2		0.7
S1-555857957	India	false_negative_candidate_miss	S2-370580961	S2		0.7
S1-556450556	US	false_negative_candidate_miss	S2-379229311	S2		0.7
S1-55649037	US	false_negative_candidate_miss	S3-599048191	S3		0.7
S1-556735888	US	false_negative_candidate_miss	S2-763240404	S2		0.7
S1-556735888	US	false_negative_candidate_miss	S3-321492596	S3		0.7
S1-557737267	India	false_negative_candidate_miss	S2-157892769	S2		0.7
S1-557775141	India	false_negative_candidate_miss	S2-529330975	S2		0.7
S1-557775141	India	false_negative_candidate_miss	S2-846784465	S2		0.7
S1-557775141	India	false_negative_candidate_miss	S3-831487215	S3		0.7
S1-55782648	India	false_negative_candidate_miss	S2-283942734	S2		0.7
S1-55782648	India	false_negative_candidate_miss	S3-103658413	S3		0.7
S1-55782648	India	false_negative_candidate_miss	S3-634071738	S3		0.7
S1-55782648	India	false_negative_candidate_miss	S3-815743982	S3		0.7
S1-557855949	India	false_negative_candidate_miss	S3-705638178	S3		0.7
S1-558022712	US	false_negative_candidate_miss	S2-901746077	S2		0.7
S1-558200521	US	false_negative_candidate_miss	S2-501713147	S2		0.7
S1-558200521	US	false_negative_below_threshold	S3-963775260	S3	0.52952507723010089	0.7
S1-55863781	India	false_negative_candidate_miss	S2-674111712	S2		0.7
S1-558756930	India	false_negative_below_threshold	S2-680298638	S2	0.34440374526818268	0.7
S1-558756930	India	false_negative_candidate_miss	S3-396217085	S3		0.7
S1-558856577	India	false_negative_candidate_miss	S2-496715670	S2		0.7
S1-558856577	India	false_negative_candidate_miss	S2-551142302	S2		0.7
S1-559216789	India	false_negative_candidate_miss	S3-8201783	S3		0.7
S1-559496512	US	false_negative_candidate_miss	S3-606375661	S3		0.7
S1-559496512	US	false_negative_candidate_miss	S3-918496673	S3		0.7
S1-55955191	India	false_negative_candidate_miss	S2-33152908	S2		0.7
S1-55955191	India	false_negative_candidate_miss	S2-879839247	S2		0.7
S1-55955191	India	false_negative_candidate_miss	S3-174514043	S3		0.7
S1-55955191	India	false_negative_candidate_miss	S3-348897377	S3		0.7
S1-55955191	India	false_negative_candidate_miss	S3-727838100	S3		0.7
S1-559591578	US	false_negative_candidate_miss	S2-905403937	S2		0.7
S1-559739644	US	false_negative_candidate_miss	S3-536713954	S3		0.7
S1-559905883	India	false_negative_candidate_miss	S2-757915013	S2		0.7
S1-559905883	India	false_negative_candidate_miss	S3-25948595	S3		0.7
S1-559947338	India	false_negative_candidate_miss	S2-401843119	S2		0.7
S1-559947338	India	false_negative_candidate_miss	S3-822386595	S3		0.7
S1-56033626	US	false_negative_candidate_miss	S3-215561886	S3		0.7
S1-560467962	US	false_positive	S2-368282076	S2	0.9843770977561942	0.7
S1-560467962	US	false_negative_candidate_miss	S2-448137284	S2		0.7
S1-560467962	US	false_negative_candidate_miss	S3-648762139	S3		0.7
S1-560467962	US	false_negative_candidate_miss	S3-984642258	S3		0.7
S1-560652409	US	false_positive	S3-67089909	S3	0.92361220641467845	0.7
S1-560652409	US	false_negative_candidate_miss	S2-992015999	S2		0.7
S1-560864398	India	false_positive	S2-467754934	S2	0.92020801258465867	0.7
S1-561055186	US	false_negative_candidate_miss	S3-168695136	S3		0.7
S1-561055186	US	false_negative_candidate_miss	S3-67624286	S3		0.7
S1-561286118	US	false_negative_candidate_miss	S2-782530701	S2		0.7
S1-561286118	US	false_negative_candidate_miss	S3-305701439	S3		0.7
S1-561286118	US	false_negative_candidate_miss	S3-870639280	S3		0.7
S1-561471436	US	false_negative_candidate_miss	S2-832942464	S2		0.7
S1-561471436	US	false_negative_candidate_miss	S2-972024874	S2		0.7
S1-561471436	US	false_negative_candidate_miss	S3-95301525	S3		0.7
S1-561542016	India	false_negative_candidate_miss	S2-12450570	S2		0.7
S1-561542016	India	false_negative_below_threshold	S2-188131570	S2	0.046665534680296834	0.7
S1-561542016	India	false_negative_candidate_miss	S2-887250101	S2		0.7
S1-561542016	India	false_negative_candidate_miss	S3-222222172	S3		0.7
S1-561605852	India	false_negative_candidate_miss	S3-812280280	S3		0.7
S1-561742567	US	false_negative_candidate_miss	S2-529014223	S2		0.7
S1-561876128	India	false_negative_candidate_miss	S2-200457923	S2		0.7
S1-561876128	India	false_negative_candidate_miss	S3-602449239	S3		0.7
S1-56190188	India	false_positive_singleton	S3-932404023	S3	0.91182177916953133	0.7
S1-562104270	US	false_positive	S3-891936606	S3	0.92933019473657419	0.7
S1-562168337	India	false_negative_candidate_miss	S3-584756015	S3		0.7
S1-562208132	India	false_negative_candidate_miss	S2-360926405	S2		0.7
S1-562387797	US	false_negative_candidate_miss	S2-972256640	S2		0.7
S1-562895875	US	false_negative_candidate_miss	S3-169271323	S3		0.7
S1-563242137	India	false_negative_candidate_miss	S2-322553834	S2		0.7
S1-563242137	India	false_negative_candidate_miss	S3-656467795	S3		0.7
S1-563242137	India	false_negative_candidate_miss	S3-767937563	S3		0.7
S1-563647746	India	false_negative_candidate_miss	S3-399621127	S3		0.7
S1-563691446	India	false_negative_below_threshold	S2-558147253	S2	0.06145541118251855	0.7
S1-563722257	US	false_negative_candidate_miss	S2-345564340	S2		0.7
S1-563769318	US	false_negative_candidate_miss	S3-553392295	S3		0.7
S1-564219549	US	false_negative_candidate_miss	S2-840187419	S2		0.7
S1-564284874	India	false_negative_candidate_miss	S2-354365893	S2		0.7
S1-564284874	India	false_negative_candidate_miss	S2-503598936	S2		0.7
S1-564284874	India	false_negative_candidate_miss	S2-578781271	S2		0.7
S1-564284874	India	false_negative_candidate_miss	S2-711025525	S2		0.7
S1-564284874	India	false_negative_candidate_miss	S3-635748509	S3		0.7
S1-564381397	India	false_negative_candidate_miss	S2-110111442	S2		0.7
S1-564381397	India	false_negative_candidate_miss	S3-250590778	S3		0.7
S1-564592847	India	false_negative_candidate_miss	S2-719955708	S2		0.7
S1-565301034	India	false_negative_candidate_miss	S3-921843790	S3		0.7
S1-565461351	US	false_negative_candidate_miss	S2-980489528	S2		0.7
S1-565925751	US	false_negative_candidate_miss	S2-202053260	S2		0.7
S1-566049535	India	false_negative_candidate_miss	S2-138514774	S2		0.7
S1-566049535	India	false_negative_candidate_miss	S2-553666201	S2		0.7
S1-566049535	India	false_negative_candidate_miss	S2-620826748	S2		0.7
S1-566049535	India	false_negative_candidate_miss	S2-661324260	S2		0.7
S1-566049535	India	false_negative_candidate_miss	S3-826324596	S3		0.7
S1-566414304	US	false_negative_candidate_miss	S2-545562858	S2		0.7
S1-566414304	US	false_negative_candidate_miss	S3-811805173	S3		0.7
S1-566504681	India	false_negative_candidate_miss	S2-690432873	S2		0.7
S1-566504681	India	false_negative_candidate_miss	S3-189477992	S3		0.7
S1-566590184	India	false_negative_below_threshold	S2-401961127	S2	0.056476131326257326	0.7
S1-566894703	US	false_negative_below_threshold	S2-283953773	S2	0.60535866105891856	0.7
S1-566913931	India	false_negative_candidate_miss	S2-2726522	S2		0.7
S1-566913931	India	false_negative_candidate_miss	S3-129381205	S3		0.7
S1-566913931	India	false_negative_candidate_miss	S3-968630574	S3		0.7
S1-566990037	US	false_negative_candidate_miss	S3-552724721	S3		0.7
S1-567172135	US	false_negative_candidate_miss	S3-231987591	S3		0.7
S1-567591337	India	false_negative_candidate_miss	S2-277961251	S2		0.7
S1-567591337	India	false_negative_candidate_miss	S2-616603380	S2		0.7
S1-567591337	India	false_negative_candidate_miss	S3-373582465	S3		0.7
S1-567763494	US	false_negative_candidate_miss	S2-576905815	S2		0.7
S1-567857234	US	false_negative_candidate_miss	S3-835037304	S3		0.7
S1-568343096	India	false_negative_candidate_miss	S2-457210977	S2		0.7
S1-568343096	India	false_negative_candidate_miss	S3-619095154	S3		0.7
S1-5685118	India	false_negative_candidate_miss	S3-8485349	S3		0.7
S1-568528698	US	false_negative_candidate_miss	S2-575342003	S2		0.7
S1-568528698	US	false_negative_candidate_miss	S3-381786203	S3		0.7
S1-568702768	India	false_negative_candidate_miss	S2-456125526	S2		0.7
S1-568702768	India	false_negative_candidate_miss	S2-601204485	S2		0.7
S1-569059889	US	false_positive	S3-434813003	S3	0.9991375702536216	0.7
S1-569070853	India	false_negative_candidate_miss	S3-616901327	S3		0.7
S1-569070853	India	false_negative_candidate_miss	S3-765751435	S3		0.7
S1-569131907	India	false_negative_candidate_miss	S2-341146636	S2		0.7
S1-569131907	India	false_negative_candidate_miss	S3-279018004	S3		0.7
S1-569131907	India	false_negative_candidate_miss	S3-367666918	S3		0.7
S1-569131907	India	false_negative_candidate_miss	S3-567731730	S3		0.7
S1-569179691	India	false_negative_candidate_miss	S2-726929730	S2		0.7
S1-569179691	India	false_negative_candidate_miss	S3-596681086	S3		0.7
S1-569179691	India	false_negative_candidate_miss	S3-802192255	S3		0.7
S1-569179691	India	false_negative_candidate_miss	S3-847996092	S3		0.7
S1-569417138	India	false_negative_candidate_miss	S3-774758913	S3		0.7
S1-569619282	India	false_negative_candidate_miss	S2-375572695	S2		0.7
S1-569813675	India	false_negative_candidate_miss	S2-987377049	S2		0.7
S1-570097231	US	false_negative_candidate_miss	S3-631194629	S3		0.7
S1-570140547	US	false_negative_candidate_miss	S3-570056410	S3		0.7
S1-5705856	India	false_negative_candidate_miss	S3-194018700	S3		0.7
S1-570724386	US	false_negative_below_threshold	S3-845047395	S3	0.42038284301367368	0.7
S1-570724386	US	false_negative_candidate_miss	S3-952682991	S3		0.7
S1-571219352	India	false_negative_candidate_miss	S2-385123392	S2		0.7
S1-571219352	India	false_negative_candidate_miss	S3-763925628	S3		0.7
S1-571219352	India	false_negative_candidate_miss	S3-911132007	S3		0.7
S1-571501832	India	false_negative_candidate_miss	S2-126116918	S2		0.7
S1-571501832	India	false_negative_candidate_miss	S2-642727263	S2		0.7
S1-571501832	India	false_negative_candidate_miss	S2-817128573	S2		0.7
S1-571501832	India	false_negative_candidate_miss	S3-727265647	S3		0.7
S1-571501832	India	false_negative_candidate_miss	S3-768601421	S3		0.7
S1-571514275	India	false_negative_candidate_miss	S2-779593730	S2		0.7
S1-571808972	US	false_negative_candidate_miss	S3-224659148	S3		0.7
S1-571836934	India	false_negative_below_threshold	S2-573268252	S2	0.6913240613200925	0.7
S1-571938194	US	false_negative_candidate_miss	S3-177024392	S3		0.7
S1-572215512	US	false_negative_candidate_miss	S2-85779914	S2		0.7
S1-572462501	India	false_negative_candidate_miss	S2-256218890	S2		0.7
S1-572462501	India	false_negative_candidate_miss	S2-899938938	S2		0.7
S1-572462501	India	false_negative_candidate_miss	S3-100948175	S3		0.7
S1-572462501	India	false_negative_candidate_miss	S3-172221156	S3		0.7
S1-572462501	India	false_negative_candidate_miss	S3-446989708	S3		0.7
S1-572699707	US	false_negative_candidate_miss	S3-670735146	S3		0.7
S1-5732074	India	false_negative_candidate_miss	S2-111691587	S2		0.7
S1-5732074	India	false_negative_candidate_miss	S2-298630298	S2		0.7
S1-573584720	India	false_negative_candidate_miss	S2-349930355	S2		0.7
S1-573584720	India	false_negative_candidate_miss	S2-91831848	S2		0.7
S1-573584720	India	false_negative_candidate_miss	S2-947703835	S2		0.7
S1-573584720	India	false_negative_candidate_miss	S3-891685154	S3		0.7
S1-573701518	India	false_negative_candidate_miss	S3-313388900	S3		0.7
S1-57374388	India	false_negative_candidate_miss	S2-741696264	S2		0.7
S1-573996400	India	false_negative_candidate_miss	S2-633084279	S2		0.7
S1-573996400	India	false_negative_candidate_miss	S3-580258851	S3		0.7
S1-573996400	India	false_negative_candidate_miss	S3-65472383	S3		0.7
S1-574023856	US	false_negative_candidate_miss	S2-793063791	S2		0.7
S1-574331872	India	false_negative_candidate_miss	S3-601776320	S3		0.7
S1-574505806	India	false_negative_candidate_miss	S2-436286510	S2		0.7
S1-574505806	India	false_negative_candidate_miss	S3-65386698	S3		0.7
S1-574562552	India	false_negative_candidate_miss	S3-262132144	S3		0.7
S1-574843972	US	false_negative_candidate_miss	S3-317173858	S3		0.7
S1-574843972	US	false_negative_candidate_miss	S3-605741589	S3		0.7
S1-575094245	US	false_negative_candidate_miss	S2-18596209	S2		0.7
S1-575094245	US	false_negative_candidate_miss	S3-452885653	S3		0.7
S1-575413227	US	false_negative_below_threshold	S3-286880921	S3	0.25834838196158372	0.7
S1-575760205	US	false_negative_candidate_miss	S3-925199959	S3		0.7
S1-576194160	India	false_negative_candidate_miss	S2-120126151	S2		0.7
S1-576577117	India	false_negative_candidate_miss	S2-599274031	S2		0.7
S1-576577117	India	false_negative_candidate_miss	S3-198285079	S3		0.7
S1-576577117	India	false_negative_candidate_miss	S3-205156193	S3		0.7
S1-576577117	India	false_negative_candidate_miss	S3-998692369	S3		0.7
S1-576762935	US	false_negative_candidate_miss	S2-726404924	S2		0.7
S1-577116832	India	false_negative_below_threshold	S3-587584189	S3	0.63043088761338806	0.7
S1-577403988	US	false_negative_candidate_miss	S2-629024838	S2		0.7
S1-577421146	US	false_negative_candidate_miss	S3-554700805	S3		0.7
S1-577421146	US	false_negative_candidate_miss	S3-813199364	S3		0.7
S1-577461014	India	false_negative_candidate_miss	S3-591879432	S3		0.7
S1-577976826	India	false_negative_candidate_miss	S2-75371948	S2		0.7
S1-577988489	US	false_negative_candidate_miss	S3-587055225	S3		0.7
S1-578196504	India	false_negative_candidate_miss	S2-280774454	S2		0.7
S1-578196504	India	false_negative_candidate_miss	S2-479787081	S2		0.7
S1-578196504	India	false_negative_candidate_miss	S3-564006942	S3		0.7
S1-578249246	India	false_negative_candidate_miss	S3-86596538	S3		0.7
S1-578348052	US	false_positive	S3-997712737	S3	0.92933019473657419	0.7
S1-578348052	US	false_negative_below_threshold	S3-147265378	S3	0.52926492890959298	0.7
S1-578361057	India	false_negative_candidate_miss	S2-673775766	S2		0.7
S1-578361057	India	false_negative_candidate_miss	S3-215038319	S3		0.7
S1-578763763	India	false_negative_candidate_miss	S2-268872797	S2		0.7
S1-578763763	India	false_negative_candidate_miss	S3-468362280	S3		0.7
S1-578798059	India	false_negative_candidate_miss	S3-852549493	S3		0.7
S1-579191911	India	false_negative_candidate_miss	S3-602658767	S3		0.7
S1-579191911	India	false_negative_candidate_miss	S3-647081176	S3		0.7
S1-579221889	India	false_negative_candidate_miss	S2-213529468	S2		0.7
S1-579221889	India	false_negative_candidate_miss	S3-637339917	S3		0.7
S1-579221889	India	false_negative_candidate_miss	S3-770687323	S3		0.7
S1-579329578	India	false_negative_candidate_miss	S3-205677025	S3		0.7
S1-579348432	US	false_negative_candidate_miss	S2-433823595	S2		0.7
S1-579377855	India	false_negative_candidate_miss	S2-169880245	S2		0.7
S1-579377855	India	false_negative_candidate_miss	S2-950666304	S2		0.7
S1-579379811	India	false_positive	S3-330030129	S3	0.71337951488869344	0.7
S1-579388570	US	false_positive	S2-439589495	S2	0.80037631228859385	0.7
S1-579388570	US	false_positive	S3-159833444	S3	0.95313847404136853	0.7
S1-579388570	US	false_positive	S3-583204710	S3	0.94590460940403787	0.7
S1-579388570	US	false_negative_candidate_miss	S3-962279090	S3		0.7
S1-579479258	India	false_negative_candidate_miss	S3-758471007	S3		0.7
S1-579756994	India	false_negative_candidate_miss	S2-389612003	S2		0.7
S1-579756994	India	false_negative_candidate_miss	S2-952978170	S2		0.7
S1-579756994	India	false_negative_candidate_miss	S3-77380881	S3		0.7
S1-579879731	US	false_negative_candidate_miss	S2-529827997	S2		0.7
S1-580209765	India	false_positive	S2-277961251	S2	0.81150808032526056	0.7
S1-580361444	US	false_negative_candidate_miss	S2-79780146	S2		0.7
S1-580418125	India	false_negative_candidate_miss	S3-854275994	S3		0.7
S1-580548620	US	false_negative_candidate_miss	S2-285037830	S2		0.7
S1-58076521	India	false_negative_candidate_miss	S3-521795827	S3		0.7
S1-580893833	US	false_negative_candidate_miss	S2-720050246	S2		0.7
S1-581357417	India	false_negative_candidate_miss	S2-592439841	S2		0.7
S1-581357417	India	false_negative_candidate_miss	S2-642553459	S2		0.7
S1-581357417	India	false_negative_candidate_miss	S3-11351500	S3		0.7
S1-581357417	India	false_negative_candidate_miss	S3-729252167	S3		0.7
S1-581545538	US	false_positive	S2-25245576	S2	0.85520084445063871	0.7
S1-581701248	US	false_negative_candidate_miss	S3-766252965	S3		0.7
S1-581838381	India	false_negative_candidate_miss	S2-310225005	S2		0.7
S1-581838381	India	false_negative_candidate_miss	S2-632034639	S2		0.7
S1-582124505	US	false_negative_candidate_miss	S3-284976371	S3		0.7
S1-582179012	India	false_negative_candidate_miss	S2-684189123	S2		0.7
S1-582179012	India	false_negative_candidate_miss	S3-605704818	S3		0.7
S1-582825109	US	false_negative_candidate_miss	S3-989069548	S3		0.7
S1-582844256	India	false_negative_candidate_miss	S3-689298869	S3		0.7
S1-583158230	US	false_negative_candidate_miss	S2-69122993	S2		0.7
S1-583966693	US	false_negative_candidate_miss	S2-438402323	S2		0.7
S1-58399002	India	false_negative_candidate_miss	S3-767513447	S3		0.7
S1-585929879	India	false_positive	S3-565921058	S3	0.80423594301329848	0.7
S1-585929879	India	false_positive	S3-8463960	S3	0.91702569709372173	0.7
S1-585929879	India	false_positive	S3-962189813	S3	0.84449899701228315	0.7
S1-58606759	US	false_negative_candidate_miss	S3-84305170	S3		0.7
S1-586168945	India	false_negative_candidate_miss	S2-256653496	S2		0.7
S1-586239665	India	false_negative_below_threshold	S3-142905762	S3	0.24069333944661792	0.7
S1-586239665	India	false_negative_candidate_miss	S3-331379071	S3		0.7
S1-586239665	India	false_negative_candidate_miss	S3-369606437	S3		0.7
S1-586239665	India	false_negative_candidate_miss	S3-545517991	S3		0.7
S1-586853629	India	false_negative_candidate_miss	S2-904397997	S2		0.7
S1-586853629	India	false_negative_candidate_miss	S3-388426297	S3		0.7
S1-586912736	India	false_negative_candidate_miss	S2-476126700	S2		0.7
S1-586912736	India	false_negative_candidate_miss	S3-999699615	S3		0.7
S1-587331261	US	false_negative_candidate_miss	S3-835713596	S3		0.7
S1-588082801	US	false_negative_candidate_miss	S3-655926374	S3		0.7
S1-58814986	India	false_negative_candidate_miss	S2-1106485	S2		0.7
S1-58814986	India	false_negative_candidate_miss	S2-434691095	S2		0.7
S1-58814986	India	false_negative_candidate_miss	S2-530591872	S2		0.7
S1-58814986	India	false_negative_candidate_miss	S2-743961569	S2		0.7
S1-58814986	India	false_negative_candidate_miss	S3-393293227	S3		0.7
S1-588473713	US	false_negative_candidate_miss	S3-970669785	S3		0.7
S1-588648301	India	false_negative_candidate_miss	S2-33658075	S2		0.7
S1-588648301	India	false_negative_below_threshold	S2-638157524	S2	0.58592492030730992	0.7
S1-588648301	India	false_negative_candidate_miss	S3-826031814	S3		0.7
S1-588792509	US	false_negative_candidate_miss	S3-897514584	S3		0.7
S1-589028462	US	false_negative_candidate_miss	S2-204391076	S2		0.7
S1-589085435	India	false_negative_candidate_miss	S2-977569479	S2		0.7
S1-589573076	US	false_negative_candidate_miss	S2-733437891	S2		0.7
S1-590304345	US	false_positive	S2-111591657	S2	0.72003609827704285	0.7
S1-590472110	India	false_negative_candidate_miss	S2-70823081	S2		0.7
S1-590472110	India	false_negative_candidate_miss	S3-258818946	S3		0.7
S1-590533562	India	false_negative_candidate_miss	S2-347831723	S2		0.7
S1-590533562	India	false_negative_candidate_miss	S2-701064504	S2		0.7
S1-590533562	India	false_negative_candidate_miss	S2-967602530	S2		0.7
S1-590533562	India	false_negative_candidate_miss	S3-154711858	S3		0.7
S1-590533562	India	false_negative_candidate_miss	S3-639557463	S3		0.7
S1-591007619	US	false_negative_candidate_miss	S2-209554714	S2		0.7
S1-591007619	US	false_negative_candidate_miss	S2-808444685	S2		0.7
S1-591910990	India	false_positive	S2-807060249	S2	0.83536436970800376	0.7
S1-591910990	India	false_negative_candidate_miss	S3-790263358	S3		0.7
S1-592049098	US	false_negative_candidate_miss	S3-899038857	S3		0.7
S1-592166184	US	false_negative_candidate_miss	S3-260036764	S3		0.7
S1-592636439	US	false_negative_candidate_miss	S2-291319813	S2		0.7
S1-592876610	US	false_negative_below_threshold	S2-91373011	S2	0.68995003121165321	0.7
S1-592876610	US	false_negative_candidate_miss	S3-53886294	S3		0.7
S1-593036751	India	false_positive	S3-50852067	S3	0.9368634918603751	0.7
S1-593258254	US	false_negative_candidate_miss	S2-431550774	S2		0.7
S1-593258254	US	false_negative_candidate_miss	S2-599846102	S2		0.7
S1-593258254	US	false_negative_candidate_miss	S2-697242980	S2		0.7
S1-593258254	US	false_negative_candidate_miss	S2-970166194	S2		0.7
S1-593392904	India	false_negative_below_threshold	S2-256409743	S2	0.58592492030730992	0.7
S1-593392904	India	false_negative_candidate_miss	S2-461616923	S2		0.7
S1-593392904	India	false_negative_candidate_miss	S3-78486134	S3		0.7
S1-593443353	US	false_negative_candidate_miss	S2-831236954	S2		0.7
S1-593456922	India	false_negative_candidate_miss	S3-342212688	S3		0.7
S1-59364760	US	false_positive	S3-278623122	S3	0.90391146312492876	0.7
S1-59364760	US	false_negative_candidate_miss	S2-872634296	S2		0.7
S1-593801710	India	false_negative_candidate_miss	S3-932610084	S3		0.7
S1-593845169	India	false_negative_candidate_miss	S2-250028323	S2		0.7
S1-593845169	India	false_negative_candidate_miss	S2-731348948	S2		0.7
S1-593845169	India	false_negative_candidate_miss	S3-95934762	S3		0.7
S1-593868933	India	false_negative_candidate_miss	S3-839895360	S3		0.7
S1-593959992	US	false_negative_candidate_miss	S2-696376638	S2		0.7
S1-593959992	US	false_negative_candidate_miss	S3-407146175	S3		0.7
S1-594261241	US	false_negative_candidate_miss	S2-61432732	S2		0.7
S1-594370568	India	false_negative_candidate_miss	S2-103705117	S2		0.7
S1-594370568	India	false_negative_candidate_miss	S2-90023133	S2		0.7
S1-594370568	India	false_negative_candidate_miss	S3-296522277	S3		0.7
S1-594966721	India	false_negative_candidate_miss	S2-226004719	S2		0.7
S1-594966721	India	false_negative_candidate_miss	S3-699819275	S3		0.7
S1-595604988	India	false_negative_candidate_miss	S3-306994981	S3		0.7
S1-595685904	US	false_negative_candidate_miss	S2-955054969	S2		0.7
S1-595863410	US	false_negative_candidate_miss	S2-351690195	S2		0.7
S1-595863410	US	false_negative_candidate_miss	S3-691605552	S3		0.7
S1-595917061	US	false_negative_candidate_miss	S2-213168255	S2		0.7
S1-596068176	India	false_negative_candidate_miss	S2-340106021	S2		0.7
S1-596068176	India	false_negative_candidate_miss	S2-545500179	S2		0.7
S1-596068176	India	false_negative_below_threshold	S3-934801225	S3	0.6568351874464623	0.7
S1-59647166	India	false_negative_candidate_miss	S3-457660753	S3		0.7
S1-596486741	India	false_negative_candidate_miss	S2-92998220	S2		0.7
S1-596835043	US	false_negative_candidate_miss	S2-396723718	S2		0.7
S1-596835043	US	false_negative_candidate_miss	S2-845751792	S2		0.7
S1-596920785	US	false_negative_candidate_miss	S3-662485089	S3		0.7
S1-596920785	US	false_negative_candidate_miss	S3-881963602	S3		0.7
S1-597046241	US	false_negative_candidate_miss	S3-111728070	S3		0.7
S1-597426265	India	false_negative_below_threshold	S3-641316409	S3	0.61165930641082233	0.7
S1-597581620	US	false_negative_candidate_miss	S2-295415815	S2		0.7
S1-597581620	US	false_negative_candidate_miss	S2-389308472	S2		0.7
S1-597581620	US	false_negative_candidate_miss	S2-456354266	S2		0.7
S1-598174041	US	false_negative_candidate_miss	S2-514322658	S2		0.7
S1-598510976	India	false_negative_candidate_miss	S2-172577415	S2		0.7
S1-598619351	US	false_negative_candidate_miss	S3-838364443	S3		0.7
S1-59918915	India	false_negative_candidate_miss	S2-580486883	S2		0.7
S1-59918915	India	false_negative_candidate_miss	S2-650820182	S2		0.7
S1-59918915	India	false_negative_candidate_miss	S2-838497889	S2		0.7
S1-59918915	India	false_negative_candidate_miss	S3-214726332	S3		0.7
S1-59918915	India	false_negative_candidate_miss	S3-867251823	S3		0.7
S1-59938974	India	false_negative_candidate_miss	S2-493306014	S2		0.7
S1-59938974	India	false_negative_candidate_miss	S3-818415145	S3		0.7
S1-59938974	India	false_negative_candidate_miss	S3-910730851	S3		0.7
S1-599448373	India	false_negative_below_threshold	S2-71582099	S2	0.53372976090171109	0.7
S1-600359355	US	false_negative_candidate_miss	S3-450784542	S3		0.7
S1-600766822	US	false_negative_candidate_miss	S3-820209767	S3		0.7
S1-600828650	US	false_negative_candidate_miss	S2-628761954	S2		0.7
S1-600828650	US	false_negative_candidate_miss	S3-756324473	S3		0.7
S1-601070781	India	false_negative_candidate_miss	S2-644029924	S2		0.7
S1-601070781	India	false_negative_candidate_miss	S3-646593808	S3		0.7
S1-601211470	US	false_negative_candidate_miss	S3-54172907	S3		0.7
S1-601303947	US	false_negative_candidate_miss	S2-605907137	S2		0.7
S1-601816209	US	false_negative_candidate_miss	S3-783065979	S3		0.7
S1-601864282	US	false_positive	S2-160206729	S2	0.87123086427181295	0.7
S1-602286448	India	false_negative_candidate_miss	S2-831833490	S2		0.7
S1-602286448	India	false_negative_candidate_miss	S2-843269028	S2		0.7
S1-602781551	US	false_negative_candidate_miss	S3-950686785	S3		0.7
S1-602790660	US	false_negative_candidate_miss	S2-363308725	S2		0.7
S1-602790660	US	false_negative_candidate_miss	S3-46002416	S3		0.7
S1-602955850	US	false_negative_candidate_miss	S3-747832712	S3		0.7
S1-603351507	US	false_positive	S3-187938568	S3	0.70521183267819021	0.7
S1-603351507	US	false_negative_candidate_miss	S3-12695630	S3		0.7
S1-603463874	US	false_negative_below_threshold	S2-234941692	S2	0.37210666692169558	0.7
S1-603463874	US	false_negative_candidate_miss	S2-862965441	S2		0.7
S1-603463874	US	false_negative_candidate_miss	S3-108877623	S3		0.7
S1-603752874	US	false_negative_candidate_miss	S2-846798964	S2		0.7
S1-603752874	US	false_negative_candidate_miss	S3-714220373	S3		0.7
S1-603754574	India	false_negative_candidate_miss	S3-284612141	S3		0.7
S1-604535708	US	false_negative_below_threshold	S2-526362231	S2	0.28004118873571421	0.7
S1-604986618	India	false_negative_candidate_miss	S2-112934680	S2		0.7
S1-605287678	US	false_negative_below_threshold	S3-237418676	S3	0.65896470553997111	0.7
S1-605287678	US	false_negative_candidate_miss	S3-810625543	S3		0.7
S1-605628832	India	false_negative_candidate_miss	S3-385422607	S3		0.7
S1-605711124	US	false_negative_below_threshold	S3-500277096	S3	0.012581776461123696	0.7
S1-605714222	India	false_negative_candidate_miss	S3-438305092	S3		0.7
S1-606145594	US	false_negative_candidate_miss	S2-895857313	S2		0.7
S1-606307050	India	false_negative_candidate_miss	S2-162781148	S2		0.7
S1-606598420	US	false_negative_candidate_miss	S3-24115502	S3		0.7
S1-606598420	US	false_negative_candidate_miss	S3-848836155	S3		0.7
S1-60685174	US	false_positive	S3-748013965	S3	0.95860738961052916	0.7
S1-60685174	US	false_negative_candidate_miss	S2-40645006	S2		0.7
S1-607280000	India	false_negative_candidate_miss	S3-948600216	S3		0.7
S1-607675012	India	false_negative_candidate_miss	S2-458521125	S2		0.7
S1-607729334	India	false_negative_candidate_miss	S2-454290520	S2		0.7
S1-607729334	India	false_negative_candidate_miss	S2-576785098	S2		0.7
S1-607729334	India	false_negative_candidate_miss	S3-991880863	S3		0.7
S1-607863542	US	false_negative_candidate_miss	S2-396259197	S2		0.7
S1-608574396	India	false_negative_candidate_miss	S2-235738621	S2		0.7
S1-608574396	India	false_negative_candidate_miss	S2-324132169	S2		0.7
S1-608685228	India	false_negative_below_threshold	S3-294356024	S3	0.35169394588542779	0.7
S1-60869702	India	false_negative_candidate_miss	S3-628847507	S3		0.7
S1-608726196	US	false_negative_below_threshold	S2-624523658	S2	0.66686717755629454	0.7
S1-608960014	India	false_negative_candidate_miss	S3-398034567	S3		0.7
S1-609358409	India	false_negative_candidate_miss	S2-529352727	S2		0.7
S1-609358409	India	false_negative_candidate_miss	S2-925418544	S2		0.7
S1-609358409	India	false_negative_candidate_miss	S3-250160132	S3		0.7
S1-609449796	India	false_negative_candidate_miss	S2-726942226	S2		0.7
S1-609449796	India	false_negative_candidate_miss	S3-342723386	S3		0.7
S1-610319453	India	false_negative_candidate_miss	S2-777695864	S2		0.7
S1-610386257	India	false_negative_candidate_miss	S2-842242273	S2		0.7
S1-610387256	India	false_positive	S3-389106506	S3	0.88262495615815928	0.7
S1-61045116	India	false_negative_candidate_miss	S3-990499298	S3		0.7
S1-61053719	India	false_negative_candidate_miss	S2-510679987	S2		0.7
S1-61053719	India	false_negative_candidate_miss	S3-108420560	S3		0.7
S1-610613448	India	false_negative_candidate_miss	S2-162732001	S2		0.7
S1-610613448	India	false_negative_candidate_miss	S3-564495678	S3		0.7
S1-610623264	US	false_negative_below_threshold	S3-271760320	S3	0.60142357222867104	0.7
S1-610827326	US	false_positive	S2-528323362	S2	0.95901327065209829	0.7
S1-610827326	US	false_negative_candidate_miss	S3-256109415	S3		0.7
S1-610851282	US	false_negative_candidate_miss	S3-768619261	S3		0.7
S1-611048152	US	false_negative_candidate_miss	S3-934496546	S3		0.7
S1-611048152	US	false_negative_candidate_miss	S3-958001749	S3		0.7
S1-611091164	US	false_negative_candidate_miss	S2-277722840	S2		0.7
S1-611185664	India	false_negative_candidate_miss	S2-238050471	S2		0.7
S1-611185664	India	false_negative_candidate_miss	S2-411371227	S2		0.7
S1-611185664	India	false_negative_candidate_miss	S3-82259368	S3		0.7
S1-611246352	US	false_negative_candidate_miss	S2-203068479	S2		0.7
S1-611246352	US	false_negative_candidate_miss	S3-292115795	S3		0.7
S1-611246352	US	false_negative_candidate_miss	S3-440112839	S3		0.7
S1-611269712	US	false_negative_candidate_miss	S3-136608072	S3		0.7
S1-611269712	US	false_negative_candidate_miss	S3-512864064	S3		0.7
S1-61136984	India	false_negative_candidate_miss	S2-567583968	S2		0.7
S1-61136984	India	false_negative_candidate_miss	S3-426318531	S3		0.7
S1-611598681	India	false_negative_below_threshold	S2-686214152	S2	0.22778924844759493	0.7
S1-611655250	India	false_negative_candidate_miss	S2-853729317	S2		0.7
S1-611655250	India	false_negative_candidate_miss	S3-723619910	S3		0.7
S1-611689681	US	false_negative_candidate_miss	S3-334394411	S3		0.7
S1-611706516	US	false_negative_candidate_miss	S2-315020870	S2		0.7
S1-611706516	US	false_negative_candidate_miss	S3-169286949	S3		0.7
S1-611795047	US	false_negative_below_threshold	S2-976427476	S2	0.29393652207999754	0.7
S1-611810085	India	false_positive	S3-211090520	S3	0.83438604623353319	0.7
S1-611810085	India	false_negative_candidate_miss	S2-810550257	S2		0.7
S1-611810085	India	false_negative_candidate_miss	S2-829755252	S2		0.7
S1-611810085	India	false_negative_candidate_miss	S3-863398761	S3		0.7
S1-61185902	US	false_negative_candidate_miss	S2-865810611	S2		0.7
S1-611946593	US	false_negative_candidate_miss	S2-657915936	S2		0.7
S1-612149599	US	false_negative_candidate_miss	S3-338733232	S3		0.7
S1-612235178	US	false_negative_candidate_miss	S2-309318431	S2		0.7
S1-612476361	India	false_negative_candidate_miss	S2-449663090	S2		0.7
S1-612700968	India	false_negative_candidate_miss	S3-865519948	S3		0.7
S1-612931977	US	false_negative_below_threshold	S2-741645645	S2	0.62350726359465658	0.7
S1-612961079	US	false_positive	S3-667069442	S3	0.77329632022478434	0.7
S1-6132204	India	false_negative_candidate_miss	S3-336945089	S3		0.7
S1-613297509	India	false_negative_candidate_miss	S2-204204265	S2		0.7
S1-613913810	India	false_negative_candidate_miss	S2-763939867	S2		0.7
S1-613913810	India	false_negative_candidate_miss	S3-940940196	S3		0.7
S1-613958620	US	false_negative_candidate_miss	S3-250653058	S3		0.7
S1-613958620	US	false_negative_candidate_miss	S3-841008542	S3		0.7
S1-614284286	India	false_negative_candidate_miss	S2-283738361	S2		0.7
S1-614327376	US	false_positive	S3-464396546	S3	0.85533884321465081	0.7
S1-614327376	US	false_negative_candidate_miss	S3-527826307	S3		0.7
S1-614327376	US	false_negative_candidate_miss	S3-527914773	S3		0.7
S1-614501531	India	false_negative_candidate_miss	S3-900221889	S3		0.7
S1-615408068	India	false_negative_candidate_miss	S2-656218559	S2		0.7
S1-615408068	India	false_negative_candidate_miss	S2-894173821	S2		0.7
S1-615408068	India	false_negative_candidate_miss	S3-161080220	S3		0.7
S1-615408068	India	false_negative_candidate_miss	S3-360774847	S3		0.7
S1-615415584	US	false_negative_candidate_miss	S3-323639970	S3		0.7
S1-615508467	India	false_negative_candidate_miss	S2-998389110	S2		0.7
S1-615681658	India	false_negative_candidate_miss	S3-298305497	S3		0.7
S1-615681658	India	false_negative_candidate_miss	S3-761867766	S3		0.7
S1-615726484	India	false_negative_candidate_miss	S2-250566919	S2		0.7
S1-615726484	India	false_negative_candidate_miss	S2-600867692	S2		0.7
S1-615726484	India	false_negative_candidate_miss	S3-943898909	S3		0.7
S1-616359420	India	false_negative_candidate_miss	S2-813524828	S2		0.7
S1-616424543	India	false_negative_candidate_miss	S2-475686541	S2		0.7
S1-616424543	India	false_negative_candidate_miss	S2-538314919	S2		0.7
S1-616424543	India	false_negative_candidate_miss	S3-189404972	S3		0.7
S1-616543666	US	false_negative_candidate_miss	S2-340621630	S2		0.7
S1-616543666	US	false_negative_candidate_miss	S3-773117608	S3		0.7
S1-616745138	US	false_negative_candidate_miss	S2-413020317	S2		0.7
S1-616745138	US	false_negative_candidate_miss	S3-964546997	S3		0.7
S1-617460526	India	false_negative_candidate_miss	S2-151350068	S2		0.7
S1-617460526	India	false_negative_candidate_miss	S3-461176600	S3		0.7
S1-617991497	US	false_positive	S2-472553577	S2	0.93436459047833831	0.7
S1-617991497	US	false_positive	S2-978868607	S2	0.93436459047833831	0.7
S1-618090859	US	false_negative_candidate_miss	S3-271625662	S3		0.7
S1-618118796	US	false_negative_below_threshold	S2-179185765	S2	0.5792323827956305	0.7
S1-618224396	US	false_negative_candidate_miss	S3-674523795	S3		0.7
S1-618590546	India	false_negative_candidate_miss	S3-596134260	S3		0.7
S1-618590546	India	false_negative_candidate_miss	S3-801656979	S3		0.7
S1-618687773	India	false_negative_candidate_miss	S2-313318804	S2		0.7
S1-618687773	India	false_negative_candidate_miss	S2-705625918	S2		0.7
S1-618687773	India	false_negative_candidate_miss	S2-932193186	S2		0.7
S1-618687773	India	false_negative_candidate_miss	S3-526057485	S3		0.7
S1-618776681	India	false_negative_candidate_miss	S3-104121808	S3		0.7
S1-618776681	India	false_negative_candidate_miss	S3-503682542	S3		0.7
S1-618776681	India	false_negative_candidate_miss	S3-566672386	S3		0.7
S1-618805602	India	false_negative_candidate_miss	S2-436206280	S2		0.7
S1-618967372	US	false_negative_candidate_miss	S3-581308477	S3		0.7
S1-619121210	US	false_negative_candidate_miss	S2-869222242	S2		0.7
S1-619121210	US	false_negative_candidate_miss	S3-438577808	S3		0.7
S1-619256372	India	false_negative_candidate_miss	S3-594853751	S3		0.7
S1-619487189	India	false_negative_candidate_miss	S2-228190879	S2		0.7
S1-619487189	India	false_negative_candidate_miss	S2-66865418	S2		0.7
S1-619646152	US	false_negative_below_threshold	S3-757540632	S3	0.32804112662051021	0.7
S1-620014713	India	false_negative_candidate_miss	S2-308457676	S2		0.7
S1-620467374	India	false_negative_candidate_miss	S3-486943010	S3		0.7
S1-620574829	US	false_negative_candidate_miss	S2-198326493	S2		0.7
S1-620724567	India	false_negative_candidate_miss	S2-520672258	S2		0.7
S1-620959805	US	false_negative_candidate_miss	S3-279524976	S3		0.7
S1-621778094	US	false_negative_candidate_miss	S2-778896121	S2		0.7
S1-622080714	US	false_negative_candidate_miss	S2-402383346	S2		0.7
S1-622288572	US	false_negative_candidate_miss	S3-160344803	S3		0.7
S1-622288572	US	false_negative_candidate_miss	S3-312592944	S3		0.7
S1-622288572	US	false_negative_candidate_miss	S3-572528009	S3		0.7
S1-62237889	India	false_negative_candidate_miss	S2-657212418	S2		0.7
S1-622488199	India	false_negative_candidate_miss	S2-264888655	S2		0.7
S1-622488199	India	false_negative_candidate_miss	S2-333965416	S2		0.7
S1-622512875	India	false_negative_candidate_miss	S3-622329101	S3		0.7
S1-622569661	India	false_negative_candidate_miss	S2-28007897	S2		0.7
S1-622582981	India	false_negative_candidate_miss	S2-221043882	S2		0.7
S1-622582981	India	false_negative_candidate_miss	S2-589692490	S2		0.7
S1-622582981	India	false_negative_candidate_miss	S2-64105388	S2		0.7
S1-622611080	US	false_positive	S3-429677922	S3	0.93619406016426499	0.7
S1-622621165	US	false_negative_candidate_miss	S2-669772133	S2		0.7
S1-622965703	India	false_negative_candidate_miss	S2-858866416	S2		0.7
S1-623193890	India	false_negative_candidate_miss	S2-934057004	S2		0.7
S1-623209105	India	false_negative_candidate_miss	S2-552727303	S2		0.7
S1-623209105	India	false_negative_candidate_miss	S3-673013651	S3		0.7
S1-623209105	India	false_negative_candidate_miss	S3-763262433	S3		0.7
S1-623523105	India	false_negative_candidate_miss	S2-101211539	S2		0.7
S1-623720633	US	false_negative_candidate_miss	S2-294715503	S2		0.7
S1-623832110	India	false_negative_candidate_miss	S3-456687669	S3		0.7
S1-624246847	India	false_negative_candidate_miss	S2-346941219	S2		0.7
S1-624246847	India	false_negative_candidate_miss	S3-322569838	S3		0.7
S1-624260674	India	false_positive	S2-418059250	S2	0.80805407572803822	0.7
S1-624260674	India	false_negative_candidate_miss	S3-429023940	S3		0.7
S1-624260674	India	false_negative_candidate_miss	S3-651819197	S3		0.7
S1-624514514	US	false_negative_candidate_miss	S3-842007486	S3		0.7
S1-62460481	US	false_positive	S2-334688616	S2	0.85520084445063871	0.7
S1-624686587	US	false_negative_candidate_miss	S3-115633221	S3		0.7
S1-625351196	US	false_negative_candidate_miss	S2-684928082	S2		0.7
S1-625404940	India	false_negative_candidate_miss	S3-18595665	S3		0.7
S1-625410754	India	false_negative_candidate_miss	S3-464123478	S3		0.7
S1-625410754	India	false_negative_candidate_miss	S3-587787314	S3		0.7
S1-625410754	India	false_negative_candidate_miss	S3-855213105	S3		0.7
S1-625431811	India	false_negative_candidate_miss	S2-483705725	S2		0.7
S1-625431811	India	false_negative_candidate_miss	S3-968994773	S3		0.7
S1-625501093	India	false_negative_candidate_miss	S2-931077457	S2		0.7
S1-625501093	India	false_negative_candidate_miss	S3-119967095	S3		0.7
S1-625702573	India	false_negative_candidate_miss	S2-504636100	S2		0.7
S1-625705241	India	false_negative_candidate_miss	S2-865988379	S2		0.7
S1-625705241	India	false_negative_candidate_miss	S3-949066065	S3		0.7
S1-625797071	US	false_negative_candidate_miss	S2-864529299	S2		0.7
S1-625797071	US	false_negative_candidate_miss	S3-829250236	S3		0.7
S1-626238430	US	false_negative_candidate_miss	S2-550957463	S2		0.7
S1-62639660	US	false_negative_candidate_miss	S2-803675394	S2		0.7
S1-62639660	US	false_negative_candidate_miss	S2-872340793	S2		0.7
S1-626532772	US	false_negative_candidate_miss	S2-737852118	S2		0.7
S1-626673710	India	false_negative_candidate_miss	S3-626597161	S3		0.7
S1-626676539	US	false_negative_candidate_miss	S3-398942747	S3		0.7
S1-626743076	India	false_negative_candidate_miss	S2-113905204	S2		0.7
S1-626795513	US	false_positive	S2-269194598	S2	0.98437277966575121	0.7
S1-626795513	US	false_positive	S2-316387814	S2	0.8354720616832455	0.7
S1-626795513	US	false_negative_candidate_miss	S2-497205403	S2		0.7
S1-626795513	US	false_negative_candidate_miss	S3-236764945	S3		0.7
S1-626960713	India	false_negative_candidate_miss	S2-337067959	S2		0.7
S1-626960713	India	false_negative_candidate_miss	S2-857231726	S2		0.7
S1-626960713	India	false_negative_candidate_miss	S3-930764330	S3		0.7
S1-627425713	US	false_negative_candidate_miss	S2-869884771	S2		0.7
S1-627827470	US	false_negative_below_threshold	S2-979598772	S2	0.67960259532699596	0.7
S1-627827470	US	false_negative_candidate_miss	S3-85924842	S3		0.7
S1-628042631	US	false_positive	S2-167130790	S2	0.83942261149442998	0.7
S1-628042631	US	false_negative_candidate_miss	S3-865596998	S3		0.7
S1-628084908	India	false_positive	S3-753312182	S3	0.820086735903377	0.7
S1-628084908	India	false_negative_candidate_miss	S3-510096189	S3		0.7
S1-628503350	US	false_negative_candidate_miss	S2-932458175	S2		0.7
S1-628503350	US	false_negative_candidate_miss	S3-818047987	S3		0.7
S1-628558476	India	false_negative_candidate_miss	S2-627749397	S2		0.7
S1-628666247	US	false_positive	S2-361087215	S2	0.97908942683385469	0.7
S1-628666247	US	false_negative_candidate_miss	S3-254501671	S3		0.7
S1-629093991	US	false_negative_candidate_miss	S3-526117659	S3		0.7
S1-629490870	US	false_negative_below_threshold	S2-104402283	S2	0.58592492030730992	0.7
S1-629490870	US	false_negative_candidate_miss	S2-78873037	S2		0.7
S1-629631363	US	false_positive	S3-324506409	S3	0.92000512792957545	0.7
S1-629836087	India	false_negative_candidate_miss	S2-255105588	S2		0.7
S1-630247079	India	false_positive	S2-980160701	S2	0.98649123165107633	0.7
S1-630786183	US	false_negative_candidate_miss	S3-892159882	S3		0.7
S1-63088543	US	false_negative_below_threshold	S3-655389690	S3	0.373751910265194	0.7
S1-631154938	India	false_negative_candidate_miss	S3-381866977	S3		0.7
S1-631552554	India	false_negative_below_threshold	S3-169926504	S3	0.56000089852533508	0.7
S1-631603661	US	false_negative_candidate_miss	S2-98034233	S2		0.7
S1-632002655	India	false_negative_candidate_miss	S2-584134175	S2		0.7
S1-632002655	India	false_negative_below_threshold	S2-76364892	S2	0.58592492030730992	0.7
S1-632002655	India	false_negative_candidate_miss	S3-9553005	S3		0.7
S1-632051081	India	false_negative_candidate_miss	S3-842663884	S3		0.7
S1-632055716	India	false_negative_candidate_miss	S2-747458394	S2		0.7
S1-632055716	India	false_negative_below_threshold	S3-158881368	S3	0.69843099817576493	0.7
S1-632412452	India	false_negative_candidate_miss	S2-471694686	S2		0.7
S1-632412452	India	false_negative_candidate_miss	S2-850206811	S2		0.7
S1-632412452	India	false_negative_candidate_miss	S2-899508526	S2		0.7
S1-632412452	India	false_negative_candidate_miss	S3-859309149	S3		0.7
S1-632633679	India	false_negative_candidate_miss	S2-563940144	S2		0.7
S1-632633679	India	false_negative_candidate_miss	S3-364418320	S3		0.7
S1-632633679	India	false_negative_candidate_miss	S3-562596010	S3		0.7
S1-632633679	India	false_negative_candidate_miss	S3-887806816	S3		0.7
S1-632831666	US	false_negative_candidate_miss	S2-267983576	S2		0.7
S1-632831666	US	false_negative_candidate_miss	S2-378787945	S2		0.7
S1-633120634	India	false_negative_candidate_miss	S2-390641610	S2		0.7
S1-633120634	India	false_negative_candidate_miss	S3-342631811	S3		0.7
S1-633249857	India	false_negative_candidate_miss	S2-604088744	S2		0.7
S1-633547966	US	false_negative_candidate_miss	S3-132311846	S3		0.7
S1-633849499	US	false_negative_candidate_miss	S2-614807235	S2		0.7
S1-633981072	India	false_negative_candidate_miss	S2-122833889	S2		0.7
S1-633981072	India	false_negative_candidate_miss	S3-187318055	S3		0.7
S1-633981072	India	false_negative_candidate_miss	S3-882136744	S3		0.7
S1-634007125	India	false_negative_candidate_miss	S2-820120634	S2		0.7
S1-634007125	India	false_negative_candidate_miss	S3-854012316	S3		0.7
S1-634331103	US	false_negative_candidate_miss	S3-432611023	S3		0.7
S1-634645574	US	false_negative_candidate_miss	S3-39310512	S3		0.7
S1-634978190	US	false_positive	S2-694753769	S2	0.76537318612115868	0.7
S1-635218055	India	false_negative_candidate_miss	S2-536041045	S2		0.7
S1-635218055	India	false_negative_candidate_miss	S3-133153298	S3		0.7
S1-635300612	US	false_negative_candidate_miss	S2-830879316	S2		0.7
S1-635945666	US	false_negative_candidate_miss	S3-273471832	S3		0.7
S1-635945666	US	false_negative_candidate_miss	S3-944423402	S3		0.7
S1-63654812	India	false_negative_candidate_miss	S3-347197213	S3		0.7
S1-636949642	US	false_negative_below_threshold	S3-64573078	S3	0.46532131005054939	0.7
S1-637107601	India	false_negative_candidate_miss	S2-254757999	S2		0.7
S1-637107601	India	false_negative_candidate_miss	S2-86768280	S2		0.7
S1-637107601	India	false_negative_candidate_miss	S3-746427967	S3		0.7
S1-637883944	India	false_negative_candidate_miss	S3-373275600	S3		0.7
S1-637883944	India	false_negative_candidate_miss	S3-786047971	S3		0.7
S1-638068656	US	false_negative_candidate_miss	S2-23111366	S2		0.7
S1-638239456	US	false_negative_candidate_miss	S3-90728998	S3		0.7
S1-638311567	India	false_negative_candidate_miss	S2-401222771	S2		0.7
S1-639142202	India	false_negative_candidate_miss	S2-258825299	S2		0.7
S1-639142202	India	false_negative_candidate_miss	S2-977205757	S2		0.7
S1-639142202	India	false_negative_candidate_miss	S3-280078792	S3		0.7
S1-639142202	India	false_negative_candidate_miss	S3-958271602	S3		0.7
S1-639222522	US	false_negative_candidate_miss	S2-990612880	S2		0.7
S1-639222522	US	false_negative_candidate_miss	S3-713472495	S3		0.7
S1-639755455	India	false_negative_candidate_miss	S2-246975968	S2		0.7
S1-639755455	India	false_negative_candidate_miss	S3-15177276	S3		0.7
S1-639805206	US	false_negative_candidate_miss	S3-58687879	S3		0.7
S1-639870842	US	false_positive	S3-323157043	S3	0.84407427401719093	0.7
S1-639870842	US	false_negative_candidate_miss	S3-224997535	S3		0.7
S1-639870842	US	false_negative_candidate_miss	S3-333056049	S3		0.7
S1-639870842	US	false_negative_candidate_miss	S3-577335831	S3		0.7
S1-640036377	India	false_negative_candidate_miss	S2-410421517	S2		0.7
S1-640036377	India	false_negative_candidate_miss	S3-922532805	S3		0.7
S1-640116315	US	false_negative_below_threshold	S3-741032114	S3	0.65159360838096314	0.7
S1-640248719	India	false_negative_candidate_miss	S2-299775939	S2		0.7
S1-640248719	India	false_negative_candidate_miss	S3-877823910	S3		0.7
S1-640406635	US	false_positive	S2-333091248	S2	0.8209499942792976	0.7
S1-640663983	India	false_negative_candidate_miss	S2-526358074	S2		0.7
S1-640663983	India	false_negative_candidate_miss	S2-5614848	S2		0.7
S1-641001959	India	false_negative_candidate_miss	S2-246857476	S2		0.7
S1-641095065	US	false_negative_candidate_miss	S3-71238227	S3		0.7
S1-641436567	India	false_negative_candidate_miss	S2-245531941	S2		0.7
S1-642398543	India	false_positive	S2-635272532	S2	0.85520084445063871	0.7
S1-642398543	India	false_positive	S3-238460594	S3	0.85550270625721148	0.7
S1-642398543	India	false_negative_candidate_miss	S2-725522183	S2		0.7
S1-642398543	India	false_negative_candidate_miss	S3-787167451	S3		0.7
S1-642949067	US	false_negative_candidate_miss	S2-938055712	S2		0.7
S1-643192666	US	false_positive	S3-891936606	S3	0.92933019473657419	0.7
S1-643294969	US	false_positive	S3-663378325	S3	0.92933019473657419	0.7
S1-643356469	US	false_negative_candidate_miss	S3-973161925	S3		0.7
S1-643868929	US	false_positive	S3-928588115	S3	0.86290112236621186	0.7
S1-643868929	US	false_negative_candidate_miss	S2-317774329	S2		0.7
S1-643938657	India	false_negative_candidate_miss	S2-931704609	S2		0.7
S1-643938657	India	false_negative_candidate_miss	S3-840673781	S3		0.7
S1-644159381	US	false_negative_candidate_miss	S2-427391693	S2		0.7
S1-644159381	US	false_negative_candidate_miss	S2-965038060	S2		0.7
S1-644159381	US	false_negative_candidate_miss	S3-996019724	S3		0.7
S1-644164155	US	false_negative_candidate_miss	S2-132683636	S2		0.7
S1-644420802	India	false_negative_below_threshold	S2-569673588	S2	0.59539186077458195	0.7
S1-644420802	India	false_negative_candidate_miss	S3-722554753	S3		0.7
S1-644420802	India	false_negative_candidate_miss	S3-764921304	S3		0.7
S1-644507347	India	false_negative_candidate_miss	S2-677139290	S2		0.7
S1-644507347	India	false_negative_candidate_miss	S3-379795490	S3		0.7
S1-644507347	India	false_negative_candidate_miss	S3-525345070	S3		0.7
S1-644507347	India	false_negative_candidate_miss	S3-94479791	S3		0.7
S1-644655147	India	false_negative_candidate_miss	S2-121286281	S2		0.7
S1-644992367	India	false_negative_candidate_miss	S3-855190586	S3		0.7
S1-645071660	US	false_positive	S2-316116681	S2	0.85520084445063871	0.7
S1-645071660	US	false_negative_candidate_miss	S2-715771386	S2		0.7
S1-645173186	India	false_negative_candidate_miss	S2-888240501	S2		0.7
S1-645173186	India	false_negative_candidate_miss	S3-508159752	S3		0.7
S1-645173186	India	false_negative_candidate_miss	S3-793322457	S3		0.7
S1-645194884	India	false_negative_candidate_miss	S3-376170532	S3		0.7
S1-645194884	India	false_negative_candidate_miss	S3-572050766	S3		0.7
S1-645809799	US	false_negative_candidate_miss	S3-651610300	S3		0.7
S1-646059874	India	false_negative_candidate_miss	S2-454485262	S2		0.7
S1-646813726	US	false_negative_candidate_miss	S3-623136477	S3		0.7
S1-64721116	India	false_negative_candidate_miss	S2-386748188	S2		0.7
S1-64721116	India	false_negative_candidate_miss	S3-333138805	S3		0.7
S1-64721116	India	false_negative_candidate_miss	S3-417758114	S3		0.7
S1-64721116	India	false_negative_candidate_miss	S3-951018403	S3		0.7
S1-647216947	US	false_negative_candidate_miss	S3-930935449	S3		0.7
S1-647266021	India	false_negative_candidate_miss	S2-395280750	S2		0.7
S1-647266021	India	false_negative_candidate_miss	S3-175783503	S3		0.7
S1-647491952	India	false_positive	S2-761540309	S2	0.85520084445063871	0.7
S1-647491952	India	false_negative_candidate_miss	S3-77687715	S3		0.7
S1-647668064	India	false_negative_candidate_miss	S2-601096860	S2		0.7
S1-647668064	India	false_negative_candidate_miss	S3-291203014	S3		0.7
S1-647668064	India	false_negative_candidate_miss	S3-519055015	S3		0.7
S1-647668064	India	false_negative_candidate_miss	S3-585234216	S3		0.7
S1-647941792	US	false_negative_candidate_miss	S2-841312513	S2		0.7
S1-648085075	US	false_negative_candidate_miss	S2-965016810	S2		0.7
S1-64810805	US	false_negative_candidate_miss	S3-319825820	S3		0.7
S1-64810805	US	false_negative_candidate_miss	S3-345162813	S3		0.7
S1-648357657	India	false_negative_candidate_miss	S2-177877582	S2		0.7
S1-648357657	India	false_negative_candidate_miss	S3-674468624	S3		0.7
S1-648357657	India	false_negative_candidate_miss	S3-789664955	S3		0.7
S1-648357657	India	false_negative_candidate_miss	S3-892180989	S3		0.7
S1-648594956	India	false_negative_candidate_miss	S2-878337813	S2		0.7
S1-648594956	India	false_negative_candidate_miss	S3-953118736	S3		0.7
S1-648785701	US	false_negative_candidate_miss	S2-728129446	S2		0.7
S1-649168892	US	false_negative_candidate_miss	S2-635890207	S2		0.7
S1-649168892	US	false_negative_candidate_miss	S3-942959908	S3		0.7
S1-649420778	US	false_negative_candidate_miss	S2-823451709	S2		0.7
S1-649420778	US	false_negative_candidate_miss	S3-319249941	S3		0.7
S1-649819859	US	false_negative_candidate_miss	S2-191665262	S2		0.7
S1-649819859	US	false_negative_candidate_miss	S2-559353158	S2		0.7
S1-649961309	US	false_negative_candidate_miss	S3-641342755	S3		0.7
S1-650080847	US	false_negative_candidate_miss	S2-68197518	S2		0.7
S1-650080847	US	false_negative_candidate_miss	S2-820767531	S2		0.7
S1-650080847	US	false_negative_candidate_miss	S3-136380875	S3		0.7
S1-650080847	US	false_negative_candidate_miss	S3-160344672	S3		0.7
S1-650080847	US	false_negative_candidate_miss	S3-78950860	S3		0.7
S1-650669551	US	false_negative_candidate_miss	S3-648660942	S3		0.7
S1-651206888	US	false_negative_below_threshold	S3-322147782	S3	0.21272482166346027	0.7
S1-651434888	India	false_negative_candidate_miss	S2-941048526	S2		0.7
S1-651434888	India	false_negative_candidate_miss	S3-664330583	S3		0.7
S1-651509536	US	false_negative_candidate_miss	S2-665468892	S2		0.7
S1-652461157	US	false_negative_below_threshold	S3-677757236	S3	0.68628073862311101	0.7
S1-653436510	India	false_negative_candidate_miss	S2-676789488	S2		0.7
S1-653436510	India	false_negative_candidate_miss	S3-43586574	S3		0.7
S1-653945785	India	false_positive	S2-714893597	S2	0.82431375832432152	0.7
S1-653945785	India	false_negative_candidate_miss	S2-615719310	S2		0.7
S1-653945785	India	false_negative_candidate_miss	S2-622489643	S2		0.7
S1-653945785	India	false_negative_candidate_miss	S3-581752140	S3		0.7
S1-654402596	US	false_negative_candidate_miss	S3-406691269	S3		0.7
S1-654634791	India	false_negative_candidate_miss	S2-339018859	S2		0.7
S1-654781856	US	false_negative_candidate_miss	S2-771203079	S2		0.7
S1-654781856	US	false_negative_candidate_miss	S3-207458248	S3		0.7
S1-655266689	US	false_negative_candidate_miss	S2-749881114	S2		0.7
S1-655451372	India	false_negative_candidate_miss	S2-760786070	S2		0.7
S1-655451372	India	false_negative_candidate_miss	S3-549732332	S3		0.7
S1-655502137	India	false_negative_candidate_miss	S2-549103482	S2		0.7
S1-655502137	India	false_negative_candidate_miss	S2-792098942	S2		0.7
S1-655502137	India	false_negative_candidate_miss	S3-1999589	S3		0.7
S1-655502137	India	false_negative_candidate_miss	S3-694926257	S3		0.7
S1-655502137	India	false_negative_candidate_miss	S3-800995003	S3		0.7
S1-655559130	India	false_negative_candidate_miss	S3-527479576	S3		0.7
S1-655559130	India	false_negative_candidate_miss	S3-903691041	S3		0.7
S1-65587156	US	false_negative_candidate_miss	S2-313732649	S2		0.7
S1-655877456	India	false_negative_below_threshold	S3-265290696	S3	0.62462598927397106	0.7
S1-656020895	India	false_negative_below_threshold	S2-246279810	S2	0.47469975280559679	0.7
S1-656076021	India	false_negative_candidate_miss	S2-202185657	S2		0.7
S1-656076021	India	false_negative_candidate_miss	S2-295654292	S2		0.7
S1-656116578	India	false_negative_candidate_miss	S2-22436973	S2		0.7
S1-656116578	India	false_negative_candidate_miss	S2-468348985	S2		0.7
S1-656232073	US	false_negative_candidate_miss	S3-468253514	S3		0.7
S1-656232073	US	false_negative_candidate_miss	S3-52380938	S3		0.7
S1-656239499	US	false_negative_candidate_miss	S3-498597573	S3		0.7
S1-656338114	India	false_negative_candidate_miss	S2-262089684	S2		0.7
S1-656384942	India	false_negative_candidate_miss	S2-429212638	S2		0.7
S1-656384942	India	false_negative_candidate_miss	S3-821188076	S3		0.7
S1-656447392	India	false_negative_candidate_miss	S2-155284654	S2		0.7
S1-656447392	India	false_negative_candidate_miss	S2-912996397	S2		0.7
S1-656489662	India	false_negative_candidate_miss	S2-719852970	S2		0.7
S1-656489662	India	false_negative_candidate_miss	S3-906391724	S3		0.7
S1-656528817	US	false_negative_below_threshold	S2-724881188	S2	0.18165931336479341	0.7
S1-656528817	US	false_negative_below_threshold	S2-956818633	S2	0.5554396648233052	0.7
S1-656631406	US	false_negative_candidate_miss	S2-740645598	S2		0.7
S1-656859046	India	false_negative_candidate_miss	S2-73352696	S2		0.7
S1-657020610	India	false_negative_below_threshold	S3-840823617	S3	0.31831585987548983	0.7
S1-657357031	India	false_negative_candidate_miss	S2-777753833	S2		0.7
S1-657357031	India	false_negative_candidate_miss	S3-988708097	S3		0.7
S1-65747419	US	false_negative_candidate_miss	S2-513179598	S2		0.7
S1-657802457	India	false_negative_candidate_miss	S2-614396033	S2		0.7
S1-657802457	India	false_negative_candidate_miss	S3-697483592	S3		0.7
S1-65799258	India	false_negative_candidate_miss	S3-889216942	S3		0.7
S1-658829250	India	false_negative_candidate_miss	S3-258930960	S3		0.7
S1-659819259	US	false_negative_candidate_miss	S2-910078990	S2		0.7
S1-659819259	US	false_negative_candidate_miss	S3-274985156	S3		0.7
S1-660692068	India	false_negative_candidate_miss	S2-586445541	S2		0.7
S1-660692068	India	false_negative_candidate_miss	S3-216959189	S3		0.7
S1-660692068	India	false_negative_candidate_miss	S3-452171850	S3		0.7
S1-660723111	India	false_negative_candidate_miss	S2-52809875	S2		0.7
S1-660723111	India	false_negative_candidate_miss	S3-317215918	S3		0.7
S1-660829096	India	false_negative_candidate_miss	S2-902344139	S2		0.7
S1-661148645	India	false_positive	S3-27628521	S3	0.78172269809903006	0.7
S1-661148645	India	false_negative_candidate_miss	S3-127892227	S3		0.7
S1-661148645	India	false_negative_candidate_miss	S3-817923434	S3		0.7
S1-661290289	India	false_negative_candidate_miss	S3-6042533	S3		0.7
S1-66168295	India	false_negative_candidate_miss	S3-207820547	S3		0.7
S1-661866652	India	false_positive	S3-235038910	S3	0.75336379040216961	0.7
S1-661866652	India	false_negative_candidate_miss	S3-708103168	S3		0.7
S1-662384292	India	false_negative_candidate_miss	S3-221863720	S3		0.7
S1-662384292	India	false_negative_candidate_miss	S3-748809154	S3		0.7
S1-662384292	India	false_negative_candidate_miss	S3-998738453	S3		0.7
S1-66256756	US	false_negative_candidate_miss	S3-679864801	S3		0.7
S1-663270372	US	false_negative_below_threshold	S2-74082273	S2	0.68671862032281006	0.7
S1-663365161	US	false_negative_candidate_miss	S2-210124551	S2		0.7
S1-663365161	US	false_negative_candidate_miss	S3-318041892	S3		0.7
S1-663365161	US	false_negative_candidate_miss	S3-976045344	S3		0.7
S1-663496688	US	false_negative_below_threshold	S2-195067565	S2	0.36625500821352558	0.7
S1-663496688	US	false_negative_below_threshold	S2-922665827	S2	0.69645142047205888	0.7
S1-66450642	US	false_negative_candidate_miss	S3-985625395	S3		0.7
S1-664575512	India	false_negative_candidate_miss	S2-68442524	S2		0.7
S1-664575512	India	false_negative_candidate_miss	S3-605080740	S3		0.7
S1-664575512	India	false_negative_candidate_miss	S3-837458446	S3		0.7
S1-664575512	India	false_negative_candidate_miss	S3-942679955	S3		0.7
S1-664637165	India	false_negative_candidate_miss	S2-372359015	S2		0.7
S1-664637165	India	false_negative_candidate_miss	S3-119774204	S3		0.7
S1-664657976	India	false_negative_candidate_miss	S2-365854955	S2		0.7
S1-664657976	India	false_negative_candidate_miss	S2-779914260	S2		0.7
S1-664657976	India	false_negative_candidate_miss	S2-949652052	S2		0.7
S1-664657976	India	false_negative_candidate_miss	S3-198638889	S3		0.7
S1-664657976	India	false_negative_candidate_miss	S3-646606534	S3		0.7
S1-664969615	India	false_negative_candidate_miss	S2-399846465	S2		0.7
S1-664969615	India	false_negative_candidate_miss	S3-557956624	S3		0.7
S1-664969615	India	false_negative_candidate_miss	S3-596044816	S3		0.7
S1-664969615	India	false_negative_candidate_miss	S3-982540546	S3		0.7
S1-665207387	India	false_negative_candidate_miss	S2-181343090	S2		0.7
S1-665343497	US	false_negative_candidate_miss	S3-2389175	S3		0.7
S1-665368718	India	false_negative_candidate_miss	S2-461710152	S2		0.7
S1-665368718	India	false_negative_candidate_miss	S3-199405827	S3		0.7
S1-665584370	US	false_negative_candidate_miss	S2-707093389	S2		0.7
S1-665600390	US	false_negative_candidate_miss	S3-142279892	S3		0.7
S1-665604020	US	false_negative_candidate_miss	S2-853112096	S2		0.7
S1-665691940	India	false_negative_candidate_miss	S2-795756510	S2		0.7
S1-665695918	India	false_negative_candidate_miss	S3-706677623	S3		0.7
S1-665904786	US	false_negative_candidate_miss	S2-20796206	S2		0.7
S1-665907978	US	false_negative_candidate_miss	S3-257245173	S3		0.7
S1-66609760	India	false_negative_below_threshold	S3-672487192	S3	0.28568570041711272	0.7
S1-666663752	India	false_positive	S2-102251560	S2	0.90471975445515007	0.7
S1-666663752	India	false_negative_candidate_miss	S3-707038394	S3		0.7
S1-667128578	US	false_negative_candidate_miss	S3-165593287	S3		0.7
S1-667151193	US	false_negative_below_threshold	S3-641860695	S3	0.63258356384602732	0.7
S1-667815460	India	false_negative_candidate_miss	S3-377246156	S3		0.7
S1-667815460	India	false_negative_candidate_miss	S3-440663464	S3		0.7
S1-668327534	US	false_negative_candidate_miss	S2-624239785	S2		0.7
S1-668604947	India	false_negative_candidate_miss	S2-446449280	S2		0.7
S1-668604947	India	false_negative_candidate_miss	S3-846049305	S3		0.7
S1-668604947	India	false_negative_candidate_miss	S3-926959350	S3		0.7
S1-668773689	US	false_negative_candidate_miss	S2-873947164	S2		0.7
S1-669000099	US	false_negative_candidate_miss	S2-28386299	S2		0.7
S1-669000599	India	false_negative_candidate_miss	S3-788520456	S3		0.7
S1-669440556	India	false_negative_candidate_miss	S2-152077226	S2		0.7
S1-669440556	India	false_negative_candidate_miss	S2-209067916	S2		0.7
S1-669440556	India	false_negative_candidate_miss	S2-508657403	S2		0.7
S1-669440556	India	false_negative_below_threshold	S2-532965503	S2	0.63901632327468461	0.7
S1-669440556	India	false_negative_candidate_miss	S3-87833088	S3		0.7
S1-669566157	US	false_negative_candidate_miss	S3-198443292	S3		0.7
S1-669622102	India	false_negative_candidate_miss	S2-591402786	S2		0.7
S1-669622102	India	false_negative_candidate_miss	S3-892263595	S3		0.7
S1-669715765	India	false_negative_candidate_miss	S3-373134207	S3		0.7
S1-669715765	India	false_negative_candidate_miss	S3-378890541	S3		0.7
S1-669715765	India	false_negative_candidate_miss	S3-381728892	S3		0.7
S1-670061009	India	false_negative_candidate_miss	S2-858148792	S2		0.7
S1-670074011	India	false_negative_candidate_miss	S2-595915067	S2		0.7
S1-670074011	India	false_negative_candidate_miss	S3-749056572	S3		0.7
S1-670283717	India	false_negative_below_threshold	S3-208165829	S3	0.45724619820954815	0.7
S1-671050893	India	false_negative_candidate_miss	S2-204993823	S2		0.7
S1-671050893	India	false_negative_candidate_miss	S2-792992279	S2		0.7
S1-671050893	India	false_negative_candidate_miss	S3-242782939	S3		0.7
S1-671050893	India	false_negative_candidate_miss	S3-350823125	S3		0.7
S1-671050893	India	false_negative_candidate_miss	S3-632934846	S3		0.7
S1-671050893	India	false_negative_candidate_miss	S3-907285124	S3		0.7
S1-671358560	India	false_negative_candidate_miss	S2-54425100	S2		0.7
S1-671687069	India	false_negative_candidate_miss	S2-739028727	S2		0.7
S1-671687069	India	false_negative_candidate_miss	S2-836550937	S2		0.7
S1-671687069	India	false_negative_candidate_miss	S3-798981277	S3		0.7
S1-67196162	US	false_negative_candidate_miss	S3-306755248	S3		0.7
S1-67196162	US	false_negative_candidate_miss	S3-34459602	S3		0.7
S1-672043429	India	false_negative_candidate_miss	S3-140747434	S3		0.7
S1-672143547	US	false_negative_candidate_miss	S2-874392293	S2		0.7
S1-672539820	US	false_negative_candidate_miss	S2-618788819	S2		0.7
S1-672730168	India	false_negative_candidate_miss	S2-180360422	S2		0.7
S1-672730168	India	false_negative_candidate_miss	S2-267482651	S2		0.7
S1-672730168	India	false_negative_candidate_miss	S3-766669692	S3		0.7
S1-672885872	US	false_negative_candidate_miss	S2-631947372	S2		0.7
S1-673347592	India	false_negative_below_threshold	S3-151256452	S3	0.50254714463882255	0.7
S1-673449863	India	false_positive	S2-202693034	S2	0.74681071251252906	0.7
S1-674102076	US	false_negative_candidate_miss	S3-13792971	S3		0.7
S1-674171004	India	false_negative_candidate_miss	S3-813426059	S3		0.7
S1-674449599	India	false_negative_candidate_miss	S2-104382840	S2		0.7
S1-674449599	India	false_negative_candidate_miss	S3-230671169	S3		0.7
S1-674469231	US	false_negative_candidate_miss	S2-776558427	S2		0.7
S1-674531717	US	false_negative_candidate_miss	S3-655483290	S3		0.7
S1-674600266	US	false_negative_candidate_miss	S2-555205903	S2		0.7
S1-674600266	US	false_negative_candidate_miss	S2-634700105	S2		0.7
S1-674600266	US	false_negative_candidate_miss	S2-894594267	S2		0.7
S1-674600266	US	false_negative_candidate_miss	S2-948223394	S2		0.7
S1-674801714	India	false_negative_candidate_miss	S2-743146265	S2		0.7
S1-674801714	India	false_negative_candidate_miss	S3-782852400	S3		0.7
S1-674801714	India	false_negative_candidate_miss	S3-940791329	S3		0.7
S1-674923755	US	false_negative_candidate_miss	S2-996818637	S2		0.7
S1-675046672	India	false_negative_candidate_miss	S2-928746316	S2		0.7
S1-675046672	India	false_negative_candidate_miss	S3-234873732	S3		0.7
S1-675238308	US	false_negative_candidate_miss	S3-265148839	S3		0.7
S1-675246350	US	false_negative_below_threshold	S3-844296732	S3	0.55863852348182841	0.7
S1-675246350	US	false_negative_below_threshold	S3-929778124	S3	0.18606452978804755	0.7
S1-675246350	US	false_negative_candidate_miss	S3-933473328	S3		0.7
S1-67530954	US	false_negative_candidate_miss	S2-824917806	S2		0.7
S1-67530954	US	false_negative_candidate_miss	S3-40683801	S3		0.7
S1-675646539	US	false_negative_candidate_miss	S2-766832661	S2		0.7
S1-676131150	US	false_negative_candidate_miss	S3-930537668	S3		0.7
S1-676366661	India	false_negative_candidate_miss	S2-848400456	S2		0.7
S1-676779132	India	false_negative_candidate_miss	S2-355034758	S2		0.7
S1-676779132	India	false_negative_candidate_miss	S2-357469937	S2		0.7
S1-676779132	India	false_negative_candidate_miss	S3-401629241	S3		0.7
S1-676779132	India	false_negative_candidate_miss	S3-991973212	S3		0.7
S1-676908104	US	false_negative_candidate_miss	S3-760567289	S3		0.7
S1-677544177	US	false_negative_candidate_miss	S3-285152938	S3		0.7
S1-678628286	India	false_negative_candidate_miss	S2-506734308	S2		0.7
S1-678702809	US	false_negative_candidate_miss	S3-406662585	S3		0.7
S1-679035607	India	false_negative_below_threshold	S2-640959514	S2	0.30468006789011071	0.7
S1-679560645	US	false_negative_candidate_miss	S2-554869365	S2		0.7
S1-67961643	India	false_negative_candidate_miss	S2-483843752	S2		0.7
S1-679771507	US	false_negative_candidate_miss	S2-375494641	S2		0.7
S1-679771507	US	false_negative_candidate_miss	S3-169465738	S3		0.7
S1-680213665	US	false_negative_candidate_miss	S2-77489667	S2		0.7
S1-680323447	India	false_negative_candidate_miss	S3-391926617	S3		0.7
S1-680538153	India	false_negative_candidate_miss	S2-178847832	S2		0.7
S1-680538153	India	false_negative_candidate_miss	S2-399115427	S2		0.7
S1-680683447	India	false_negative_candidate_miss	S3-275318428	S3		0.7
S1-680683447	India	false_negative_candidate_miss	S3-529575674	S3		0.7
S1-681686829	India	false_negative_candidate_miss	S2-445341499	S2		0.7
S1-681686829	India	false_negative_candidate_miss	S3-72065335	S3		0.7
S1-681741384	US	false_negative_candidate_miss	S3-572382645	S3		0.7
S1-681935657	India	false_negative_candidate_miss	S3-963351125	S3		0.7
S1-682034352	US	false_negative_below_threshold	S3-433562654	S3	0.67161538883029093	0.7
S1-682124818	India	false_negative_candidate_miss	S2-43756583	S2		0.7
S1-682572466	US	false_negative_candidate_miss	S2-465588572	S2		0.7
S1-682618298	US	false_negative_candidate_miss	S2-616787279	S2		0.7
S1-682618298	US	false_negative_candidate_miss	S2-811532698	S2		0.7
S1-682687896	US	false_negative_candidate_miss	S2-871996738	S2		0.7
S1-682691699	India	false_negative_candidate_miss	S2-343263669	S2		0.7
S1-682809394	India	false_positive	S2-105952756	S2	0.76468054350713965	0.7
S1-682809394	India	false_positive	S2-971248652	S2	0.84664816709797042	0.7
S1-682809394	India	false_negative_candidate_miss	S3-154651070	S3		0.7
S1-682809394	India	false_negative_below_threshold	S3-61559780	S3	0.6568351874464623	0.7
S1-682809394	India	false_negative_candidate_miss	S3-924874748	S3		0.7
S1-682910850	US	false_negative_candidate_miss	S3-159081679	S3		0.7
S1-683271240	US	false_negative_candidate_miss	S2-236022683	S2		0.7
S1-683271240	US	false_negative_candidate_miss	S3-108267898	S3		0.7
S1-683271240	US	false_negative_candidate_miss	S3-812169644	S3		0.7
S1-683281161	India	false_negative_candidate_miss	S3-503316183	S3		0.7
S1-683311448	India	false_negative_candidate_miss	S3-234670408	S3		0.7
S1-683342502	US	false_negative_candidate_miss	S3-241197763	S3		0.7
S1-683444555	US	false_negative_candidate_miss	S3-202279934	S3		0.7
S1-683444555	US	false_negative_candidate_miss	S3-529526935	S3		0.7
S1-683444555	US	false_negative_candidate_miss	S3-991606527	S3		0.7
S1-683884153	India	false_negative_candidate_miss	S3-86687518	S3		0.7
S1-684119967	US	false_negative_candidate_miss	S3-729728421	S3		0.7
S1-684119967	US	false_negative_candidate_miss	S3-790802043	S3		0.7
S1-684119967	US	false_negative_candidate_miss	S3-796597891	S3		0.7
S1-684462021	India	false_negative_candidate_miss	S3-234593748	S3		0.7
S1-684462021	India	false_negative_candidate_miss	S3-79540985	S3		0.7
S1-68460971	India	false_negative_below_threshold	S2-417815972	S2	0.22564146705645136	0.7
S1-685117529	US	false_negative_candidate_miss	S3-780180888	S3		0.7
S1-687103026	India	false_negative_candidate_miss	S2-499393336	S2		0.7
S1-687103026	India	false_negative_candidate_miss	S2-837365400	S2		0.7
S1-687119136	India	false_negative_candidate_miss	S3-557449652	S3		0.7
S1-687134761	India	false_negative_candidate_miss	S2-974923349	S2		0.7
S1-687134761	India	false_negative_candidate_miss	S3-3862486	S3		0.7
S1-687245749	US	false_negative_candidate_miss	S3-916460787	S3		0.7
S1-687466289	India	false_negative_candidate_miss	S3-622715658	S3		0.7
S1-687721929	US	false_negative_candidate_miss	S3-819078375	S3		0.7
S1-68774902	India	false_negative_below_threshold	S3-970346098	S3	0.6568351874464623	0.7
S1-688402731	US	false_negative_candidate_miss	S2-818665689	S2		0.7
S1-688880244	India	false_negative_candidate_miss	S3-634595565	S3		0.7
S1-689103605	US	false_negative_candidate_miss	S2-980490334	S2		0.7
S1-689159078	India	false_negative_candidate_miss	S3-385136223	S3		0.7
S1-689415741	US	false_negative_candidate_miss	S2-48992827	S2		0.7
S1-689573512	US	false_negative_candidate_miss	S2-496612435	S2		0.7
S1-689588141	India	false_negative_candidate_miss	S2-304471014	S2		0.7
S1-689588141	India	false_negative_candidate_miss	S2-348616332	S2		0.7
S1-689588141	India	false_negative_candidate_miss	S2-994939641	S2		0.7
S1-68981569	India	false_negative_candidate_miss	S2-733815501	S2		0.7
S1-68981569	India	false_negative_candidate_miss	S3-762580158	S3		0.7
S1-689920289	US	false_negative_below_threshold	S2-19517489	S2	0.52147085017281336	0.7
S1-689953059	India	false_negative_candidate_miss	S2-104614273	S2		0.7
S1-689953059	India	false_negative_candidate_miss	S3-184879130	S3		0.7
S1-690556050	India	false_negative_candidate_miss	S3-839120466	S3		0.7
S1-690564730	US	false_negative_candidate_miss	S2-978854219	S2		0.7
S1-690592516	India	false_positive	S2-615935245	S2	0.98588814815233972	0.7
S1-690866632	US	false_negative_candidate_miss	S3-506436550	S3		0.7
S1-69086785	US	false_negative_candidate_miss	S2-207468887	S2		0.7
S1-691087419	India	false_negative_candidate_miss	S3-462566116	S3		0.7
S1-691470850	US	false_negative_below_threshold	S2-919262294	S2	0.30166192438989392	0.7
S1-691573321	US	false_negative_below_threshold	S2-959174827	S2	0.22514603735025848	0.7
S1-691653841	US	false_positive	S2-438647851	S2	0.82628436420072449	0.7
S1-691653841	US	false_positive	S3-111114044	S3	0.84123118985809409	0.7
S1-692455677	India	false_negative_candidate_miss	S2-688448664	S2		0.7
S1-692455677	India	false_negative_candidate_miss	S3-964569273	S3		0.7
S1-693119454	US	false_negative_candidate_miss	S3-380273103	S3		0.7
S1-693515432	US	false_negative_candidate_miss	S3-235582483	S3		0.7
S1-693515445	India	false_negative_candidate_miss	S3-853920178	S3		0.7
S1-693922469	India	false_negative_candidate_miss	S2-2436789	S2		0.7
S1-693922469	India	false_negative_candidate_miss	S3-533696762	S3		0.7
S1-693922469	India	false_negative_candidate_miss	S3-593530981	S3		0.7
S1-693922469	India	false_negative_candidate_miss	S3-606974517	S3		0.7
S1-693922469	India	false_negative_candidate_miss	S3-642572186	S3		0.7
S1-693922469	India	false_negative_candidate_miss	S3-871575391	S3		0.7
S1-694304180	India	false_negative_candidate_miss	S2-38811378	S2		0.7
S1-69441109	India	false_negative_candidate_miss	S2-770755072	S2		0.7
S1-694984627	India	false_negative_candidate_miss	S3-193221329	S3		0.7
S1-695051015	US	false_negative_candidate_miss	S3-252451603	S3		0.7
S1-695273968	US	false_negative_candidate_miss	S2-55268470	S2		0.7
S1-69530944	US	false_negative_below_threshold	S3-695990509	S3	0.6568351874464623	0.7
S1-695481322	US	false_negative_candidate_miss	S3-51057213	S3		0.7
S1-695592755	US	false_negative_candidate_miss	S2-680769241	S2		0.7
S1-695592755	US	false_negative_candidate_miss	S3-994190431	S3		0.7
S1-695748554	India	false_negative_candidate_miss	S3-946738227	S3		0.7
S1-696140019	India	false_negative_below_threshold	S2-497829216	S2	0.018790661633352482	0.7
S1-696351071	US	false_negative_candidate_miss	S3-368192981	S3		0.7
S1-696547630	US	false_negative_candidate_miss	S2-811516324	S2		0.7
S1-696547630	US	false_negative_candidate_miss	S2-87159591	S2		0.7
S1-696547630	US	false_negative_candidate_miss	S3-863417193	S3		0.7
S1-696617611	US	false_negative_candidate_miss	S2-544427055	S2		0.7
S1-696681178	US	false_negative_candidate_miss	S2-81604146	S2		0.7
S1-696841493	India	false_negative_candidate_miss	S3-855646349	S3		0.7
S1-697094599	India	false_negative_candidate_miss	S2-267320751	S2		0.7
S1-697094599	India	false_negative_candidate_miss	S2-790168006	S2		0.7
S1-697094599	India	false_negative_candidate_miss	S2-810753394	S2		0.7
S1-697094599	India	false_negative_candidate_miss	S3-154572439	S3		0.7
S1-697094599	India	false_negative_candidate_miss	S3-836935573	S3		0.7
S1-697142569	US	false_positive	S3-236426190	S3	0.93581709696054138	0.7
S1-697348124	US	false_negative_candidate_miss	S2-724207756	S2		0.7
S1-69735506	India	false_negative_candidate_miss	S3-658991175	S3		0.7
S1-69735506	India	false_negative_candidate_miss	S3-964915130	S3		0.7
S1-697774318	India	false_negative_candidate_miss	S2-187847681	S2		0.7
S1-697780325	India	false_negative_candidate_miss	S3-574747054	S3		0.7
S1-697780325	India	false_negative_candidate_miss	S3-945446795	S3		0.7
S1-697992399	US	false_negative_candidate_miss	S3-781645257	S3		0.7
S1-697992399	US	false_negative_candidate_miss	S3-99369336	S3		0.7
S1-698025007	US	false_positive	S3-497306832	S3	0.86618434558519608	0.7
S1-698031133	US	false_positive	S3-138505998	S3	0.96760745616993726	0.7
S1-698278331	US	false_positive	S3-734276813	S3	0.81037304929004805	0.7
S1-698282058	India	false_negative_candidate_miss	S2-371979912	S2		0.7
S1-698859382	US	false_negative_candidate_miss	S3-237112953	S3		0.7
S1-69960690	US	false_negative_candidate_miss	S3-547738437	S3		0.7
S1-699769533	India	false_negative_candidate_miss	S2-211067280	S2		0.7
S1-699769533	India	false_negative_candidate_miss	S3-535647526	S3		0.7
S1-700255334	US	false_negative_candidate_miss	S2-977959002	S2		0.7
S1-700255334	US	false_negative_candidate_miss	S3-478963243	S3		0.7
S1-700255334	US	false_negative_candidate_miss	S3-539657486	S3		0.7
S1-700428722	India	false_positive	S2-221610933	S2	0.75080276403952184	0.7
S1-700476713	India	false_negative_candidate_miss	S3-849371191	S3		0.7
S1-700498685	US	false_negative_candidate_miss	S3-629955563	S3		0.7
S1-700574686	India	false_negative_candidate_miss	S2-179790045	S2		0.7
S1-700574686	India	false_negative_candidate_miss	S2-68844576	S2		0.7
S1-700574686	India	false_negative_candidate_miss	S3-30145622	S3		0.7
S1-700574686	India	false_negative_candidate_miss	S3-471660461	S3		0.7
S1-700617299	US	false_negative_candidate_miss	S2-619419327	S2		0.7
S1-700617299	US	false_negative_below_threshold	S3-466143	S3	0.022779518651392088	0.7
S1-700727073	India	false_negative_candidate_miss	S2-414748374	S2		0.7
S1-700727073	India	false_negative_candidate_miss	S2-768640219	S2		0.7
S1-700727073	India	false_negative_candidate_miss	S3-832534528	S3		0.7
S1-700842112	US	false_negative_below_threshold	S3-37576427	S3	0.6568351874464623	0.7
S1-701657645	US	false_negative_below_threshold	S3-778166319	S3	0.0029679666398701849	0.7
S1-701863706	India	false_negative_candidate_miss	S3-217405791	S3		0.7
S1-701863706	India	false_negative_candidate_miss	S3-766572971	S3		0.7
S1-701863706	India	false_negative_candidate_miss	S3-913581105	S3		0.7
S1-701863706	India	false_negative_candidate_miss	S3-957810998	S3		0.7
S1-70189419	US	false_negative_below_threshold	S3-635753647	S3	0.6696800828258489	0.7
S1-701951343	India	false_negative_candidate_miss	S3-516955720	S3		0.7
S1-701961238	US	false_negative_below_threshold	S3-51433112	S3	0.40451622010765115	0.7
S1-702438365	India	false_negative_candidate_miss	S2-620302989	S2		0.7
S1-702513340	US	false_negative_candidate_miss	S3-255136008	S3		0.7
S1-702534061	US	false_negative_candidate_miss	S3-322688167	S3		0.7
S1-702639314	India	false_negative_candidate_miss	S2-830895230	S2		0.7
S1-702639314	India	false_negative_candidate_miss	S3-5928543	S3		0.7
S1-703054648	India	false_negative_candidate_miss	S2-716927381	S2		0.7
S1-703054648	India	false_negative_candidate_miss	S3-386225351	S3		0.7
S1-703054648	India	false_negative_candidate_miss	S3-897969586	S3		0.7
S1-703550664	India	false_negative_candidate_miss	S2-713302543	S2		0.7
S1-703550664	India	false_negative_candidate_miss	S3-949187790	S3		0.7
S1-703639417	India	false_negative_candidate_miss	S2-352252854	S2		0.7
S1-703639417	India	false_negative_below_threshold	S3-423428476	S3	0.23015962776088686	0.7
S1-703836178	US	false_negative_candidate_miss	S2-134743101	S2		0.7
S1-703836178	US	false_negative_candidate_miss	S2-46677929	S2		0.7
S1-703954130	India	false_negative_candidate_miss	S2-737159462	S2		0.7
S1-704128692	US	false_negative_candidate_miss	S2-679223837	S2		0.7
S1-70481266	US	false_negative_below_threshold	S3-106651860	S3	0.060133906529432173	0.7
S1-704843442	US	false_negative_candidate_miss	S3-373297741	S3		0.7
S1-705986109	US	false_negative_candidate_miss	S3-570481979	S3		0.7
S1-706011525	US	false_negative_candidate_miss	S2-266209405	S2		0.7
S1-70683233	India	false_negative_candidate_miss	S3-724911474	S3		0.7
S1-707489196	US	false_negative_candidate_miss	S3-443383502	S3		0.7
S1-707675108	US	false_negative_candidate_miss	S3-1829012	S3		0.7
S1-707742131	India	false_negative_candidate_miss	S2-889146126	S2		0.7
S1-707742131	India	false_negative_candidate_miss	S3-547628779	S3		0.7
S1-707742131	India	false_negative_candidate_miss	S3-695502343	S3		0.7
S1-707972509	India	false_negative_candidate_miss	S2-452468201	S2		0.7
S1-708820972	India	false_negative_candidate_miss	S3-147332354	S3		0.7
S1-708882047	US	false_negative_candidate_miss	S2-203902553	S2		0.7
S1-708882047	US	false_negative_candidate_miss	S2-206782836	S2		0.7
S1-708907755	US	false_positive	S3-317423026	S3	0.93403496241390005	0.7
S1-708907755	US	false_negative_candidate_miss	S3-147214785	S3		0.7
S1-708940812	India	false_negative_candidate_miss	S2-254204772	S2		0.7
S1-708940812	India	false_negative_candidate_miss	S2-637992253	S2		0.7
S1-708940812	India	false_negative_candidate_miss	S3-296986524	S3		0.7
S1-708940812	India	false_negative_candidate_miss	S3-646820448	S3		0.7
S1-708962448	US	false_negative_candidate_miss	S3-213192790	S3		0.7
S1-709122407	US	false_negative_candidate_miss	S2-870012418	S2		0.7
S1-709244080	US	false_negative_candidate_miss	S2-27841503	S2		0.7
S1-709279357	US	false_positive	S2-97163161	S2	0.89755643254521322	0.7
S1-70950286	India	false_negative_candidate_miss	S2-825888350	S2		0.7
S1-709616800	US	false_negative_candidate_miss	S2-379236562	S2		0.7
S1-709694009	US	false_negative_candidate_miss	S2-393485998	S2		0.7
S1-709849601	US	false_negative_candidate_miss	S3-552501450	S3		0.7
S1-709887321	India	false_negative_candidate_miss	S2-374304084	S2		0.7
S1-709887321	India	false_negative_candidate_miss	S2-830454917	S2		0.7
S1-709996263	India	false_negative_candidate_miss	S2-748422	S2		0.7
S1-710023614	India	false_negative_below_threshold	S2-921203155	S2	0.698400468091399	0.7
S1-710070816	India	false_positive	S3-471591704	S3	0.96026592458031501	0.7
S1-710347038	US	false_negative_candidate_miss	S2-89811896	S2		0.7
S1-710877458	India	false_negative_candidate_miss	S2-1824879	S2		0.7
S1-710877458	India	false_negative_candidate_miss	S3-686838206	S3		0.7
S1-711675115	US	false_positive	S2-423723567	S2	0.73321892870888183	0.7
S1-71172999	US	false_negative_candidate_miss	S2-756984082	S2		0.7
S1-712683643	US	false_negative_candidate_miss	S2-817736972	S2		0.7
S1-712683643	US	false_negative_candidate_miss	S3-332906268	S3		0.7
S1-712764633	India	false_negative_candidate_miss	S2-151846249	S2		0.7
S1-712764633	India	false_negative_candidate_miss	S2-757683815	S2		0.7
S1-713076856	US	false_negative_below_threshold	S3-680881885	S3	0.66844144411000228	0.7
S1-713076856	US	false_negative_candidate_miss	S3-753950716	S3		0.7
S1-713076856	US	false_negative_candidate_miss	S3-987672576	S3		0.7
S1-71317083	India	false_negative_candidate_miss	S2-338138218	S2		0.7
S1-71317083	India	false_negative_candidate_miss	S2-705357264	S2		0.7
S1-713256024	India	false_negative_candidate_miss	S2-738451440	S2		0.7
S1-713256024	India	false_negative_candidate_miss	S3-636507056	S3		0.7
S1-713263042	US	false_negative_candidate_miss	S2-786226222	S2		0.7
S1-713266577	US	false_negative_candidate_miss	S3-179369330	S3		0.7
S1-713266577	US	false_negative_candidate_miss	S3-395956403	S3		0.7
S1-713266577	US	false_negative_candidate_miss	S3-845961151	S3		0.7
S1-713374515	India	false_positive	S3-202377359	S3	0.76502416085415603	0.7
S1-713701302	US	false_positive	S3-935523125	S3	0.86917959263546574	0.7
S1-713999682	US	false_negative_candidate_miss	S2-73604221	S2		0.7
S1-713999682	US	false_negative_candidate_miss	S3-773386905	S3		0.7
S1-71418679	US	false_negative_candidate_miss	S3-691376659	S3		0.7
S1-71419599	India	false_negative_candidate_miss	S2-124860503	S2		0.7
S1-71419599	India	false_negative_candidate_miss	S2-712168718	S2		0.7
S1-71419599	India	false_negative_candidate_miss	S3-334379134	S3		0.7
S1-71482063	India	false_negative_candidate_miss	S2-878218683	S2		0.7
S1-71499310	US	false_negative_candidate_miss	S2-103033082	S2		0.7
S1-71517470	India	false_negative_candidate_miss	S2-577037173	S2		0.7
S1-71517470	India	false_negative_candidate_miss	S2-745781424	S2		0.7
S1-71517470	India	false_negative_candidate_miss	S3-449525929	S3		0.7
S1-71517470	India	false_negative_candidate_miss	S3-748693676	S3		0.7
S1-71517470	India	false_negative_candidate_miss	S3-782276848	S3		0.7
S1-71525373	India	false_negative_candidate_miss	S2-323137108	S2		0.7
S1-715308149	US	false_negative_candidate_miss	S2-463158424	S2		0.7
S1-715349129	US	false_negative_candidate_miss	S3-251247132	S3		0.7
S1-715566605	India	false_negative_candidate_miss	S2-473171335	S2		0.7
S1-715734750	US	false_negative_candidate_miss	S2-677271868	S2		0.7
S1-715798074	India	false_negative_candidate_miss	S2-794869579	S2		0.7
S1-715798074	India	false_negative_candidate_miss	S3-506665638	S3		0.7
S1-715798074	India	false_negative_candidate_miss	S3-550099796	S3		0.7
S1-715884376	US	false_negative_candidate_miss	S2-997210763	S2		0.7
S1-715953934	India	false_positive	S3-451927321	S3	0.85709128952567082	0.7
S1-716014742	US	false_negative_candidate_miss	S2-554354967	S2		0.7
S1-716014742	US	false_negative_candidate_miss	S2-586260725	S2		0.7
S1-716014742	US	false_negative_candidate_miss	S2-849008477	S2		0.7
S1-716014742	US	false_negative_candidate_miss	S3-977628200	S3		0.7
S1-716080741	India	false_negative_candidate_miss	S2-725751174	S2		0.7
S1-716080741	India	false_negative_candidate_miss	S3-380702822	S3		0.7
S1-716080741	India	false_negative_candidate_miss	S3-785700	S3		0.7
S1-716418386	India	false_positive_singleton	S3-190943692	S3	0.8060340119499555	0.7
S1-71651419	US	false_negative_candidate_miss	S3-468033556	S3		0.7
S1-716834164	India	false_negative_candidate_miss	S2-784319259	S2		0.7
S1-716834164	India	false_negative_candidate_miss	S3-49436730	S3		0.7
S1-717425922	US	false_negative_candidate_miss	S3-319961390	S3		0.7
S1-717473530	India	false_positive	S2-263068654	S2	0.91527957073912491	0.7
S1-717533069	India	false_negative_below_threshold	S3-640312855	S3	0.19369934072289888	0.7
S1-717546840	India	false_positive	S3-270485523	S3	0.78512023590126345	0.7
S1-717546840	India	false_negative_candidate_miss	S2-656609030	S2		0.7
S1-718316099	US	false_negative_candidate_miss	S2-423843258	S2		0.7
S1-718316099	US	false_negative_candidate_miss	S3-340765977	S3		0.7
S1-718483541	US	false_negative_candidate_miss	S2-964906105	S2		0.7
S1-718727246	India	false_negative_candidate_miss	S2-208923180	S2		0.7
S1-719246225	US	false_negative_candidate_miss	S2-48886943	S2		0.7
S1-719268131	India	false_negative_candidate_miss	S2-652441753	S2		0.7
S1-719268131	India	false_negative_candidate_miss	S2-880734773	S2		0.7
S1-719268131	India	false_negative_candidate_miss	S3-993081315	S3		0.7
S1-719333015	India	false_negative_candidate_miss	S3-733730587	S3		0.7
S1-719431184	India	false_negative_candidate_miss	S3-562870976	S3		0.7
S1-719483026	India	false_negative_candidate_miss	S2-343183361	S2		0.7
S1-71961871	US	false_negative_below_threshold	S3-398508838	S3	0.60203454346892271	0.7
S1-719690548	US	false_negative_candidate_miss	S2-874353137	S2		0.7
S1-719690548	US	false_negative_candidate_miss	S3-498213573	S3		0.7
S1-719783228	India	false_negative_candidate_miss	S2-256702371	S2		0.7
S1-719783228	India	false_negative_candidate_miss	S3-641563583	S3		0.7
S1-719837630	India	false_negative_candidate_miss	S2-443289625	S2		0.7
S1-720599256	US	false_negative_candidate_miss	S2-416371875	S2		0.7
S1-720599256	US	false_negative_candidate_miss	S2-808153838	S2		0.7
S1-720599256	US	false_negative_candidate_miss	S3-900714290	S3		0.7
S1-721221362	US	false_negative_candidate_miss	S3-255011837	S3		0.7
S1-721221362	US	false_negative_candidate_miss	S3-276430432	S3		0.7
S1-721396196	US	false_negative_candidate_miss	S3-528491905	S3		0.7
S1-72146740	US	false_negative_below_threshold	S3-18112333	S3	0.58998779907769205	0.7
S1-722430289	US	false_negative_candidate_miss	S2-669841155	S2		0.7
S1-72251476	India	false_negative_candidate_miss	S2-195386404	S2		0.7
S1-72251476	India	false_negative_candidate_miss	S3-429721137	S3		0.7
S1-72251476	India	false_negative_candidate_miss	S3-606760564	S3		0.7
S1-722546689	India	false_negative_candidate_miss	S3-991220909	S3		0.7
S1-723047230	US	false_negative_candidate_miss	S2-693030372	S2		0.7
S1-723047230	US	false_negative_below_threshold	S3-525787820	S3	0.040140801723081446	0.7
S1-723047230	US	false_negative_candidate_miss	S3-708730197	S3		0.7
S1-72320512	India	false_negative_candidate_miss	S3-689922126	S3		0.7
S1-723294226	India	false_negative_candidate_miss	S2-209981188	S2		0.7
S1-7241407	India	false_negative_candidate_miss	S2-981384228	S2		0.7
S1-72454194	India	false_negative_candidate_miss	S2-520782928	S2		0.7
S1-72454194	India	false_negative_candidate_miss	S3-311441225	S3		0.7
S1-724607020	US	false_negative_candidate_miss	S3-883348946	S3		0.7
S1-724746702	US	false_negative_candidate_miss	S3-35714380	S3		0.7
S1-724785452	India	false_negative_candidate_miss	S2-834882182	S2		0.7
S1-724785452	India	false_negative_candidate_miss	S3-371532788	S3		0.7
S1-724785452	India	false_negative_candidate_miss	S3-377952343	S3		0.7
S1-725017655	India	false_negative_candidate_miss	S2-517198767	S2		0.7
S1-725017655	India	false_negative_candidate_miss	S2-531604443	S2		0.7
S1-725017655	India	false_negative_candidate_miss	S3-374581289	S3		0.7
S1-725017655	India	false_negative_candidate_miss	S3-477183586	S3		0.7
S1-72544994	India	false_negative_candidate_miss	S3-9715791	S3		0.7
S1-725497852	US	false_negative_below_threshold	S2-144413124	S2	0.58592492030730992	0.7
S1-725497852	US	false_negative_candidate_miss	S2-15192390	S2		0.7
S1-725860774	US	false_negative_candidate_miss	S2-349308704	S2		0.7
S1-726041163	India	false_negative_candidate_miss	S2-542842204	S2		0.7
S1-726041163	India	false_negative_candidate_miss	S3-979464427	S3		0.7
S1-727117056	India	false_negative_candidate_miss	S2-420805957	S2		0.7
S1-727117056	India	false_negative_candidate_miss	S2-800868861	S2		0.7
S1-727117056	India	false_negative_candidate_miss	S3-471972115	S3		0.7
S1-727117056	India	false_negative_candidate_miss	S3-942623402	S3		0.7
S1-727290695	US	false_negative_candidate_miss	S3-448231877	S3		0.7
S1-727445283	US	false_negative_candidate_miss	S3-663167275	S3		0.7
S1-72774022	US	false_negative_candidate_miss	S2-252478467	S2		0.7
S1-727778245	India	false_negative_candidate_miss	S3-343443474	S3		0.7
S1-727778245	India	false_negative_candidate_miss	S3-532891077	S3		0.7
S1-728000255	US	false_negative_candidate_miss	S3-54343732	S3		0.7
S1-728305	US	false_negative_candidate_miss	S3-937128545	S3		0.7
S1-72843512	India	false_negative_candidate_miss	S2-317230287	S2		0.7
S1-72843512	India	false_negative_candidate_miss	S3-89142730	S3		0.7
S1-728679559	US	false_negative_candidate_miss	S3-25915282	S3		0.7
S1-728905256	US	false_negative_candidate_miss	S2-707383355	S2		0.7
S1-728905256	US	false_negative_candidate_miss	S3-47693813	S3		0.7
S1-728973871	US	false_negative_below_threshold	S2-453507137	S2	0.43154047247975252	0.7
S1-729048337	India	false_negative_candidate_miss	S3-219218200	S3		0.7
S1-729097299	India	false_negative_candidate_miss	S2-447305670	S2		0.7
S1-729284093	India	false_negative_candidate_miss	S3-700113176	S3		0.7
S1-729284093	India	false_negative_candidate_miss	S3-758637482	S3		0.7
S1-729317940	India	false_negative_candidate_miss	S2-328617045	S2		0.7
S1-729317940	India	false_negative_candidate_miss	S3-285802526	S3		0.7
S1-729345274	US	false_negative_candidate_miss	S3-154532474	S3		0.7
S1-729526874	India	false_negative_candidate_miss	S2-551582391	S2		0.7
S1-729526874	India	false_negative_candidate_miss	S2-885772507	S2		0.7
S1-729526874	India	false_negative_candidate_miss	S3-324152002	S3		0.7
S1-729871317	India	false_negative_candidate_miss	S2-92716746	S2		0.7
S1-729871317	India	false_negative_candidate_miss	S3-695846072	S3		0.7
S1-729871317	India	false_negative_candidate_miss	S3-949839389	S3		0.7
S1-729933964	India	false_negative_candidate_miss	S3-646632811	S3		0.7
S1-730232399	India	false_positive	S3-210505994	S3	0.99784519943063632	0.7
S1-730365943	US	false_negative_candidate_miss	S3-412313506	S3		0.7
S1-730365943	US	false_negative_candidate_miss	S3-649319164	S3		0.7
S1-730651959	India	false_negative_candidate_miss	S2-739467311	S2		0.7
S1-730651959	India	false_negative_below_threshold	S3-909057500	S3	0.6568351874464623	0.7
S1-730933736	US	false_negative_candidate_miss	S2-881490694	S2		0.7
S1-731335165	India	false_negative_candidate_miss	S2-862133231	S2		0.7
S1-731537694	India	false_negative_candidate_miss	S2-478705310	S2		0.7
S1-731537694	India	false_negative_candidate_miss	S2-773361618	S2		0.7
S1-731619341	India	false_negative_candidate_miss	S3-59371128	S3		0.7
S1-731627500	India	false_negative_candidate_miss	S3-933085190	S3		0.7
S1-732086580	US	false_negative_candidate_miss	S3-430923170	S3		0.7
S1-732268521	India	false_negative_candidate_miss	S2-547965913	S2		0.7
S1-732268521	India	false_negative_candidate_miss	S3-157654031	S3		0.7
S1-732268521	India	false_negative_below_threshold	S3-698839912	S3	0.6568351874464623	0.7
S1-732377620	India	false_negative_candidate_miss	S2-978893731	S2		0.7
S1-732377620	India	false_negative_candidate_miss	S2-989185896	S2		0.7
S1-732377620	India	false_negative_candidate_miss	S3-105758764	S3		0.7
S1-732377620	India	false_negative_candidate_miss	S3-419192735	S3		0.7
S1-732450076	US	false_negative_candidate_miss	S2-743193993	S2		0.7
S1-733013429	India	false_negative_candidate_miss	S2-107572114	S2		0.7
S1-733013429	India	false_negative_candidate_miss	S2-659139990	S2		0.7
S1-733013429	India	false_negative_candidate_miss	S2-779662417	S2		0.7
S1-733013429	India	false_negative_candidate_miss	S2-793106817	S2		0.7
S1-733013429	India	false_negative_candidate_miss	S3-238678304	S3		0.7
S1-733106022	US	false_negative_candidate_miss	S2-371144044	S2		0.7
S1-733214984	US	false_negative_candidate_miss	S2-702418595	S2		0.7
S1-733214984	US	false_negative_candidate_miss	S3-328877270	S3		0.7
S1-733214984	US	false_negative_candidate_miss	S3-709027796	S3		0.7
S1-733750485	India	false_negative_candidate_miss	S2-700199607	S2		0.7
S1-733750485	India	false_negative_candidate_miss	S3-421982968	S3		0.7
S1-733750485	India	false_negative_candidate_miss	S3-630377505	S3		0.7
S1-733911588	India	false_negative_candidate_miss	S2-189764187	S2		0.7
S1-733911588	India	false_negative_candidate_miss	S2-333350124	S2		0.7
S1-733911588	India	false_negative_candidate_miss	S2-561862001	S2		0.7
S1-733911588	India	false_negative_candidate_miss	S3-525510842	S3		0.7
S1-733911588	India	false_negative_candidate_miss	S3-753271840	S3		0.7
S1-734001273	India	false_negative_candidate_miss	S2-286871102	S2		0.7
S1-734001273	India	false_negative_candidate_miss	S2-910009768	S2		0.7
S1-734102534	India	false_negative_candidate_miss	S3-244499434	S3		0.7
S1-734482719	US	false_negative_candidate_miss	S3-841313844	S3		0.7
S1-7345587	India	false_negative_candidate_miss	S3-866336095	S3		0.7
S1-734737417	India	false_negative_candidate_miss	S2-262619185	S2		0.7
S1-734753902	India	false_positive_singleton	S2-586735681	S2	0.83335333010216095	0.7
S1-734893378	India	false_negative_candidate_miss	S2-691950157	S2		0.7
S1-734893378	India	false_negative_candidate_miss	S3-734928571	S3		0.7
S1-734893378	India	false_negative_candidate_miss	S3-95765816	S3		0.7
S1-735706477	India	false_negative_candidate_miss	S2-370922159	S2		0.7
S1-735706477	India	false_negative_candidate_miss	S3-305204070	S3		0.7
S1-736115202	US	false_negative_candidate_miss	S2-838127167	S2		0.7
S1-736263902	US	false_negative_candidate_miss	S3-29267430	S3		0.7
S1-73725102	US	false_negative_candidate_miss	S2-302237502	S2		0.7
S1-73725102	US	false_negative_candidate_miss	S3-408284187	S3		0.7
S1-737348765	US	false_negative_candidate_miss	S3-134643312	S3		0.7
S1-737348765	US	false_negative_candidate_miss	S3-335035834	S3		0.7
S1-737348765	US	false_negative_below_threshold	S3-786657229	S3	0.28312068201735197	0.7
S1-737348765	US	false_negative_candidate_miss	S3-99995573	S3		0.7
S1-737665153	US	false_negative_candidate_miss	S2-551858905	S2		0.7
S1-737679137	India	false_negative_candidate_miss	S2-164166823	S2		0.7
S1-737679137	India	false_negative_candidate_miss	S3-159827872	S3		0.7
S1-737699876	US	false_negative_candidate_miss	S3-907138487	S3		0.7
S1-737699876	US	false_negative_candidate_miss	S3-949340254	S3		0.7
S1-737765091	India	false_negative_candidate_miss	S3-170713079	S3		0.7
S1-737814436	India	false_negative_candidate_miss	S3-289630898	S3		0.7
S1-737829208	India	false_negative_candidate_miss	S2-989899620	S2		0.7
S1-738045623	India	false_negative_below_threshold	S2-296700171	S2	0.60668425105078982	0.7
S1-738094426	India	false_negative_candidate_miss	S2-125238543	S2		0.7
S1-738094426	India	false_negative_candidate_miss	S3-692574644	S3		0.7
S1-738094426	India	false_negative_below_threshold	S3-962888369	S3	0.65038969966205928	0.7
S1-73836286	India	false_negative_candidate_miss	S3-777049747	S3		0.7
S1-738380068	US	false_negative_candidate_miss	S2-208165070	S2		0.7
S1-738382811	India	false_negative_candidate_miss	S3-796061107	S3		0.7
S1-738433772	India	false_positive	S3-332757641	S3	0.82154381310651348	0.7
S1-738433772	India	false_negative_candidate_miss	S3-641470444	S3		0.7
S1-738680491	US	false_negative_candidate_miss	S3-549749789	S3		0.7
S1-73870328	US	false_negative_candidate_miss	S3-451891183	S3		0.7
S1-738750852	India	false_negative_candidate_miss	S3-947864528	S3		0.7
S1-739669077	India	false_negative_candidate_miss	S2-291638032	S2		0.7
S1-739669077	India	false_negative_candidate_miss	S3-881566387	S3		0.7
S1-739743872	India	false_negative_candidate_miss	S2-512429018	S2		0.7
S1-739743872	India	false_negative_candidate_miss	S2-629504264	S2		0.7
S1-739743872	India	false_negative_candidate_miss	S3-572585195	S3		0.7
S1-740256070	India	false_negative_candidate_miss	S2-771182110	S2		0.7
S1-740256070	India	false_negative_candidate_miss	S2-875747998	S2		0.7
S1-740256070	India	false_negative_candidate_miss	S3-614541766	S3		0.7
S1-740256070	India	false_negative_candidate_miss	S3-990404638	S3		0.7
S1-740903784	India	false_negative_candidate_miss	S3-813321330	S3		0.7
S1-741050820	US	false_negative_candidate_miss	S2-5469619	S2		0.7
S1-741101679	US	false_negative_candidate_miss	S3-541124161	S3		0.7
S1-741276766	India	false_negative_below_threshold	S3-931744062	S3	0.20409631882483864	0.7
S1-74165298	India	false_negative_candidate_miss	S2-939292356	S2		0.7
S1-74165298	India	false_negative_candidate_miss	S3-836319062	S3		0.7
S1-74165298	India	false_negative_candidate_miss	S3-959976589	S3		0.7
S1-742310088	US	false_positive	S2-149636909	S2	0.73991653432462934	0.7
S1-742370663	US	false_negative_candidate_miss	S3-591623672	S3		0.7
S1-742568935	India	false_negative_candidate_miss	S3-796669292	S3		0.7
S1-742701576	US	false_negative_candidate_miss	S3-588422592	S3		0.7
S1-742886636	India	false_negative_candidate_miss	S2-580469520	S2		0.7
S1-74303872	India	false_negative_candidate_miss	S2-124993154	S2		0.7
S1-74303872	India	false_negative_candidate_miss	S2-317311154	S2		0.7
S1-74303872	India	false_negative_candidate_miss	S2-908175390	S2		0.7
S1-74303872	India	false_negative_candidate_miss	S3-866427251	S3		0.7
S1-743124455	India	false_negative_candidate_miss	S2-349992018	S2		0.7
S1-743217769	US	false_negative_candidate_miss	S2-522546378	S2		0.7
S1-743335274	US	false_negative_below_threshold	S3-729064871	S3	0.6568351874464623	0.7
S1-744213643	US	false_negative_candidate_miss	S2-218783168	S2		0.7
S1-744213643	US	false_negative_candidate_miss	S3-955565903	S3		0.7
S1-744340154	US	false_negative_candidate_miss	S3-163976524	S3		0.7
S1-745154435	US	false_negative_below_threshold	S2-173056262	S2	0.57419920347853703	0.7
S1-74526568	US	false_negative_candidate_miss	S3-33835344	S3		0.7
S1-74526568	US	false_negative_candidate_miss	S3-784606519	S3		0.7
S1-74526568	US	false_negative_candidate_miss	S3-979425231	S3		0.7
S1-745632716	US	false_negative_candidate_miss	S2-431685379	S2		0.7
S1-745632716	US	false_negative_candidate_miss	S3-346495139	S3		0.7
S1-745632716	US	false_negative_candidate_miss	S3-958915060	S3		0.7
S1-745643510	US	false_negative_candidate_miss	S2-578735463	S2		0.7
S1-746113137	India	false_positive	S2-949852079	S2	0.75685427330144972	0.7
S1-746113137	India	false_negative_candidate_miss	S2-7693045	S2		0.7
S1-746567048	India	false_negative_candidate_miss	S2-911685477	S2		0.7
S1-746584019	India	false_positive	S3-16825603	S3	0.7129361673430249	0.7
S1-746628825	US	false_negative_candidate_miss	S2-338528549	S2		0.7
S1-747137332	India	false_negative_candidate_miss	S2-384682106	S2		0.7
S1-747137332	India	false_negative_candidate_miss	S3-588576320	S3		0.7
S1-747438271	India	false_negative_candidate_miss	S2-60641978	S2		0.7
S1-747438271	India	false_negative_candidate_miss	S3-500366334	S3		0.7
S1-748094638	US	false_negative_below_threshold	S2-727905315	S2	0.58592492030730992	0.7
S1-748094638	US	false_negative_candidate_miss	S3-758542563	S3		0.7
S1-74819761	US	false_negative_candidate_miss	S2-6329441	S2		0.7
S1-74819761	US	false_negative_candidate_miss	S2-846157384	S2		0.7
S1-748232077	US	false_negative_candidate_miss	S2-897640836	S2		0.7
S1-748232077	US	false_negative_candidate_miss	S3-355713623	S3		0.7
S1-748312792	US	false_negative_candidate_miss	S2-484202263	S2		0.7
S1-748604432	India	false_negative_candidate_miss	S2-426600674	S2		0.7
S1-749347202	US	false_negative_candidate_miss	S2-188278192	S2		0.7
S1-749371770	India	false_negative_candidate_miss	S2-286087106	S2		0.7
S1-749371770	India	false_negative_candidate_miss	S2-426281531	S2		0.7
S1-749371770	India	false_negative_candidate_miss	S2-846354283	S2		0.7
S1-749598995	US	false_negative_candidate_miss	S3-758076707	S3		0.7
S1-749705793	India	false_negative_candidate_miss	S3-366017159	S3		0.7
S1-749867177	India	false_negative_candidate_miss	S3-583419744	S3		0.7
S1-750058705	India	false_negative_candidate_miss	S2-134205125	S2		0.7
S1-750058705	India	false_negative_candidate_miss	S2-705903517	S2		0.7
S1-750113807	India	false_negative_candidate_miss	S2-27395083	S2		0.7
S1-750113807	India	false_negative_candidate_miss	S3-53134551	S3		0.7
S1-750469251	India	false_negative_candidate_miss	S3-119313215	S3		0.7
S1-750469251	India	false_negative_candidate_miss	S3-977146199	S3		0.7
S1-750648787	US	false_negative_candidate_miss	S2-409651392	S2		0.7
S1-750766645	US	false_negative_below_threshold	S3-231218565	S3	0.69201900604214217	0.7
S1-750780000	US	false_negative_candidate_miss	S2-392254781	S2		0.7
S1-750780000	US	false_negative_candidate_miss	S2-623605782	S2		0.7
S1-75107622	US	false_negative_candidate_miss	S3-497220965	S3		0.7
S1-752205979	US	false_negative_candidate_miss	S2-939765233	S2		0.7
S1-752672625	US	false_positive	S2-102609488	S2	0.71377293283887433	0.7
S1-752672625	US	false_negative_below_threshold	S2-40476407	S2	0.64104518137777855	0.7
S1-753383572	US	false_negative_candidate_miss	S3-603705646	S3		0.7
S1-753543942	India	false_negative_candidate_miss	S2-300803019	S2		0.7
S1-753543942	India	false_negative_candidate_miss	S3-369564842	S3		0.7
S1-753543942	India	false_negative_below_threshold	S3-552149142	S3	0.0047272004801807094	0.7
S1-753567061	US	false_negative_candidate_miss	S3-69588525	S3		0.7
S1-754902001	India	false_negative_candidate_miss	S2-738190797	S2		0.7
S1-754902001	India	false_negative_candidate_miss	S3-633225507	S3		0.7
S1-754902001	India	false_negative_candidate_miss	S3-640747999	S3		0.7
S1-755327494	India	false_negative_below_threshold	S3-165001314	S3	0.10859574741601206	0.7
S1-755509235	US	false_negative_candidate_miss	S3-24967251	S3		0.7
S1-755646080	US	false_positive	S3-221239527	S3	0.83137571884922223	0.7
S1-755646080	US	false_negative_candidate_miss	S3-149536780	S3		0.7
S1-755690425	US	false_negative_candidate_miss	S3-509778607	S3		0.7
S1-755787617	US	false_negative_candidate_miss	S2-851229127	S2		0.7
S1-755971384	India	false_negative_candidate_miss	S3-272350403	S3		0.7
S1-75617184	US	false_negative_candidate_miss	S2-856583517	S2		0.7
S1-75617184	US	false_negative_candidate_miss	S3-775310365	S3		0.7
S1-756295604	US	false_negative_candidate_miss	S3-792530256	S3		0.7
S1-756706892	India	false_negative_candidate_miss	S3-270954196	S3		0.7
S1-757318299	India	false_negative_candidate_miss	S2-59451416	S2		0.7
S1-757479549	US	false_negative_candidate_miss	S2-89986654	S2		0.7
S1-757961855	India	false_positive	S2-616800007	S2	0.74366443150304551	0.7
S1-758122015	US	false_negative_candidate_miss	S3-334681366	S3		0.7
S1-758125314	US	false_negative_candidate_miss	S3-67340072	S3		0.7
S1-758195329	US	false_negative_candidate_miss	S2-114978818	S2		0.7
S1-758307581	India	false_negative_candidate_miss	S2-170951116	S2		0.7
S1-758307581	India	false_negative_candidate_miss	S2-219901350	S2		0.7
S1-758307581	India	false_negative_candidate_miss	S2-477593328	S2		0.7
S1-758307581	India	false_negative_candidate_miss	S2-863464850	S2		0.7
S1-758307581	India	false_negative_candidate_miss	S2-97609846	S2		0.7
S1-758307581	India	false_negative_candidate_miss	S3-170076768	S3		0.7
S1-758307581	India	false_negative_candidate_miss	S3-803478365	S3		0.7
S1-758702716	US	false_negative_candidate_miss	S3-756377648	S3		0.7
S1-75904519	India	false_negative_below_threshold	S3-723704225	S3	0.22117060033499913	0.7
S1-759174526	US	false_positive	S3-399379054	S3	0.99112605612206506	0.7
S1-759356592	India	false_positive	S3-571541974	S3	0.80688586497838455	0.7
S1-759663993	US	false_negative_candidate_miss	S2-305076580	S2		0.7
S1-759926565	US	false_negative_candidate_miss	S2-424787631	S2		0.7
S1-759990321	India	false_negative_candidate_miss	S2-749855994	S2		0.7
S1-760213241	US	false_negative_candidate_miss	S2-698357107	S2		0.7
S1-760213241	US	false_negative_candidate_miss	S3-742320967	S3		0.7
S1-760337721	India	false_negative_candidate_miss	S3-445104149	S3		0.7
S1-760385099	India	false_negative_candidate_miss	S2-524140490	S2		0.7
S1-760436551	US	false_positive	S2-210516266	S2	0.76351058106776304	0.7
S1-760508926	US	false_negative_candidate_miss	S3-500499164	S3		0.7
S1-760879599	US	false_negative_candidate_miss	S2-387122690	S2		0.7
S1-760879599	US	false_negative_candidate_miss	S3-743627130	S3		0.7
S1-761084984	US	false_negative_below_threshold	S2-776056288	S2	0.68884187347461812	0.7
S1-761353696	India	false_negative_candidate_miss	S3-935931496	S3		0.7
S1-761385349	India	false_negative_candidate_miss	S2-688671944	S2		0.7
S1-761416204	US	false_negative_below_threshold	S2-75758651	S2	0.57931080714896965	0.7
S1-761442942	India	false_negative_candidate_miss	S2-536578704	S2		0.7
S1-761442942	India	false_negative_candidate_miss	S3-764873893	S3		0.7
S1-761693819	US	false_negative_candidate_miss	S3-256813877	S3		0.7
S1-761900985	US	false_negative_candidate_miss	S2-505369081	S2		0.7
S1-761997305	US	false_negative_candidate_miss	S2-756690222	S2		0.7
S1-761997305	US	false_negative_candidate_miss	S3-912456780	S3		0.7
S1-762022702	India	false_negative_candidate_miss	S2-751519428	S2		0.7
S1-762109756	India	false_negative_candidate_miss	S2-795794248	S2		0.7
S1-762454704	US	false_positive	S2-111591657	S2	0.7967843120358411	0.7
S1-762454704	US	false_negative_candidate_miss	S2-377119257	S2		0.7
S1-762454704	US	false_negative_candidate_miss	S3-970661941	S3		0.7
S1-762638197	US	false_negative_candidate_miss	S3-181644630	S3		0.7
S1-762722266	India	false_negative_candidate_miss	S3-893585574	S3		0.7
S1-762950447	US	false_negative_candidate_miss	S2-395028359	S2		0.7
S1-763126676	India	false_negative_candidate_miss	S3-63252182	S3		0.7
S1-763141143	India	false_negative_candidate_miss	S2-762760165	S2		0.7
S1-763302109	India	false_negative_candidate_miss	S3-391095590	S3		0.7
S1-763657874	US	false_negative_candidate_miss	S3-75780720	S3		0.7
S1-763686921	India	false_negative_candidate_miss	S3-79318570	S3		0.7
S1-763874469	India	false_negative_candidate_miss	S2-612819518	S2		0.7
S1-763874469	India	false_negative_candidate_miss	S2-614667817	S2		0.7
S1-763971053	India	false_negative_candidate_miss	S3-305314400	S3		0.7
S1-764124799	India	false_negative_candidate_miss	S3-545714750	S3		0.7
S1-764583002	India	false_negative_below_threshold	S3-335671336	S3	0.47741102344470776	0.7
S1-764881362	India	false_negative_candidate_miss	S2-920326564	S2		0.7
S1-764881362	India	false_negative_candidate_miss	S3-576770338	S3		0.7
S1-764881362	India	false_negative_candidate_miss	S3-732770266	S3		0.7
S1-764955789	India	false_negative_candidate_miss	S2-164176534	S2		0.7
S1-764955789	India	false_negative_candidate_miss	S2-433321085	S2		0.7
S1-764955789	India	false_negative_candidate_miss	S3-196978678	S3		0.7
S1-765036341	India	false_negative_candidate_miss	S2-744386156	S2		0.7
S1-765036341	India	false_negative_candidate_miss	S3-816637061	S3		0.7
S1-765157188	India	false_negative_candidate_miss	S2-734391508	S2		0.7
S1-765157188	India	false_negative_candidate_miss	S2-7774389	S2		0.7
S1-765157188	India	false_negative_candidate_miss	S3-963672353	S3		0.7
S1-765287957	US	false_negative_candidate_miss	S3-598996802	S3		0.7
S1-765405760	US	false_positive	S2-108473774	S2	0.78540486429406453	0.7
S1-765435550	India	false_negative_candidate_miss	S3-633524733	S3		0.7
S1-766141084	India	false_negative_below_threshold	S2-708261722	S2	0.51929473899774858	0.7
S1-766141084	India	false_negative_below_threshold	S3-207204029	S3	0.50764057500144666	0.7
S1-766172051	US	false_negative_candidate_miss	S2-760984602	S2		0.7
S1-766172051	US	false_negative_candidate_miss	S3-945959590	S3		0.7
S1-766319225	US	false_negative_candidate_miss	S3-420892254	S3		0.7
S1-766467455	US	false_negative_candidate_miss	S2-440686807	S2		0.7
S1-766487994	US	false_negative_candidate_miss	S2-340188002	S2		0.7
S1-766886568	India	false_positive	S2-223288497	S2	0.9970499351497506	0.7
S1-766886568	India	false_negative_candidate_miss	S3-287786704	S3		0.7
S1-766900167	India	false_negative_candidate_miss	S2-995381589	S2		0.7
S1-767231539	US	false_negative_below_threshold	S2-942626575	S2	0.55902383515248955	0.7
S1-767792944	India	false_negative_candidate_miss	S2-463229954	S2		0.7
S1-767792944	India	false_negative_candidate_miss	S3-262629117	S3		0.7
S1-767792944	India	false_negative_candidate_miss	S3-52890596	S3		0.7
S1-767792944	India	false_negative_candidate_miss	S3-934292939	S3		0.7
S1-767884239	US	false_negative_candidate_miss	S2-961730811	S2		0.7
S1-767911260	India	false_positive	S2-33617065	S2	0.99212255435429264	0.7
S1-767911260	India	false_negative_candidate_miss	S2-282766072	S2		0.7
S1-767911260	India	false_negative_candidate_miss	S2-952692107	S2		0.7
S1-76828437	India	false_negative_candidate_miss	S2-682010259	S2		0.7
S1-76828437	India	false_negative_candidate_miss	S3-819410777	S3		0.7
S1-768371282	India	false_negative_candidate_miss	S2-931968118	S2		0.7
S1-768371282	India	false_negative_candidate_miss	S3-396540015	S3		0.7
S1-768371282	India	false_negative_candidate_miss	S3-397716230	S3		0.7
S1-768532116	US	false_negative_candidate_miss	S3-15613937	S3		0.7
S1-768532116	US	false_negative_candidate_miss	S3-158447894	S3		0.7
S1-768817720	India	false_positive	S3-458186869	S3	0.83576912760108946	0.7
S1-768817720	India	false_negative_candidate_miss	S2-761505915	S2		0.7
S1-768953409	US	false_negative_candidate_miss	S3-803652025	S3		0.7
S1-769228518	India	false_positive	S2-572161611	S2	0.91437043770896198	0.7
S1-769228518	India	false_negative_candidate_miss	S2-190663589	S2		0.7
S1-769228518	India	false_negative_candidate_miss	S2-261015671	S2		0.7
S1-769228518	India	false_negative_candidate_miss	S3-99535998	S3		0.7
S1-769538204	US	false_negative_candidate_miss	S3-131165885	S3		0.7
S1-769559579	India	false_negative_candidate_miss	S2-284512863	S2		0.7
S1-769559579	India	false_negative_candidate_miss	S2-647289826	S2		0.7
S1-769559579	India	false_negative_candidate_miss	S2-691875636	S2		0.7
S1-769612175	India	false_negative_below_threshold	S2-10600486	S2	0.66719817310075913	0.7
S1-769612175	India	false_negative_candidate_miss	S2-2255141	S2		0.7
S1-769612175	India	false_negative_candidate_miss	S3-724046295	S3		0.7
S1-769637997	US	false_negative_candidate_miss	S2-639553656	S2		0.7
S1-769637997	US	false_negative_below_threshold	S2-991760937	S2	0.57489220096056382	0.7
S1-769856368	India	false_negative_candidate_miss	S2-312257015	S2		0.7
S1-769856368	India	false_negative_candidate_miss	S3-42320633	S3		0.7
S1-769856368	India	false_negative_candidate_miss	S3-451339058	S3		0.7
S1-769875806	US	false_negative_candidate_miss	S3-242860110	S3		0.7
S1-769925671	India	false_positive	S3-189631595	S3	0.832640167893551	0.7
S1-769925671	India	false_negative_candidate_miss	S2-366496824	S2		0.7
S1-769925671	India	false_negative_candidate_miss	S3-648597514	S3		0.7
S1-769930896	India	false_negative_candidate_miss	S2-251739612	S2		0.7
S1-769930896	India	false_negative_candidate_miss	S2-275494608	S2		0.7
S1-769930896	India	false_negative_candidate_miss	S3-291696741	S3		0.7
S1-770040627	India	false_negative_candidate_miss	S3-889037221	S3		0.7
S1-770087683	US	false_negative_candidate_miss	S3-763188176	S3		0.7
S1-770340411	India	false_negative_candidate_miss	S3-812578390	S3		0.7
S1-770745236	US	false_negative_candidate_miss	S2-192478453	S2		0.7
S1-771102136	India	false_negative_candidate_miss	S2-580032241	S2		0.7
S1-771143295	US	false_negative_candidate_miss	S2-301867493	S2		0.7
S1-771348221	India	false_negative_below_threshold	S3-63513598	S3	0.46059395679350118	0.7
S1-771435046	US	false_positive	S2-410674591	S2	0.79739107866724612	0.7
S1-771669836	India	false_negative_candidate_miss	S2-550644787	S2		0.7
S1-771679293	India	false_negative_candidate_miss	S2-959788777	S2		0.7
S1-771806665	US	false_negative_candidate_miss	S3-854746326	S3		0.7
S1-771921883	US	false_negative_candidate_miss	S3-244019306	S3		0.7
S1-771969904	India	false_negative_candidate_miss	S2-635427435	S2		0.7
S1-771969904	India	false_negative_candidate_miss	S3-478229356	S3		0.7
S1-772175793	India	false_negative_candidate_miss	S2-397696574	S2		0.7
S1-772175793	India	false_negative_candidate_miss	S2-766358560	S2		0.7
S1-77225402	US	false_positive	S2-390762708	S2	0.7967843120358411	0.7
S1-772342761	India	false_negative_candidate_miss	S2-395268264	S2		0.7
S1-772342761	India	false_negative_candidate_miss	S3-934648356	S3		0.7
S1-772388492	US	false_negative_candidate_miss	S2-436065260	S2		0.7
S1-772521813	US	false_negative_candidate_miss	S2-439964308	S2		0.7
S1-772521813	US	false_negative_candidate_miss	S3-7918892	S3		0.7
S1-772581848	US	false_negative_candidate_miss	S3-443400399	S3		0.7
S1-772955616	US	false_negative_below_threshold	S2-736160772	S2	0.4557147472130843	0.7
S1-772980566	US	false_negative_candidate_miss	S3-357239843	S3		0.7
S1-772980787	India	false_negative_candidate_miss	S2-223362346	S2		0.7
S1-773474018	India	false_negative_candidate_miss	S2-63118794	S2		0.7
S1-773474018	India	false_negative_candidate_miss	S3-630969201	S3		0.7
S1-77370542	US	false_negative_candidate_miss	S3-700981428	S3		0.7
S1-773739221	US	false_negative_candidate_miss	S2-408113878	S2		0.7
S1-773739221	US	false_negative_candidate_miss	S2-47955218	S2		0.7
S1-773739221	US	false_negative_candidate_miss	S3-321707362	S3		0.7
S1-773839974	India	false_positive	S2-148801806	S2	0.87995203954027756	0.7
S1-773839974	India	false_positive	S3-143992077	S3	0.91409243027380627	0.7
S1-773999847	US	false_negative_candidate_miss	S3-728113945	S3		0.7
S1-773999847	US	false_negative_candidate_miss	S3-857089646	S3		0.7
S1-7740166	US	false_negative_candidate_miss	S2-866590735	S2		0.7
S1-7740166	US	false_negative_candidate_miss	S2-979179574	S2		0.7
S1-774251621	India	false_negative_candidate_miss	S3-251886256	S3		0.7
S1-774625483	US	false_negative_candidate_miss	S3-517133466	S3		0.7
S1-77482696	US	false_negative_candidate_miss	S3-538280494	S3		0.7
S1-775123161	US	false_negative_candidate_miss	S2-683592477	S2		0.7
S1-775123161	US	false_negative_candidate_miss	S3-475519225	S3		0.7
S1-775244722	India	false_positive	S3-739969319	S3	0.77327480935085913	0.7
S1-775826161	India	false_negative_candidate_miss	S2-56028650	S2		0.7
S1-775826161	India	false_negative_candidate_miss	S3-352088298	S3		0.7
S1-776048013	India	false_negative_candidate_miss	S3-702481640	S3		0.7
S1-776053489	US	false_negative_candidate_miss	S2-347100255	S2		0.7
S1-776192623	India	false_negative_candidate_miss	S2-954948106	S2		0.7
S1-776214458	US	false_negative_candidate_miss	S3-985779565	S3		0.7
S1-776830476	US	false_negative_candidate_miss	S3-61861028	S3		0.7
S1-777059875	India	false_negative_candidate_miss	S3-793356181	S3		0.7
S1-777240207	US	false_negative_candidate_miss	S2-251166557	S2		0.7
S1-777298820	US	false_negative_below_threshold	S3-269818908	S3	0.6568351874464623	0.7
S1-77762338	US	false_positive_singleton	S2-841789562	S2	0.99487599133417703	0.7
S1-777706719	India	false_negative_candidate_miss	S3-362305643	S3		0.7
S1-779204322	India	false_negative_candidate_miss	S3-16279516	S3		0.7
S1-779399434	India	false_negative_candidate_miss	S3-221675485	S3		0.7
S1-7794527	US	false_positive	S2-427164485	S2	0.91935863417077457	0.7
S1-7794527	US	false_negative_candidate_miss	S2-664497254	S2		0.7
S1-77971205	India	false_negative_candidate_miss	S3-279844681	S3		0.7
S1-779938927	India	false_negative_candidate_miss	S2-393866570	S2		0.7
S1-779938927	India	false_negative_candidate_miss	S2-513873176	S2		0.7
S1-779938927	India	false_negative_candidate_miss	S3-899335159	S3		0.7
S1-780159518	US	false_negative_below_threshold	S3-313454234	S3	0.47704666934544221	0.7
S1-780237413	US	false_negative_candidate_miss	S2-865815224	S2		0.7
S1-780310374	India	false_negative_candidate_miss	S3-129508057	S3		0.7
S1-780310374	India	false_negative_candidate_miss	S3-724590491	S3		0.7
S1-780357296	US	false_negative_below_threshold	S2-707015701	S2	0.4389823241680747	0.7
S1-780378193	US	false_negative_candidate_miss	S2-233558315	S2		0.7
S1-780378193	US	false_negative_candidate_miss	S2-766526922	S2		0.7
S1-780427419	India	false_negative_candidate_miss	S2-482569234	S2		0.7
S1-780427419	India	false_negative_candidate_miss	S2-605993586	S2		0.7
S1-780599979	US	false_negative_candidate_miss	S2-233500361	S2		0.7
S1-780599979	US	false_negative_candidate_miss	S3-855317722	S3		0.7
S1-780650342	US	false_negative_candidate_miss	S2-814683073	S2		0.7
S1-780650342	US	false_negative_candidate_miss	S3-182818911	S3		0.7
S1-780650342	US	false_negative_candidate_miss	S3-217169910	S3		0.7
S1-780650342	US	false_negative_candidate_miss	S3-467855180	S3		0.7
S1-780650342	US	false_negative_candidate_miss	S3-530146351	S3		0.7
S1-780703192	India	false_negative_candidate_miss	S2-531999666	S2		0.7
S1-780903727	US	false_negative_candidate_miss	S3-467464426	S3		0.7
S1-781021140	US	false_positive	S2-120514344	S2	0.76486292944656042	0.7
S1-781064156	India	false_positive	S3-952471213	S3	0.83499079365204876	0.7
S1-781064156	India	false_negative_candidate_miss	S3-909952065	S3		0.7
S1-78148998	US	false_negative_candidate_miss	S3-137244880	S3		0.7
S1-78148998	US	false_negative_candidate_miss	S3-70266390	S3		0.7
S1-781599121	US	false_negative_candidate_miss	S2-582131778	S2		0.7
S1-782272468	India	false_negative_below_threshold	S2-17398805	S2	0.50543253076886407	0.7
S1-782374900	US	false_negative_below_threshold	S3-821985052	S3	0.54220438072179522	0.7
S1-782419462	US	false_negative_candidate_miss	S2-786265279	S2		0.7
S1-782705692	US	false_negative_below_threshold	S3-549715330	S3	0.45725578844539544	0.7
S1-782824305	India	false_negative_candidate_miss	S3-65462887	S3		0.7
S1-783072102	India	false_negative_candidate_miss	S2-671200389	S2		0.7
S1-783072102	India	false_negative_candidate_miss	S3-621436865	S3		0.7
S1-783887994	US	false_negative_candidate_miss	S2-89694248	S2		0.7
S1-784410546	India	false_negative_candidate_miss	S3-666491734	S3		0.7
S1-784410546	India	false_negative_candidate_miss	S3-755067604	S3		0.7
S1-784747175	US	false_negative_candidate_miss	S2-595031482	S2		0.7
S1-784948521	India	false_negative_candidate_miss	S2-672578334	S2		0.7
S1-785294178	US	false_negative_candidate_miss	S3-333932957	S3		0.7
S1-786101405	US	false_negative_candidate_miss	S2-922648745	S2		0.7
S1-786286606	India	false_negative_candidate_miss	S3-186524474	S3		0.7
S1-786342982	India	false_negative_candidate_miss	S2-166554784	S2		0.7
S1-786342982	India	false_negative_candidate_miss	S3-165564632	S3		0.7
S1-786342982	India	false_negative_candidate_miss	S3-182936205	S3		0.7
S1-786342982	India	false_negative_candidate_miss	S3-926575349	S3		0.7
S1-786444272	US	false_negative_candidate_miss	S2-870201351	S2		0.7
S1-78660139	US	false_negative_candidate_miss	S3-805761621	S3		0.7
S1-78685418	US	false_negative_below_threshold	S3-750881974	S3	0.43572479694962452	0.7
S1-786955931	India	false_positive	S3-156848907	S3	0.92188586827765073	0.7
S1-786955931	India	false_negative_below_threshold	S3-454576725	S3	0.38326108867452496	0.7
S1-786955931	India	false_negative_candidate_miss	S3-589190400	S3		0.7
S1-787147364	US	false_negative_candidate_miss	S3-95951356	S3		0.7
S1-787372425	India	false_negative_candidate_miss	S3-528789318	S3		0.7
S1-787589636	US	false_negative_candidate_miss	S2-213498233	S2		0.7
S1-787589636	US	false_negative_candidate_miss	S2-314634052	S2		0.7
S1-787589636	US	false_negative_candidate_miss	S2-648195751	S2		0.7
S1-787645012	India	false_negative_candidate_miss	S2-903362036	S2		0.7
S1-787645012	India	false_negative_candidate_miss	S3-56956824	S3		0.7
S1-787755512	India	false_negative_candidate_miss	S2-422399779	S2		0.7
S1-787921695	India	false_negative_candidate_miss	S2-490137957	S2		0.7
S1-787921695	India	false_negative_candidate_miss	S3-547031489	S3		0.7
S1-787921695	India	false_negative_candidate_miss	S3-857233233	S3		0.7
S1-788185952	US	false_negative_below_threshold	S2-10855066	S2	0.62091939231594873	0.7
S1-788211945	US	false_negative_below_threshold	S2-507075764	S2	0.58592492030730992	0.7
S1-788498352	US	false_negative_candidate_miss	S3-613697454	S3		0.7
S1-788844114	India	false_negative_candidate_miss	S2-815088463	S2		0.7
S1-788844114	India	false_negative_candidate_miss	S3-362391547	S3		0.7
S1-789484962	India	false_positive	S2-448921218	S2	0.75716665119399573	0.7
S1-789484962	India	false_negative_candidate_miss	S2-413554552	S2		0.7
S1-789484962	India	false_negative_candidate_miss	S2-881854273	S2		0.7
S1-789484962	India	false_negative_candidate_miss	S2-917699175	S2		0.7
S1-789484962	India	false_negative_candidate_miss	S3-188732241	S3		0.7
S1-789484962	India	false_negative_candidate_miss	S3-222203939	S3		0.7
S1-78966040	India	false_negative_candidate_miss	S2-554125430	S2		0.7
S1-78966040	India	false_negative_candidate_miss	S3-271183863	S3		0.7
S1-789673195	US	false_negative_candidate_miss	S2-569908018	S2		0.7
S1-789920148	US	false_positive	S3-928152493	S3	0.92933019473657419	0.7
S1-789920148	US	false_negative_candidate_miss	S3-493111490	S3		0.7
S1-789920148	US	false_negative_candidate_miss	S3-687827917	S3		0.7
S1-790037438	US	false_negative_below_threshold	S2-851040166	S2	0.0025815769271046131	0.7
S1-790039159	US	false_negative_candidate_miss	S2-550650344	S2		0.7
S1-790174327	India	false_negative_candidate_miss	S2-535592353	S2		0.7
S1-790174327	India	false_negative_candidate_miss	S2-808135068	S2		0.7
S1-790174327	India	false_negative_candidate_miss	S2-912786578	S2		0.7
S1-790188938	US	false_negative_candidate_miss	S3-600813024	S3		0.7
S1-790188938	US	false_negative_candidate_miss	S3-657269717	S3		0.7
S1-790458708	India	false_negative_candidate_miss	S2-730199376	S2		0.7
S1-790468829	US	false_negative_candidate_miss	S2-828919843	S2		0.7
S1-790578258	US	false_negative_candidate_miss	S2-550313810	S2		0.7
S1-790578258	US	false_negative_candidate_miss	S3-67143788	S3		0.7
S1-790731871	US	false_negative_candidate_miss	S2-983578873	S2		0.7
S1-790819528	US	false_negative_below_threshold	S3-763836282	S3	0.36491372759100343	0.7
S1-791086018	US	false_negative_below_threshold	S3-594874650	S3	0.43573779395035256	0.7
S1-791964132	India	false_negative_candidate_miss	S2-746249355	S2		0.7
S1-791964132	India	false_negative_candidate_miss	S3-344887654	S3		0.7
S1-791964132	India	false_negative_candidate_miss	S3-603460220	S3		0.7
S1-792055181	US	false_negative_candidate_miss	S2-50037740	S2		0.7
S1-792464652	US	false_negative_candidate_miss	S3-601515165	S3		0.7
S1-792464652	US	false_negative_candidate_miss	S3-883645579	S3		0.7
S1-793004583	India	false_negative_candidate_miss	S2-865186984	S2		0.7
S1-793004583	India	false_negative_candidate_miss	S3-166078099	S3		0.7
S1-793059480	India	false_negative_candidate_miss	S2-145982761	S2		0.7
S1-793059480	India	false_negative_candidate_miss	S2-830133803	S2		0.7
S1-793059480	India	false_negative_candidate_miss	S2-90490053	S2		0.7
S1-793124225	India	false_negative_candidate_miss	S2-384993911	S2		0.7
S1-793124225	India	false_negative_candidate_miss	S3-19547394	S3		0.7
S1-793176730	US	false_negative_below_threshold	S2-568138831	S2	0.69817799886596099	0.7
S1-793281244	India	false_negative_candidate_miss	S2-649346868	S2		0.7
S1-793281244	India	false_negative_candidate_miss	S3-465493304	S3		0.7
S1-793373776	US	false_negative_below_threshold	S2-749575440	S2	0.11666123632037848	0.7
S1-793538380	India	false_negative_candidate_miss	S3-866293375	S3		0.7
S1-793601500	India	false_negative_candidate_miss	S3-447789460	S3		0.7
S1-793748200	US	false_positive	S2-463914306	S2	0.85520084445063871	0.7
S1-793748200	US	false_negative_candidate_miss	S3-897710199	S3		0.7
S1-794305732	India	false_negative_candidate_miss	S2-389046847	S2		0.7
S1-794305732	India	false_negative_candidate_miss	S2-573879249	S2		0.7
S1-794854517	India	false_negative_candidate_miss	S3-306942302	S3		0.7
S1-795125302	India	false_negative_candidate_miss	S2-214722850	S2		0.7
S1-795125302	India	false_negative_candidate_miss	S2-585961934	S2		0.7
S1-795126887	India	false_negative_candidate_miss	S2-603007658	S2		0.7
S1-795126887	India	false_negative_candidate_miss	S2-673537875	S2		0.7
S1-795126887	India	false_negative_candidate_miss	S3-237130005	S3		0.7
S1-795275684	US	false_positive	S3-422758267	S3	0.92933019473657419	0.7
S1-795378017	India	false_negative_below_threshold	S2-229532042	S2	0.38037633415837929	0.7
S1-795378017	India	false_negative_candidate_miss	S3-603126589	S3		0.7
S1-795509547	India	false_negative_candidate_miss	S3-313779121	S3		0.7
S1-795669303	India	false_negative_candidate_miss	S3-779676042	S3		0.7
S1-796434727	US	false_negative_candidate_miss	S2-388779052	S2		0.7
S1-796664192	India	false_negative_candidate_miss	S2-482441894	S2		0.7
S1-796678352	India	false_negative_candidate_miss	S2-74086226	S2		0.7
S1-796678352	India	false_negative_candidate_miss	S2-866859938	S2		0.7
S1-796682996	US	false_positive	S2-415681233	S2	0.73307418330314833	0.7
S1-796682996	US	false_negative_candidate_miss	S3-295410946	S3		0.7
S1-796682996	US	false_negative_candidate_miss	S3-564212224	S3		0.7
S1-796800170	India	false_negative_candidate_miss	S3-29253592	S3		0.7
S1-796800170	India	false_negative_candidate_miss	S3-667302435	S3		0.7
S1-796822438	US	false_positive	S3-592804634	S3	0.80543702024744168	0.7
S1-796822438	US	false_negative_candidate_miss	S3-281819927	S3		0.7
S1-797239574	US	false_negative_candidate_miss	S2-201169428	S2		0.7
S1-797239574	US	false_negative_candidate_miss	S2-938833702	S2		0.7
S1-797276539	India	false_negative_candidate_miss	S3-349730596	S3		0.7
S1-797305167	India	false_negative_candidate_miss	S2-612817051	S2		0.7
S1-797305167	India	false_negative_candidate_miss	S2-664272886	S2		0.7
S1-797305167	India	false_negative_candidate_miss	S3-675769933	S3		0.7
S1-797512870	India	false_negative_candidate_miss	S2-161655467	S2		0.7
S1-797512870	India	false_negative_candidate_miss	S2-654057304	S2		0.7
S1-797897241	US	false_negative_candidate_miss	S3-457062554	S3		0.7
S1-798392173	India	false_positive	S2-557320961	S2	0.76100201410022938	0.7
S1-798392173	India	false_negative_candidate_miss	S2-484895730	S2		0.7
S1-798588534	India	false_negative_below_threshold	S3-576394720	S3	0.54931217349075356	0.7
S1-798651306	India	false_negative_candidate_miss	S2-394187470	S2		0.7
S1-798651306	India	false_negative_candidate_miss	S3-375486452	S3		0.7
S1-798651306	India	false_negative_candidate_miss	S3-446516273	S3		0.7
S1-798651306	India	false_negative_candidate_miss	S3-540922729	S3		0.7
S1-798651306	India	false_negative_candidate_miss	S3-80535189	S3		0.7
S1-799091943	India	false_negative_candidate_miss	S2-362123701	S2		0.7
S1-799091943	India	false_negative_candidate_miss	S2-606002496	S2		0.7
S1-799091943	India	false_negative_below_threshold	S3-289250587	S3	0.6568351874464623	0.7
S1-799091943	India	false_negative_candidate_miss	S3-45401331	S3		0.7
S1-799656578	US	false_negative_candidate_miss	S2-961819314	S2		0.7
S1-799656578	US	false_negative_candidate_miss	S3-350113844	S3		0.7
S1-799702355	India	false_negative_candidate_miss	S2-773916852	S2		0.7
S1-799702355	India	false_negative_candidate_miss	S3-358489513	S3		0.7
S1-799962355	India	false_negative_candidate_miss	S2-373034299	S2		0.7
S1-799962355	India	false_negative_candidate_miss	S2-655468010	S2		0.7
S1-799962355	India	false_negative_candidate_miss	S3-303306606	S3		0.7
S1-801035121	India	false_negative_candidate_miss	S2-93227038	S2		0.7
S1-801055779	India	false_negative_below_threshold	S3-125949138	S3	0.62568267038903769	0.7
S1-801170750	India	false_negative_candidate_miss	S3-678148200	S3		0.7
S1-801776434	India	false_negative_candidate_miss	S2-2185668	S2		0.7
S1-801776434	India	false_negative_candidate_miss	S2-708583844	S2		0.7
S1-80202928	India	false_negative_candidate_miss	S3-985726458	S3		0.7
S1-802201845	US	false_negative_candidate_miss	S3-915322417	S3		0.7
S1-80236901	India	false_negative_candidate_miss	S3-831193264	S3		0.7
S1-802976255	India	false_negative_below_threshold	S2-196184506	S2	0.010540252167785185	0.7
S1-803037134	US	false_negative_below_threshold	S3-81250849	S3	0.64370222023304302	0.7
S1-803102658	India	false_negative_candidate_miss	S3-593343130	S3		0.7
S1-803182374	US	false_negative_candidate_miss	S3-662734909	S3		0.7
S1-803532802	India	false_negative_candidate_miss	S3-429210326	S3		0.7
S1-803744122	US	false_negative_candidate_miss	S2-787720438	S2		0.7
S1-803749849	US	false_negative_below_threshold	S2-20026960	S2	0.61431637601253786	0.7
S1-804233320	India	false_negative_candidate_miss	S2-87170629	S2		0.7
S1-804233320	India	false_negative_candidate_miss	S3-660492065	S3		0.7
S1-804233320	India	false_negative_candidate_miss	S3-712441058	S3		0.7
S1-80484901	US	false_negative_candidate_miss	S2-934104874	S2		0.7
S1-805271487	India	false_negative_candidate_miss	S2-292922409	S2		0.7
S1-805271487	India	false_negative_candidate_miss	S3-906181604	S3		0.7
S1-805496735	US	false_negative_below_threshold	S3-787068669	S3	0.41465184821419326	0.7
S1-806168828	India	false_negative_candidate_miss	S2-604170230	S2		0.7
S1-806168828	India	false_negative_candidate_miss	S3-58687334	S3		0.7
S1-806168828	India	false_negative_candidate_miss	S3-75552237	S3		0.7
S1-807188852	US	false_positive	S2-872748605	S2	0.96877473813674087	0.7
S1-807188852	US	false_positive	S3-852818717	S3	0.92933019473657419	0.7
S1-807213992	India	false_negative_candidate_miss	S2-264378782	S2		0.7
S1-807213992	India	false_negative_candidate_miss	S3-616940571	S3		0.7
S1-807213992	India	false_negative_candidate_miss	S3-664670570	S3		0.7
S1-8072823	US	false_negative_candidate_miss	S3-191132612	S3		0.7
S1-807535212	US	false_negative_candidate_miss	S3-605609119	S3		0.7
S1-807603782	India	false_negative_candidate_miss	S3-141819802	S3		0.7
S1-807964260	India	false_negative_candidate_miss	S3-186223631	S3		0.7
S1-807969386	US	false_negative_below_threshold	S2-358883765	S2	0.53013485076856215	0.7
S1-807969386	US	false_negative_candidate_miss	S3-501126701	S3		0.7
S1-808286468	India	false_negative_candidate_miss	S3-402935436	S3		0.7
S1-808644817	US	false_negative_candidate_miss	S2-548790486	S2		0.7
S1-808835578	US	false_positive	S2-310971271	S2	0.78054277221689183	0.7
S1-808857750	US	false_negative_candidate_miss	S3-535136944	S3		0.7
S1-808887342	US	false_negative_candidate_miss	S2-456113783	S2		0.7
S1-80889409	India	false_negative_candidate_miss	S2-130533195	S2		0.7
S1-810016534	US	false_negative_candidate_miss	S3-749103427	S3		0.7
S1-810312828	India	false_negative_candidate_miss	S2-10061361	S2		0.7
S1-810649146	US	false_negative_candidate_miss	S2-940423924	S2		0.7
S1-810771019	India	false_negative_candidate_miss	S3-562125866	S3		0.7
S1-810771019	India	false_negative_candidate_miss	S3-592344430	S3		0.7
S1-810833407	US	false_negative_below_threshold	S2-656958087	S2	0.14552051367165947	0.7
S1-811465371	India	false_negative_candidate_miss	S2-785025462	S2		0.7
S1-811465371	India	false_negative_candidate_miss	S3-490528707	S3		0.7
S1-811465371	India	false_negative_candidate_miss	S3-593530874	S3		0.7
S1-811465371	India	false_negative_candidate_miss	S3-911164308	S3		0.7
S1-812185567	India	false_negative_candidate_miss	S2-793168111	S2		0.7
S1-812185567	India	false_negative_candidate_miss	S3-400166311	S3		0.7
S1-81253439	India	false_negative_candidate_miss	S3-645156998	S3		0.7
S1-812567871	India	false_negative_candidate_miss	S3-660163828	S3		0.7
S1-813443569	India	false_negative_candidate_miss	S2-339410797	S2		0.7
S1-813443569	India	false_negative_candidate_miss	S2-351587515	S2		0.7
S1-813478174	India	false_negative_candidate_miss	S2-61112173	S2		0.7
S1-813478174	India	false_negative_candidate_miss	S3-764409095	S3		0.7
S1-81362093	US	false_negative_below_threshold	S2-182773673	S2	0.5774185326845469	0.7
S1-813795393	US	false_negative_candidate_miss	S2-848651597	S2		0.7
S1-813916201	India	false_negative_candidate_miss	S3-780899724	S3		0.7
S1-814411319	India	false_negative_candidate_miss	S2-79298177	S2		0.7
S1-814411319	India	false_negative_candidate_miss	S3-310403106	S3		0.7
S1-814529188	US	false_positive	S3-151235771	S3	0.94053109743284069	0.7
S1-814886587	US	false_positive	S2-475594224	S2	0.85520084445063871	0.7
S1-815138406	US	false_positive	S2-739472683	S2	0.89310963014701483	0.7
S1-815965324	India	false_negative_candidate_miss	S2-240682954	S2		0.7
S1-815965324	India	false_negative_candidate_miss	S2-525657885	S2		0.7
S1-815965324	India	false_negative_candidate_miss	S3-750235792	S3		0.7
S1-815965324	India	false_negative_candidate_miss	S3-850294267	S3		0.7
S1-816188357	US	false_negative_candidate_miss	S3-937288808	S3		0.7
S1-816402630	India	false_negative_candidate_miss	S2-496466318	S2		0.7
S1-816402630	India	false_negative_candidate_miss	S3-62082596	S3		0.7
S1-81648135	India	false_negative_candidate_miss	S3-100051187	S3		0.7
S1-816921944	India	false_negative_candidate_miss	S2-654050888	S2		0.7
S1-816921944	India	false_negative_candidate_miss	S3-294642479	S3		0.7
S1-816921944	India	false_negative_candidate_miss	S3-475156112	S3		0.7
S1-817073334	India	false_negative_candidate_miss	S2-899274259	S2		0.7
S1-817073334	India	false_negative_candidate_miss	S3-727450996	S3		0.7
S1-817073334	India	false_negative_candidate_miss	S3-943309624	S3		0.7
S1-817082964	India	false_positive	S3-102170980	S3	0.81726546154575119	0.7
S1-817091086	US	false_negative_candidate_miss	S2-309368631	S2		0.7
S1-817091086	US	false_negative_candidate_miss	S2-404024348	S2		0.7
S1-817156251	US	false_negative_candidate_miss	S3-125052029	S3		0.7
S1-817364224	India	false_negative_candidate_miss	S2-876298420	S2		0.7
S1-817364224	India	false_negative_candidate_miss	S3-822429983	S3		0.7
S1-817716878	US	false_negative_candidate_miss	S3-342609696	S3		0.7
S1-817716878	US	false_negative_candidate_miss	S3-608989745	S3		0.7
S1-817716878	US	false_negative_candidate_miss	S3-942357884	S3		0.7
S1-817748986	India	false_negative_candidate_miss	S2-323506021	S2		0.7
S1-81779108	US	false_negative_candidate_miss	S3-193305180	S3		0.7
S1-81825317	US	false_negative_candidate_miss	S3-322261057	S3		0.7
S1-818536029	India	false_negative_candidate_miss	S2-403309469	S2		0.7
S1-818536029	India	false_negative_candidate_miss	S2-41307684	S2		0.7
S1-818536029	India	false_negative_candidate_miss	S2-78776623	S2		0.7
S1-818536029	India	false_negative_candidate_miss	S3-519913194	S3		0.7
S1-818536029	India	false_negative_candidate_miss	S3-90861002	S3		0.7
S1-818580775	India	false_negative_below_threshold	S2-160022340	S2	0.68635606489246015	0.7
S1-818998104	India	false_negative_candidate_miss	S2-369498534	S2		0.7
S1-818998104	India	false_negative_candidate_miss	S3-280348759	S3		0.7
S1-818998104	India	false_negative_candidate_miss	S3-557795077	S3		0.7
S1-819087535	India	false_negative_candidate_miss	S3-332162022	S3		0.7
S1-819087535	India	false_negative_candidate_miss	S3-98638078	S3		0.7
S1-819512579	US	false_negative_candidate_miss	S2-535614155	S2		0.7
S1-820205236	US	false_negative_candidate_miss	S2-941307919	S2		0.7
S1-820242338	US	false_negative_candidate_miss	S3-104941483	S3		0.7
S1-820352128	India	false_negative_candidate_miss	S3-121861136	S3		0.7
S1-820594156	US	false_negative_below_threshold	S3-122321271	S3	0.50386364862154476	0.7
S1-820828426	India	false_negative_candidate_miss	S3-572890547	S3		0.7
S1-820874272	US	false_negative_candidate_miss	S2-418938739	S2		0.7
S1-820978905	US	false_negative_candidate_miss	S2-175159292	S2		0.7
S1-821062420	US	false_negative_candidate_miss	S2-449015108	S2		0.7
S1-821250478	India	false_positive	S3-134357978	S3	0.9020127699427446	0.7
S1-821250478	India	false_negative_candidate_miss	S2-70390442	S2		0.7
S1-821677109	India	false_negative_candidate_miss	S2-604793239	S2		0.7
S1-821998036	US	false_positive	S3-181115294	S3	0.78901154688860642	0.7
S1-821998036	US	false_positive	S3-243127517	S3	0.96534640170643859	0.7
S1-821998036	US	false_positive	S3-421160141	S3	0.87417264867637656	0.7
S1-82212600	US	false_negative_candidate_miss	S2-281616183	S2		0.7
S1-822141947	US	false_negative_candidate_miss	S2-72498208	S2		0.7
S1-822404760	US	false_negative_below_threshold	S2-821371615	S2	0.62931093248347636	0.7
S1-822939959	US	false_negative_candidate_miss	S3-715890248	S3		0.7
S1-822939959	US	false_negative_candidate_miss	S3-880221903	S3		0.7
S1-822984954	US	false_negative_candidate_miss	S2-383050378	S2		0.7
S1-824086073	India	false_negative_candidate_miss	S2-870135193	S2		0.7
S1-824203278	India	false_negative_candidate_miss	S3-352316312	S3		0.7
S1-824334109	India	false_negative_candidate_miss	S2-98530664	S2		0.7
S1-824334109	India	false_negative_candidate_miss	S3-565350619	S3		0.7
S1-824456223	India	false_negative_candidate_miss	S2-935181619	S2		0.7
S1-824456223	India	false_negative_candidate_miss	S3-348285246	S3		0.7
S1-824456223	India	false_negative_candidate_miss	S3-368871442	S3		0.7
S1-824456223	India	false_negative_candidate_miss	S3-775644925	S3		0.7
S1-824468539	US	false_negative_candidate_miss	S3-94047699	S3		0.7
S1-825125359	US	false_negative_candidate_miss	S3-874206609	S3		0.7
S1-825434688	India	false_negative_candidate_miss	S3-11813500	S3		0.7
S1-825434688	India	false_negative_candidate_miss	S3-443911159	S3		0.7
S1-825733889	US	false_negative_candidate_miss	S2-939781173	S2		0.7
S1-826055423	US	false_positive	S3-677180282	S3	0.89663703727332666	0.7
S1-826069043	US	false_negative_candidate_miss	S2-464007969	S2		0.7
S1-826500777	India	false_positive	S3-210505994	S3	0.89324504376701352	0.7
S1-828270248	India	false_negative_candidate_miss	S2-459758629	S2		0.7
S1-828466658	India	false_negative_candidate_miss	S2-878967832	S2		0.7
S1-828466658	India	false_negative_candidate_miss	S3-446394287	S3		0.7
S1-828590727	US	false_negative_candidate_miss	S2-898681401	S2		0.7
S1-829038764	US	false_negative_candidate_miss	S3-683348274	S3		0.7
S1-829061037	US	false_negative_candidate_miss	S3-511321216	S3		0.7
S1-829061037	US	false_negative_candidate_miss	S3-678152485	S3		0.7
S1-82967353	India	false_negative_candidate_miss	S2-387273499	S2		0.7
S1-82967353	India	false_negative_candidate_miss	S3-629613939	S3		0.7
S1-830198531	India	false_positive	S2-252449506	S2	0.81700517572301512	0.7
S1-830198531	India	false_positive	S2-441457549	S2	0.86967432546825107	0.7
S1-830399175	India	false_negative_candidate_miss	S3-804845385	S3		0.7
S1-830402541	India	false_negative_candidate_miss	S2-140913919	S2		0.7
S1-830402541	India	false_negative_candidate_miss	S3-46755955	S3		0.7
S1-830421971	India	false_negative_below_threshold	S3-170158381	S3	0.2711403539818214	0.7
S1-830479628	US	false_positive	S3-797415216	S3	0.77175767873634127	0.7
S1-83101931	India	false_negative_candidate_miss	S3-81214091	S3		0.7
S1-83101931	India	false_negative_candidate_miss	S3-879552698	S3		0.7
S1-831317803	US	false_negative_candidate_miss	S2-238394666	S2		0.7
S1-831430499	India	false_negative_candidate_miss	S2-438076687	S2		0.7
S1-831430499	India	false_negative_candidate_miss	S3-802255562	S3		0.7
S1-831831873	India	false_negative_candidate_miss	S3-584719599	S3		0.7
S1-831831873	India	false_negative_candidate_miss	S3-600307169	S3		0.7
S1-831960452	US	false_negative_candidate_miss	S3-784106849	S3		0.7
S1-832025510	US	false_negative_candidate_miss	S2-693456338	S2		0.7
S1-832083045	US	false_negative_candidate_miss	S3-18878532	S3		0.7
S1-832315782	US	false_negative_candidate_miss	S2-791812927	S2		0.7
S1-83262874	India	false_negative_candidate_miss	S2-867825931	S2		0.7
S1-83262874	India	false_negative_candidate_miss	S3-228089575	S3		0.7
S1-832789919	US	false_negative_candidate_miss	S3-421504806	S3		0.7
S1-832898868	India	false_negative_candidate_miss	S2-736630150	S2		0.7
S1-832898868	India	false_negative_candidate_miss	S3-100458797	S3		0.7
S1-832898868	India	false_negative_candidate_miss	S3-748481174	S3		0.7
S1-833193198	India	false_negative_candidate_miss	S2-649963027	S2		0.7
S1-833193198	India	false_negative_candidate_miss	S2-708737975	S2		0.7
S1-833193198	India	false_negative_candidate_miss	S3-364459682	S3		0.7
S1-833193198	India	false_negative_candidate_miss	S3-968494609	S3		0.7
S1-833336602	India	false_negative_candidate_miss	S2-813221698	S2		0.7
S1-833336602	India	false_negative_candidate_miss	S3-844067900	S3		0.7
S1-833336602	India	false_negative_candidate_miss	S3-884745442	S3		0.7
S1-833585200	US	false_negative_below_threshold	S2-570553057	S2	0.61801497875294276	0.7
S1-833920737	India	false_negative_candidate_miss	S2-729448317	S2		0.7
S1-833920737	India	false_negative_candidate_miss	S3-368187643	S3		0.7
S1-833920737	India	false_negative_candidate_miss	S3-739649117	S3		0.7
S1-834205041	US	false_negative_candidate_miss	S3-510889205	S3		0.7
S1-834757655	US	false_negative_below_threshold	S2-241279433	S2	0.62476953710500094	0.7
S1-834827658	US	false_negative_candidate_miss	S3-808774627	S3		0.7
S1-835690668	US	false_negative_candidate_miss	S2-742800751	S2		0.7
S1-836139323	US	false_negative_candidate_miss	S3-57289787	S3		0.7
S1-836146107	India	false_negative_candidate_miss	S2-734573749	S2		0.7
S1-836146107	India	false_negative_candidate_miss	S2-880369670	S2		0.7
S1-836146107	India	false_negative_candidate_miss	S3-389240315	S3		0.7
S1-836345555	India	false_negative_candidate_miss	S3-589253793	S3		0.7
S1-836977490	US	false_negative_candidate_miss	S3-205458691	S3		0.7
S1-837268963	US	false_positive_singleton	S2-288267271	S2	0.85520084445063871	0.7
S1-837466551	India	false_positive	S3-586588585	S3	0.75631997452028821	0.7
S1-837466551	India	false_negative_candidate_miss	S3-338927331	S3		0.7
S1-837539866	US	false_negative_candidate_miss	S3-418297295	S3		0.7
S1-837586763	US	false_positive_singleton	S2-806883896	S2	0.81737029322746535	0.7
S1-837624299	US	false_negative_candidate_miss	S2-278766987	S2		0.7
S1-837658077	US	false_negative_candidate_miss	S3-375380789	S3		0.7
S1-837889867	US	false_negative_below_threshold	S2-338460894	S2	0.58592492030730992	0.7
S1-837889867	US	false_negative_candidate_miss	S3-357141764	S3		0.7
S1-837953298	India	false_negative_candidate_miss	S2-606110939	S2		0.7
S1-837953298	India	false_negative_candidate_miss	S3-447282252	S3		0.7
S1-837953298	India	false_negative_candidate_miss	S3-660647904	S3		0.7
S1-838097500	India	false_negative_candidate_miss	S2-617016046	S2		0.7
S1-838369112	US	false_positive	S2-322019374	S2	0.85520084445063871	0.7
S1-838369112	US	false_positive	S3-991482609	S3	0.88705841056877277	0.7
S1-838369112	US	false_negative_candidate_miss	S3-131307623	S3		0.7
S1-838690934	US	false_negative_candidate_miss	S2-927982778	S2		0.7
S1-838690934	US	false_negative_candidate_miss	S3-968777712	S3		0.7
S1-838886170	US	false_negative_candidate_miss	S2-488872683	S2		0.7
S1-838886170	US	false_negative_candidate_miss	S3-464443846	S3		0.7
S1-838962730	US	false_negative_candidate_miss	S3-469117812	S3		0.7
S1-838975900	US	false_positive	S2-738158972	S2	0.89551769698344719	0.7
S1-838975900	US	false_negative_candidate_miss	S3-90133823	S3		0.7
S1-839232277	India	false_negative_candidate_miss	S2-106779283	S2		0.7
S1-839232277	India	false_negative_below_threshold	S3-409168897	S3	0.61537834195862706	0.7
S1-839232277	India	false_negative_candidate_miss	S3-838705691	S3		0.7
S1-839255976	US	false_negative_candidate_miss	S2-451500484	S2		0.7
S1-839266336	India	false_negative_candidate_miss	S2-122013611	S2		0.7
S1-839266336	India	false_negative_candidate_miss	S2-448794597	S2		0.7
S1-839266336	India	false_negative_candidate_miss	S3-757042775	S3		0.7
S1-839321203	India	false_negative_candidate_miss	S2-758182815	S2		0.7
S1-839437221	India	false_negative_candidate_miss	S2-361939488	S2		0.7
S1-839646652	India	false_negative_candidate_miss	S2-511615795	S2		0.7
S1-839646652	India	false_negative_candidate_miss	S3-451110535	S3		0.7
S1-839778219	US	false_negative_candidate_miss	S3-887504399	S3		0.7
S1-8401183	India	false_negative_candidate_miss	S2-514391166	S2		0.7
S1-840437854	India	false_negative_candidate_miss	S3-70635036	S3		0.7
S1-840438055	India	false_negative_candidate_miss	S2-480943675	S2		0.7
S1-840438055	India	false_negative_candidate_miss	S3-821607306	S3		0.7
S1-840439630	India	false_negative_candidate_miss	S3-497890662	S3		0.7
S1-840933975	US	false_negative_candidate_miss	S3-48973940	S3		0.7
S1-840997507	US	false_negative_below_threshold	S3-942453954	S3	0.69708701497794101	0.7
S1-84105081	India	false_negative_candidate_miss	S2-981054529	S2		0.7
S1-84105081	India	false_negative_candidate_miss	S3-161232149	S3		0.7
S1-84105081	India	false_negative_candidate_miss	S3-541038787	S3		0.7
S1-841248137	India	false_negative_candidate_miss	S2-129400433	S2		0.7
S1-841248137	India	false_negative_candidate_miss	S2-649773557	S2		0.7
S1-841248137	India	false_negative_candidate_miss	S3-253837258	S3		0.7
S1-841248137	India	false_negative_candidate_miss	S3-995443510	S3		0.7
S1-841413984	US	false_negative_candidate_miss	S3-14129026	S3		0.7
S1-841611793	US	false_negative_candidate_miss	S3-331234148	S3		0.7
S1-842458982	India	false_negative_candidate_miss	S2-961834407	S2		0.7
S1-842458982	India	false_negative_candidate_miss	S3-165141948	S3		0.7
S1-842458982	India	false_negative_candidate_miss	S3-264292037	S3		0.7
S1-842458982	India	false_negative_candidate_miss	S3-610194168	S3		0.7
S1-842458982	India	false_negative_candidate_miss	S3-968416284	S3		0.7
S1-84261081	US	false_negative_candidate_miss	S3-810302407	S3		0.7
S1-842611423	US	false_negative_candidate_miss	S3-300366685	S3		0.7
S1-843954402	US	false_negative_below_threshold	S2-113353575	S2	0.099399869715248293	0.7
S1-844515489	India	false_negative_candidate_miss	S2-912362943	S2		0.7
S1-844515489	India	false_negative_candidate_miss	S3-641431099	S3		0.7
S1-844515489	India	false_negative_candidate_miss	S3-987747619	S3		0.7
S1-844725400	US	false_negative_candidate_miss	S2-667793540	S2		0.7
S1-844766948	US	false_negative_below_threshold	S2-979238804	S2	0.57472828687298971	0.7
S1-844806229	India	false_negative_candidate_miss	S3-523122412	S3		0.7
S1-844870192	US	false_positive	S2-111365385	S2	0.79376181378831545	0.7
S1-844870192	US	false_negative_candidate_miss	S2-736380945	S2		0.7
S1-844924463	US	false_negative_candidate_miss	S2-774140668	S2		0.7
S1-844968311	US	false_negative_candidate_miss	S2-223491661	S2		0.7
S1-845427763	US	false_negative_candidate_miss	S3-378904764	S3		0.7
S1-845799843	India	false_positive	S2-291995664	S2	0.92391061604451707	0.7
S1-845884645	US	false_negative_candidate_miss	S2-973749080	S2		0.7
S1-84593442	India	false_negative_candidate_miss	S3-801526186	S3		0.7
S1-846140795	US	false_negative_candidate_miss	S2-780989313	S2		0.7
S1-846196568	India	false_negative_below_threshold	S2-769897132	S2	0.58592492030730992	0.7
S1-846317935	India	false_negative_candidate_miss	S3-886108485	S3		0.7
S1-846562540	India	false_negative_candidate_miss	S2-599149083	S2		0.7
S1-846562540	India	false_negative_candidate_miss	S3-139897865	S3		0.7
S1-846562540	India	false_negative_candidate_miss	S3-377132070	S3		0.7
S1-846562540	India	false_negative_candidate_miss	S3-542342486	S3		0.7
S1-846575590	US	false_negative_candidate_miss	S2-833210524	S2		0.7
S1-846660465	US	false_negative_candidate_miss	S3-911655769	S3		0.7
S1-847026255	India	false_negative_candidate_miss	S2-638917043	S2		0.7
S1-847026255	India	false_negative_candidate_miss	S2-654785934	S2		0.7
S1-847477604	India	false_positive	S2-364008435	S2	0.71884956148411572	0.7
S1-847477604	India	false_negative_candidate_miss	S3-531391938	S3		0.7
S1-847689115	India	false_negative_candidate_miss	S2-644038528	S2		0.7
S1-847689115	India	false_negative_candidate_miss	S3-505827660	S3		0.7
S1-847689115	India	false_negative_candidate_miss	S3-662871864	S3		0.7
S1-847857212	US	false_negative_candidate_miss	S2-263588182	S2		0.7
S1-847857212	US	false_negative_candidate_miss	S2-51951488	S2		0.7
S1-847857212	US	false_negative_candidate_miss	S2-871682728	S2		0.7
S1-847905271	US	false_negative_candidate_miss	S2-714027246	S2		0.7
S1-847925428	US	false_negative_candidate_miss	S3-161544149	S3		0.7
S1-847925428	US	false_negative_below_threshold	S3-206453994	S3	0.6568351874464623	0.7
S1-84808764	US	false_negative_candidate_miss	S3-743687495	S3		0.7
S1-848604996	US	false_negative_candidate_miss	S2-365058667	S2		0.7
S1-84891122	US	false_negative_candidate_miss	S3-732878416	S3		0.7
S1-848917184	US	false_negative_candidate_miss	S2-508360238	S2		0.7
S1-848917184	US	false_negative_below_threshold	S2-803170811	S2	0.46854432577968735	0.7
S1-848917184	US	false_negative_candidate_miss	S3-445320907	S3		0.7
S1-849029768	India	false_negative_candidate_miss	S2-759397012	S2		0.7
S1-849029768	India	false_negative_candidate_miss	S3-276394137	S3		0.7
S1-849029768	India	false_negative_candidate_miss	S3-506669398	S3		0.7
S1-849050548	India	false_negative_candidate_miss	S2-227590499	S2		0.7
S1-849050548	India	false_negative_candidate_miss	S2-5435137	S2		0.7
S1-849050548	India	false_negative_candidate_miss	S2-742770823	S2		0.7
S1-849050548	India	false_negative_candidate_miss	S3-661383626	S3		0.7
S1-849050548	India	false_negative_candidate_miss	S3-911718418	S3		0.7
S1-849063375	India	false_negative_candidate_miss	S2-392141692	S2		0.7
S1-849063375	India	false_negative_candidate_miss	S3-732327620	S3		0.7
S1-84910902	India	false_positive	S2-228465148	S2	0.98848956323947834	0.7
S1-84910902	India	false_negative_candidate_miss	S2-769744009	S2		0.7
S1-84910902	India	false_negative_candidate_miss	S2-821957235	S2		0.7
S1-849117714	India	false_negative_candidate_miss	S3-20823587	S3		0.7
S1-849506507	US	false_negative_candidate_miss	S2-819474443	S2		0.7
S1-849601161	India	false_negative_candidate_miss	S2-597961376	S2		0.7
S1-849601161	India	false_negative_candidate_miss	S2-628040919	S2		0.7
S1-849601161	India	false_negative_candidate_miss	S2-795163674	S2		0.7
S1-849601161	India	false_negative_candidate_miss	S3-144290396	S3		0.7
S1-849601161	India	false_negative_candidate_miss	S3-587187739	S3		0.7
S1-849601161	India	false_negative_candidate_miss	S3-617858702	S3		0.7
S1-849601161	India	false_negative_candidate_miss	S3-855355175	S3		0.7
S1-849601161	India	false_negative_candidate_miss	S3-99337057	S3		0.7
S1-850036289	US	false_negative_candidate_miss	S3-413759749	S3		0.7
S1-850336013	India	false_negative_candidate_miss	S2-510421686	S2		0.7
S1-850336013	India	false_negative_candidate_miss	S3-295869900	S3		0.7
S1-8506098	India	false_negative_candidate_miss	S2-161583145	S2		0.7
S1-850866577	India	false_negative_candidate_miss	S3-674561985	S3		0.7
S1-850866577	India	false_negative_candidate_miss	S3-871358417	S3		0.7
S1-850940033	US	false_negative_candidate_miss	S2-844233672	S2		0.7
S1-851044515	US	false_negative_candidate_miss	S2-646753241	S2		0.7
S1-851112670	US	false_negative_candidate_miss	S2-853059088	S2		0.7
S1-851341212	US	false_negative_candidate_miss	S2-160986573	S2		0.7
S1-851470917	US	false_negative_candidate_miss	S2-277676395	S2		0.7
S1-851705409	India	false_negative_below_threshold	S3-296489924	S3	0.23751793406988875	0.7
S1-852012665	India	false_negative_candidate_miss	S2-920451808	S2		0.7
S1-852012665	India	false_negative_candidate_miss	S3-199920598	S3		0.7
S1-852309682	US	false_negative_candidate_miss	S3-482200144	S3		0.7
S1-852343446	US	false_negative_candidate_miss	S3-22705056	S3		0.7
S1-852953406	India	false_negative_candidate_miss	S3-699382143	S3		0.7
S1-853962715	US	false_negative_candidate_miss	S3-263036303	S3		0.7
S1-854242392	India	false_positive	S3-747980549	S3	0.90551877447995055	0.7
S1-854883309	US	false_negative_candidate_miss	S3-306947333	S3		0.7
S1-854883309	US	false_negative_candidate_miss	S3-890879466	S3		0.7
S1-855067582	US	false_negative_candidate_miss	S2-159847749	S2		0.7
S1-855067582	US	false_negative_candidate_miss	S3-997225453	S3		0.7
S1-855092991	US	false_negative_candidate_miss	S3-156531344	S3		0.7
S1-855231813	India	false_negative_below_threshold	S3-564993023	S3	0.67270460237972429	0.7
S1-855580961	India	false_negative_candidate_miss	S3-85688183	S3		0.7
S1-856532212	US	false_negative_candidate_miss	S2-931927420	S2		0.7
S1-856532212	US	false_negative_candidate_miss	S3-47290403	S3		0.7
S1-856532212	US	false_negative_below_threshold	S3-725919884	S3	0.6568351874464623	0.7
S1-856859808	India	false_negative_candidate_miss	S3-908745462	S3		0.7
S1-857417313	US	false_negative_below_threshold	S3-677529550	S3	0.59693851977262458	0.7
S1-857509371	India	false_negative_candidate_miss	S2-411585399	S2		0.7
S1-857509371	India	false_negative_candidate_miss	S3-294415638	S3		0.7
S1-857509371	India	false_negative_candidate_miss	S3-971111858	S3		0.7
S1-85768273	India	false_negative_candidate_miss	S2-922183952	S2		0.7
S1-85768273	India	false_negative_candidate_miss	S3-994389380	S3		0.7
S1-857747722	US	false_negative_candidate_miss	S2-720287532	S2		0.7
S1-85785687	India	false_negative_candidate_miss	S2-265943972	S2		0.7
S1-858079431	India	false_negative_candidate_miss	S2-364742151	S2		0.7
S1-858079431	India	false_negative_candidate_miss	S2-605202714	S2		0.7
S1-858079431	India	false_negative_candidate_miss	S3-698460923	S3		0.7
S1-858619354	India	false_negative_candidate_miss	S2-569691795	S2		0.7
S1-858619354	India	false_negative_candidate_miss	S2-859828437	S2		0.7
S1-8588777	US	false_negative_candidate_miss	S2-760839926	S2		0.7
S1-859358232	US	false_negative_candidate_miss	S2-748502817	S2		0.7
S1-859358232	US	false_negative_candidate_miss	S3-461314388	S3		0.7
S1-859358232	US	false_negative_candidate_miss	S3-62583748	S3		0.7
S1-859411742	US	false_negative_candidate_miss	S3-623857534	S3		0.7
S1-859459297	India	false_negative_candidate_miss	S2-18265643	S2		0.7
S1-859459297	India	false_negative_candidate_miss	S2-331071697	S2		0.7
S1-859459297	India	false_negative_candidate_miss	S3-221075770	S3		0.7
S1-859581083	India	false_negative_candidate_miss	S2-852538990	S2		0.7
S1-859604805	US	false_negative_candidate_miss	S2-168062362	S2		0.7
S1-859604805	US	false_negative_candidate_miss	S2-558166	S2		0.7
S1-859604805	US	false_negative_candidate_miss	S2-758941414	S2		0.7
S1-859616425	US	false_positive	S3-167398086	S3	0.92756521302311834	0.7
S1-8599730	US	false_negative_candidate_miss	S2-958957642	S2		0.7
S1-8599730	US	false_negative_candidate_miss	S3-667676400	S3		0.7
S1-860282539	US	false_negative_candidate_miss	S3-506726033	S3		0.7
S1-860780268	India	false_negative_candidate_miss	S2-591630684	S2		0.7
S1-860780268	India	false_negative_candidate_miss	S3-387859582	S3		0.7
S1-86082913	India	false_negative_candidate_miss	S2-585644584	S2		0.7
S1-861070459	US	false_negative_candidate_miss	S2-395187397	S2		0.7
S1-861070459	US	false_negative_candidate_miss	S3-321794152	S3		0.7
S1-861070459	US	false_negative_candidate_miss	S3-651755947	S3		0.7
S1-861263496	US	false_negative_candidate_miss	S3-797589625	S3		0.7
S1-861404108	US	false_negative_candidate_miss	S2-537465006	S2		0.7
S1-861470216	US	false_negative_candidate_miss	S2-961383533	S2		0.7
S1-862358822	US	false_negative_candidate_miss	S2-82181603	S2		0.7
S1-862358822	US	false_negative_candidate_miss	S3-774185534	S3		0.7
S1-862494544	India	false_negative_candidate_miss	S2-412024962	S2		0.7
S1-862494544	India	false_negative_candidate_miss	S2-852742881	S2		0.7
S1-862575793	India	false_negative_candidate_miss	S2-100088755	S2		0.7
S1-862575793	India	false_negative_candidate_miss	S2-24870706	S2		0.7
S1-862575793	India	false_negative_candidate_miss	S3-668597520	S3		0.7
S1-862667703	US	false_negative_candidate_miss	S2-497642550	S2		0.7
S1-862685568	US	false_negative_candidate_miss	S3-891031485	S3		0.7
S1-862880530	India	false_negative_candidate_miss	S3-873323082	S3		0.7
S1-862880530	India	false_negative_candidate_miss	S3-977581723	S3		0.7
S1-862909499	US	false_negative_candidate_miss	S3-597580109	S3		0.7
S1-863018330	US	false_negative_candidate_miss	S3-245074907	S3		0.7
S1-86313606	India	false_positive	S3-584258850	S3	0.81926268864853535	0.7
S1-86313606	India	false_positive	S3-844490120	S3	0.82884442507721257	0.7
S1-86313606	India	false_negative_candidate_miss	S2-351908839	S2		0.7
S1-86313606	India	false_negative_candidate_miss	S3-32447937	S3		0.7
S1-86313606	India	false_negative_candidate_miss	S3-555831339	S3		0.7
S1-86313606	India	false_negative_candidate_miss	S3-811049797	S3		0.7
S1-86313606	India	false_negative_candidate_miss	S3-894962203	S3		0.7
S1-863195795	India	false_negative_candidate_miss	S2-129915478	S2		0.7
S1-863195795	India	false_negative_candidate_miss	S2-722511490	S2		0.7
S1-86332173	India	false_positive	S2-283762713	S2	0.7903557940355016	0.7
S1-863418544	India	false_positive	S2-13959705	S2	0.99152185215647148	0.7
S1-863418544	India	false_positive	S3-343960528	S3	0.99768196256886221	0.7
S1-863434753	US	false_negative_candidate_miss	S3-856281340	S3		0.7
S1-863586270	US	false_negative_candidate_miss	S2-762291637	S2		0.7
S1-863995848	US	false_negative_candidate_miss	S2-517728826	S2		0.7
S1-864736348	India	false_negative_candidate_miss	S3-869234102	S3		0.7
S1-864736348	India	false_negative_candidate_miss	S3-987919076	S3		0.7
S1-864883720	India	false_negative_candidate_miss	S3-108889680	S3		0.7
S1-864883720	India	false_negative_candidate_miss	S3-287670561	S3		0.7
S1-864883720	India	false_negative_candidate_miss	S3-955370698	S3		0.7
S1-86504747	India	false_negative_candidate_miss	S2-912264477	S2		0.7
S1-865260702	India	false_negative_candidate_miss	S2-128955914	S2		0.7
S1-86568938	India	false_negative_candidate_miss	S2-158158301	S2		0.7
S1-865779622	US	false_negative_candidate_miss	S3-956304595	S3		0.7
S1-865950791	US	false_negative_candidate_miss	S2-17028011	S2		0.7
S1-866295575	India	false_negative_candidate_miss	S2-631434480	S2		0.7
S1-866767030	US	false_negative_below_threshold	S3-639535415	S3	0.6568351874464623	0.7
S1-866811807	US	false_negative_candidate_miss	S2-169991093	S2		0.7
S1-866811807	US	false_negative_candidate_miss	S3-294607829	S3		0.7
S1-866811807	US	false_negative_candidate_miss	S3-428361586	S3		0.7
S1-866811807	US	false_negative_candidate_miss	S3-523068702	S3		0.7
S1-86696683	India	false_negative_candidate_miss	S2-224047109	S2		0.7
S1-86696683	India	false_negative_candidate_miss	S2-720418504	S2		0.7
S1-86696683	India	false_negative_candidate_miss	S3-601812592	S3		0.7
S1-867031086	US	false_negative_candidate_miss	S3-759926252	S3		0.7
S1-86709096	India	false_negative_candidate_miss	S3-799100886	S3		0.7
S1-867299814	India	false_negative_candidate_miss	S2-620533255	S2		0.7
S1-867299814	India	false_negative_candidate_miss	S3-513026222	S3		0.7
S1-868094437	US	false_negative_candidate_miss	S2-126249796	S2		0.7
S1-868223375	India	false_negative_candidate_miss	S3-219807199	S3		0.7
S1-868447778	US	false_negative_below_threshold	S2-83119565	S2	0.58592492030730992	0.7
S1-868713539	India	false_negative_candidate_miss	S2-889758952	S2		0.7
S1-868713539	India	false_negative_candidate_miss	S3-883388723	S3		0.7
S1-868745075	US	false_negative_candidate_miss	S2-350161590	S2		0.7
S1-868837007	US	false_negative_candidate_miss	S2-551734951	S2		0.7
S1-868860184	India	false_negative_candidate_miss	S2-157060878	S2		0.7
S1-868860184	India	false_negative_candidate_miss	S3-42511795	S3		0.7
S1-868860184	India	false_negative_candidate_miss	S3-538937593	S3		0.7
S1-868961520	India	false_positive	S3-77862050	S3	0.89050857088337587	0.7
S1-869077635	US	false_negative_candidate_miss	S3-148476688	S3		0.7
S1-869139616	India	false_negative_candidate_miss	S2-838369098	S2		0.7
S1-869139616	India	false_negative_candidate_miss	S3-729299836	S3		0.7
S1-869390667	India	false_negative_candidate_miss	S2-230740526	S2		0.7
S1-869390667	India	false_negative_candidate_miss	S2-409089302	S2		0.7
S1-869484753	India	false_positive	S2-587682391	S2	0.92606536839265952	0.7
S1-86968833	India	false_negative_candidate_miss	S2-39493889	S2		0.7
S1-86968833	India	false_negative_candidate_miss	S3-676333692	S3		0.7
S1-869793325	US	false_negative_below_threshold	S2-630602576	S2	0.068949464265568777	0.7
S1-869793325	US	false_negative_candidate_miss	S2-885932502	S2		0.7
S1-869793325	US	false_negative_candidate_miss	S3-639288174	S3		0.7
S1-870044096	US	false_negative_candidate_miss	S2-103673755	S2		0.7
S1-870044096	US	false_negative_candidate_miss	S2-475796549	S2		0.7
S1-87009158	US	false_negative_candidate_miss	S2-365525020	S2		0.7
S1-870182293	US	false_negative_candidate_miss	S2-460919020	S2		0.7
S1-870182293	US	false_negative_candidate_miss	S3-119905559	S3		0.7
S1-870182293	US	false_negative_candidate_miss	S3-414758932	S3		0.7
S1-870554661	US	false_negative_below_threshold	S2-314685020	S2	0.58592492030730992	0.7
S1-87058893	US	false_negative_candidate_miss	S3-650340961	S3		0.7
S1-870591202	India	false_negative_candidate_miss	S2-131017945	S2		0.7
S1-870591202	India	false_negative_candidate_miss	S3-164249663	S3		0.7
S1-870874616	India	false_negative_candidate_miss	S2-23135165	S2		0.7
S1-870874616	India	false_negative_candidate_miss	S3-802137559	S3		0.7
S1-870912822	India	false_negative_candidate_miss	S2-706556857	S2		0.7
S1-870912822	India	false_negative_candidate_miss	S3-768057682	S3		0.7
S1-871146643	US	false_negative_candidate_miss	S3-745980025	S3		0.7
S1-871260193	US	false_negative_candidate_miss	S2-971425392	S2		0.7
S1-871260193	US	false_negative_below_threshold	S3-279241821	S3	0.6568351874464623	0.7
S1-871401098	US	false_negative_candidate_miss	S2-164987980	S2		0.7
S1-871401098	US	false_negative_candidate_miss	S3-82590313	S3		0.7
S1-871712630	India	false_negative_candidate_miss	S3-7257014	S3		0.7
S1-871918337	US	false_negative_candidate_miss	S2-852372759	S2		0.7
S1-871918337	US	false_negative_candidate_miss	S3-37520401	S3		0.7
S1-872089034	US	false_negative_candidate_miss	S3-92489909	S3		0.7
S1-872183453	US	false_negative_candidate_miss	S2-276285122	S2		0.7
S1-872377576	India	false_negative_candidate_miss	S2-818242386	S2		0.7
S1-872377576	India	false_negative_candidate_miss	S3-616068430	S3		0.7
S1-872377576	India	false_negative_candidate_miss	S3-711119639	S3		0.7
S1-872713163	India	false_negative_candidate_miss	S2-428478847	S2		0.7
S1-872961828	India	false_negative_candidate_miss	S2-762555237	S2		0.7
S1-873076052	US	false_negative_candidate_miss	S3-743466513	S3		0.7
S1-873217284	US	false_positive	S3-649905784	S3	0.94221075278292077	0.7
S1-873217284	US	false_negative_candidate_miss	S2-933772100	S2		0.7
S1-873368014	US	false_negative_candidate_miss	S3-219319414	S3		0.7
S1-873368014	US	false_negative_candidate_miss	S3-659480985	S3		0.7
S1-873432671	US	false_negative_candidate_miss	S3-836736870	S3		0.7
S1-873820775	US	false_positive	S3-558483846	S3	0.9908917946169622	0.7
S1-875255908	US	false_negative_below_threshold	S3-736692337	S3	0.557525886449042	0.7
S1-87538962	India	false_negative_candidate_miss	S3-162842764	S3		0.7
S1-87538962	India	false_negative_candidate_miss	S3-728551099	S3		0.7
S1-87538962	India	false_negative_candidate_miss	S3-954787618	S3		0.7
S1-87553220	US	false_negative_candidate_miss	S2-711891375	S2		0.7
S1-87553220	US	false_negative_candidate_miss	S2-901002794	S2		0.7
S1-875573256	India	false_negative_candidate_miss	S2-867027505	S2		0.7
S1-875573256	India	false_negative_candidate_miss	S3-997826089	S3		0.7
S1-876102895	US	false_positive	S2-111365385	S2	0.80623604705284913	0.7
S1-876102895	US	false_negative_candidate_miss	S2-358560681	S2		0.7
S1-876102895	US	false_negative_candidate_miss	S2-791711694	S2		0.7
S1-8761056	India	false_negative_candidate_miss	S2-638501439	S2		0.7
S1-876146114	India	false_negative_candidate_miss	S2-135246880	S2		0.7
S1-876146114	India	false_negative_candidate_miss	S2-492969909	S2		0.7
S1-876146114	India	false_negative_candidate_miss	S3-284348936	S3		0.7
S1-876146114	India	false_negative_candidate_miss	S3-973150838	S3		0.7
S1-876279841	US	false_negative_candidate_miss	S2-302245957	S2		0.7
S1-876356336	India	false_negative_candidate_miss	S2-45170163	S2		0.7
S1-876530272	US	false_negative_candidate_miss	S2-937099076	S2		0.7
S1-87698040	US	false_negative_below_threshold	S3-131312422	S3	0.41267419553157181	0.7
S1-87698040	US	false_negative_candidate_miss	S3-193344393	S3		0.7
S1-87698040	US	false_negative_candidate_miss	S3-723114733	S3		0.7
S1-877227077	India	false_negative_candidate_miss	S2-915122681	S2		0.7
S1-877227077	India	false_negative_candidate_miss	S3-605849856	S3		0.7
S1-877375448	India	false_negative_candidate_miss	S3-232921628	S3		0.7
S1-877375448	India	false_negative_candidate_miss	S3-516450400	S3		0.7
S1-877744891	US	false_negative_candidate_miss	S2-47776103	S2		0.7
S1-877869158	US	false_positive	S2-205751440	S2	0.87816740491392675	0.7
S1-878766206	US	false_negative_candidate_miss	S2-495660815	S2		0.7
S1-879231858	US	false_negative_below_threshold	S2-446102276	S2	0.45005689298035984	0.7
S1-87932913	India	false_negative_candidate_miss	S2-930682035	S2		0.7
S1-87962883	US	false_negative_candidate_miss	S2-858198157	S2		0.7
S1-87962883	US	false_negative_below_threshold	S3-126113684	S3	0.29797845791485439	0.7
S1-879957116	India	false_negative_candidate_miss	S2-834703140	S2		0.7
S1-879957116	India	false_negative_candidate_miss	S2-969705686	S2		0.7
S1-879957116	India	false_negative_candidate_miss	S3-814415447	S3		0.7
S1-880024308	US	false_negative_candidate_miss	S3-785490558	S3		0.7
S1-880261747	US	false_negative_below_threshold	S2-156355236	S2	0.46535785761825255	0.7
S1-880398937	India	false_negative_candidate_miss	S3-153055224	S3		0.7
S1-88052212	India	false_positive	S3-179366709	S3	0.90678192288199932	0.7
S1-88052212	India	false_negative_candidate_miss	S2-469265110	S2		0.7
S1-880782075	India	false_positive_singleton	S3-250619601	S3	0.87219847244730786	0.7
S1-881480161	US	false_negative_below_threshold	S2-592319378	S2	0.42389793960683031	0.7
S1-881935848	US	false_negative_candidate_miss	S3-15119381	S3		0.7
S1-881935848	US	false_negative_candidate_miss	S3-856603916	S3		0.7
S1-882234794	India	false_negative_candidate_miss	S2-929010482	S2		0.7
S1-882234794	India	false_negative_candidate_miss	S3-782882601	S3		0.7
S1-882318736	US	false_negative_below_threshold	S2-329058025	S2	0.42569855644545179	0.7
S1-882462187	India	false_negative_candidate_miss	S3-540281712	S3		0.7
S1-882633915	US	false_negative_candidate_miss	S2-908671823	S2		0.7
S1-882633915	US	false_negative_below_threshold	S3-373573224	S3	0.6568351874464623	0.7
S1-882656070	India	false_positive	S2-167849019	S2	0.92247939765012288	0.7
S1-882802192	US	false_negative_candidate_miss	S3-164704333	S3		0.7
S1-882802192	US	false_negative_candidate_miss	S3-46483928	S3		0.7
S1-882938346	India	false_negative_candidate_miss	S2-526686666	S2		0.7
S1-882938346	India	false_negative_candidate_miss	S3-185780830	S3		0.7
S1-883281842	India	false_negative_candidate_miss	S2-470387998	S2		0.7
S1-883384513	US	false_negative_below_threshold	S2-659364986	S2	0.58592492030730992	0.7
S1-883561484	US	false_negative_candidate_miss	S3-222075685	S3		0.7
S1-88365296	US	false_negative_candidate_miss	S2-817363667	S2		0.7
S1-883872242	India	false_negative_candidate_miss	S3-638998853	S3		0.7
S1-88388253	India	false_positive	S2-205618543	S2	0.79178728443471968	0.7
S1-88388253	India	false_negative_candidate_miss	S2-472653138	S2		0.7
S1-88388253	India	false_negative_candidate_miss	S2-618948195	S2		0.7
S1-883976502	India	false_negative_candidate_miss	S2-628705166	S2		0.7
S1-883976502	India	false_negative_candidate_miss	S3-504508377	S3		0.7
S1-884059175	India	false_negative_candidate_miss	S3-304110323	S3		0.7
S1-884059175	India	false_negative_candidate_miss	S3-369576329	S3		0.7
S1-884059175	India	false_negative_candidate_miss	S3-589089722	S3		0.7
S1-884194637	India	false_negative_candidate_miss	S2-437407912	S2		0.7
S1-884930596	US	false_negative_candidate_miss	S3-637170351	S3		0.7
S1-885350297	US	false_positive	S3-136454189	S3	0.97350620454353498	0.7
S1-885758555	India	false_negative_candidate_miss	S2-58045071	S2		0.7
S1-886386243	India	false_negative_below_threshold	S2-202565558	S2	0.093168231464815968	0.7
S1-886484534	US	false_negative_candidate_miss	S2-230293405	S2		0.7
S1-886484534	US	false_negative_candidate_miss	S3-310706700	S3		0.7
S1-886484534	US	false_negative_candidate_miss	S3-424274049	S3		0.7
S1-886830589	US	false_negative_candidate_miss	S2-986201245	S2		0.7
S1-886905761	India	false_negative_candidate_miss	S2-551063750	S2		0.7
S1-886905761	India	false_negative_candidate_miss	S3-969717667	S3		0.7
S1-886905761	India	false_negative_candidate_miss	S3-97632107	S3		0.7
S1-887196307	India	false_negative_candidate_miss	S2-573825992	S2		0.7
S1-887535534	India	false_negative_candidate_miss	S2-277646469	S2		0.7
S1-887535534	India	false_negative_candidate_miss	S2-887598055	S2		0.7
S1-887535534	India	false_negative_candidate_miss	S3-44211766	S3		0.7
S1-887713234	US	false_negative_candidate_miss	S2-700179569	S2		0.7
S1-887713234	US	false_negative_below_threshold	S2-85828085	S2	0.61719486729080519	0.7
S1-888224884	US	false_negative_candidate_miss	S2-152217107	S2		0.7
S1-888224884	US	false_negative_candidate_miss	S2-925635624	S2		0.7
S1-88824478	India	false_negative_candidate_miss	S2-459222256	S2		0.7
S1-88824478	India	false_negative_candidate_miss	S2-520144570	S2		0.7
S1-88824478	India	false_negative_candidate_miss	S3-122347383	S3		0.7
S1-88824478	India	false_negative_candidate_miss	S3-251284778	S3		0.7
S1-888305339	US	false_negative_candidate_miss	S3-183924408	S3		0.7
S1-888413815	India	false_negative_candidate_miss	S3-722797801	S3		0.7
S1-888501370	India	false_negative_candidate_miss	S3-410972161	S3		0.7
S1-888626697	US	false_negative_candidate_miss	S2-69348640	S2		0.7
S1-888963542	US	false_negative_candidate_miss	S2-517865714	S2		0.7
S1-889445947	India	false_negative_candidate_miss	S2-641410345	S2		0.7
S1-889445947	India	false_negative_candidate_miss	S2-691547294	S2		0.7
S1-88945894	US	false_negative_candidate_miss	S2-793221435	S2		0.7
S1-889794472	US	false_negative_candidate_miss	S3-287531670	S3		0.7
S1-890250659	India	false_negative_candidate_miss	S2-216533414	S2		0.7
S1-890517516	US	false_positive	S3-175564896	S3	0.86696093511330075	0.7
S1-890636581	US	false_negative_candidate_miss	S2-735982382	S2		0.7
S1-891316395	India	false_negative_candidate_miss	S2-546468784	S2		0.7
S1-891316395	India	false_negative_candidate_miss	S3-485623879	S3		0.7
S1-891350613	US	false_positive_singleton	S2-697927075	S2	0.92839935424403131	0.7
S1-891396760	India	false_negative_candidate_miss	S3-327703087	S3		0.7
S1-891396760	India	false_negative_candidate_miss	S3-360193935	S3		0.7
S1-891396760	India	false_negative_candidate_miss	S3-413949710	S3		0.7
S1-891396760	India	false_negative_candidate_miss	S3-793117252	S3		0.7
S1-891674321	US	false_positive	S3-260544839	S3	0.97026534043043067	0.7
S1-891674321	US	false_negative_candidate_miss	S2-31019157	S2		0.7
S1-892258517	India	false_negative_candidate_miss	S2-351010384	S2		0.7
S1-892258517	India	false_negative_candidate_miss	S3-394817441	S3		0.7
S1-892277641	US	false_negative_below_threshold	S3-875594033	S3	0.60330900412152155	0.7
S1-892368276	US	false_negative_candidate_miss	S2-360288047	S2		0.7
S1-892368276	US	false_negative_candidate_miss	S3-976578802	S3		0.7
S1-892525858	India	false_negative_candidate_miss	S2-322087058	S2		0.7
S1-892607631	India	false_negative_candidate_miss	S2-396720743	S2		0.7
S1-892607631	India	false_negative_candidate_miss	S2-564176799	S2		0.7
S1-89275376	India	false_negative_below_threshold	S2-593575421	S2	0.37257581020665714	0.7
S1-893036585	US	false_negative_candidate_miss	S2-54564929	S2		0.7
S1-893111303	US	false_negative_candidate_miss	S2-889702441	S2		0.7
S1-893209523	India	false_negative_candidate_miss	S2-834859988	S2		0.7
S1-893209523	India	false_negative_candidate_miss	S2-89365259	S2		0.7
S1-893209523	India	false_negative_candidate_miss	S3-25664277	S3		0.7
S1-893633488	India	false_negative_candidate_miss	S2-653774532	S2		0.7
S1-893633488	India	false_negative_candidate_miss	S2-850842884	S2		0.7
S1-893633488	India	false_negative_candidate_miss	S3-721431276	S3		0.7
S1-893780212	India	false_negative_candidate_miss	S2-965641605	S2		0.7
S1-893780212	India	false_negative_candidate_miss	S3-128848438	S3		0.7
S1-893780212	India	false_negative_candidate_miss	S3-316446967	S3		0.7
S1-894141235	US	false_positive	S3-551981653	S3	0.96641589203603728	0.7
S1-894328332	India	false_negative_candidate_miss	S2-312111175	S2		0.7
S1-894328332	India	false_negative_candidate_miss	S2-688627620	S2		0.7
S1-894328332	India	false_negative_candidate_miss	S3-280765622	S3		0.7
S1-894328332	India	false_negative_candidate_miss	S3-548409498	S3		0.7
S1-894565784	India	false_negative_candidate_miss	S2-350473365	S2		0.7
S1-894565784	India	false_negative_candidate_miss	S2-728757598	S2		0.7
S1-894565784	India	false_negative_candidate_miss	S3-374162646	S3		0.7
S1-894565784	India	false_negative_candidate_miss	S3-769339530	S3		0.7
S1-894643056	US	false_negative_below_threshold	S2-265728583	S2	0.6216623353777071	0.7
S1-894916122	US	false_negative_candidate_miss	S2-403189030	S2		0.7
S1-8949934	India	false_negative_candidate_miss	S2-19247201	S2		0.7
S1-8952476	India	false_negative_candidate_miss	S2-648794777	S2		0.7
S1-8952476	India	false_negative_candidate_miss	S2-699619004	S2		0.7
S1-895500607	India	false_negative_candidate_miss	S2-970181809	S2		0.7
S1-895500607	India	false_negative_candidate_miss	S3-354840643	S3		0.7
S1-89562544	US	false_negative_candidate_miss	S3-270299486	S3		0.7
S1-89562544	US	false_negative_candidate_miss	S3-919889017	S3		0.7
S1-89562544	US	false_negative_candidate_miss	S3-950280838	S3		0.7
S1-896321383	US	false_negative_candidate_miss	S2-536365737	S2		0.7
S1-896502936	India	false_negative_below_threshold	S2-113983426	S2	0.47021152224626922	0.7
S1-896889645	US	false_negative_candidate_miss	S2-432710347	S2		0.7
S1-896986353	India	false_negative_candidate_miss	S2-406921096	S2		0.7
S1-897202158	India	false_negative_candidate_miss	S3-453490847	S3		0.7
S1-898306026	US	false_negative_candidate_miss	S3-999811698	S3		0.7
S1-898923432	US	false_negative_below_threshold	S2-501004528	S2	0.65126389802062412	0.7
S1-899052478	India	false_negative_candidate_miss	S2-43643226	S2		0.7
S1-899052478	India	false_negative_candidate_miss	S2-4506460	S2		0.7
S1-899052478	India	false_negative_candidate_miss	S3-910117925	S3		0.7
S1-899266951	India	false_negative_candidate_miss	S3-119374339	S3		0.7
S1-899266951	India	false_negative_candidate_miss	S3-461015338	S3		0.7
S1-899575983	India	false_negative_candidate_miss	S2-198519900	S2		0.7
S1-899699816	US	false_negative_candidate_miss	S3-808202108	S3		0.7
S1-899699816	US	false_negative_candidate_miss	S3-987869372	S3		0.7
S1-899710660	India	false_negative_candidate_miss	S2-605469236	S2		0.7
S1-900352151	India	false_negative_candidate_miss	S2-210749174	S2		0.7
S1-900352151	India	false_negative_candidate_miss	S2-94271724	S2		0.7
S1-900721418	India	false_negative_candidate_miss	S2-55177091	S2		0.7
S1-900721418	India	false_negative_candidate_miss	S2-738570421	S2		0.7
S1-900721418	India	false_negative_candidate_miss	S3-309306338	S3		0.7
S1-900973018	US	false_negative_candidate_miss	S2-404362949	S2		0.7
S1-900973018	US	false_negative_candidate_miss	S2-78981229	S2		0.7
S1-900973018	US	false_negative_candidate_miss	S3-107190651	S3		0.7
S1-900977030	India	false_negative_candidate_miss	S3-461977037	S3		0.7
S1-901210153	US	false_positive	S2-124065332	S2	0.83111658725932058	0.7
S1-901210153	US	false_negative_candidate_miss	S2-903502627	S2		0.7
S1-901354248	US	false_negative_candidate_miss	S3-305340228	S3		0.7
S1-901692437	India	false_positive	S2-804854153	S2	0.70037210306926034	0.7
S1-901692437	India	false_negative_candidate_miss	S2-881289661	S2		0.7
S1-902076233	India	false_negative_candidate_miss	S2-439311485	S2		0.7
S1-902076233	India	false_negative_candidate_miss	S2-793601036	S2		0.7
S1-902076233	India	false_negative_candidate_miss	S3-527525496	S3		0.7
S1-902162105	US	false_negative_candidate_miss	S3-261330532	S3		0.7
S1-902298995	India	false_negative_candidate_miss	S3-618108855	S3		0.7
S1-902713865	US	false_negative_candidate_miss	S3-894903867	S3		0.7
S1-903108273	India	false_negative_candidate_miss	S2-556070742	S2		0.7
S1-9031864	US	false_negative_candidate_miss	S2-628538088	S2		0.7
S1-903258009	India	false_negative_candidate_miss	S2-778989220	S2		0.7
S1-903258009	India	false_negative_candidate_miss	S2-833061254	S2		0.7
S1-903563726	India	false_negative_candidate_miss	S2-61640429	S2		0.7
S1-903637319	US	false_negative_candidate_miss	S3-646135361	S3		0.7
S1-903984780	US	false_negative_candidate_miss	S2-304961757	S2		0.7
S1-904703144	India	false_negative_below_threshold	S3-701087567	S3	0.43573779395035256	0.7
S1-904978877	India	false_negative_candidate_miss	S2-540729160	S2		0.7
S1-905274040	US	false_positive	S3-396668972	S3	0.86288895196994841	0.7
S1-905641429	US	false_negative_below_threshold	S2-117840472	S2	0.069929161358154177	0.7
S1-906244094	India	false_negative_candidate_miss	S2-78189628	S2		0.7
S1-906299118	US	false_negative_candidate_miss	S3-355783974	S3		0.7
S1-90652316	India	false_negative_candidate_miss	S2-378742895	S2		0.7
S1-906883964	US	false_negative_candidate_miss	S3-561848055	S3		0.7
S1-907032524	India	false_negative_candidate_miss	S3-138271593	S3		0.7
S1-907032524	India	false_negative_candidate_miss	S3-285345980	S3		0.7
S1-907120314	India	false_negative_candidate_miss	S3-156770978	S3		0.7
S1-907623121	India	false_negative_candidate_miss	S2-25638889	S2		0.7
S1-907623121	India	false_negative_candidate_miss	S2-280207499	S2		0.7
S1-907623121	India	false_negative_candidate_miss	S3-745809818	S3		0.7
S1-907623121	India	false_negative_candidate_miss	S3-888977333	S3		0.7
S1-907773278	US	false_negative_candidate_miss	S3-625355243	S3		0.7
S1-907811115	India	false_negative_candidate_miss	S2-464788296	S2		0.7
S1-908336788	India	false_negative_candidate_miss	S3-69246482	S3		0.7
S1-908596342	US	false_negative_candidate_miss	S3-952105552	S3		0.7
S1-908962874	India	false_negative_candidate_miss	S3-333463753	S3		0.7
S1-908974711	India	false_negative_candidate_miss	S3-192370045	S3		0.7
S1-909053379	US	false_negative_candidate_miss	S2-238456764	S2		0.7
S1-909334132	US	false_negative_candidate_miss	S3-695160674	S3		0.7
S1-909346923	US	false_negative_below_threshold	S3-339942170	S3	0.60064624003472733	0.7
S1-909396200	India	false_negative_candidate_miss	S2-127682279	S2		0.7
S1-909552012	India	false_negative_candidate_miss	S3-142362904	S3		0.7
S1-909679644	US	false_negative_candidate_miss	S3-257866371	S3		0.7
S1-909950031	US	false_negative_candidate_miss	S2-959228070	S2		0.7
S1-909950031	US	false_negative_candidate_miss	S3-324077604	S3		0.7
S1-909966613	US	false_negative_candidate_miss	S2-382228291	S2		0.7
S1-909966613	US	false_negative_candidate_miss	S3-346486533	S3		0.7
S1-910087521	India	false_negative_candidate_miss	S3-925071690	S3		0.7
S1-91050283	India	false_negative_candidate_miss	S2-649803678	S2		0.7
S1-910701303	India	false_negative_below_threshold	S2-219714204	S2	0.54387473021882637	0.7
S1-910701303	India	false_negative_candidate_miss	S3-524278978	S3		0.7
S1-911061554	US	false_positive	S2-184241554	S2	0.86002674779825983	0.7
S1-911251865	India	false_negative_candidate_miss	S2-998630651	S2		0.7
S1-911387170	India	false_negative_candidate_miss	S2-31927305	S2		0.7
S1-911387170	India	false_negative_candidate_miss	S2-438321145	S2		0.7
S1-911387170	India	false_negative_candidate_miss	S2-89190426	S2		0.7
S1-911387170	India	false_negative_candidate_miss	S3-172417504	S3		0.7
S1-911387170	India	false_negative_candidate_miss	S3-254521723	S3		0.7
S1-911778764	India	false_negative_candidate_miss	S2-88751370	S2		0.7
S1-911778764	India	false_negative_candidate_miss	S3-575974908	S3		0.7
S1-911920929	India	false_negative_candidate_miss	S2-139146453	S2		0.7
S1-911920929	India	false_negative_candidate_miss	S3-676955763	S3		0.7
S1-912003055	India	false_negative_candidate_miss	S2-703269454	S2		0.7
S1-912454325	US	false_negative_candidate_miss	S2-334345215	S2		0.7
S1-913052300	India	false_negative_candidate_miss	S2-12301059	S2		0.7
S1-913078709	US	false_negative_candidate_miss	S3-174501678	S3		0.7
S1-913134017	India	false_negative_candidate_miss	S2-30613692	S2		0.7
S1-913134017	India	false_negative_candidate_miss	S2-533907692	S2		0.7
S1-913134017	India	false_negative_candidate_miss	S3-512082290	S3		0.7
S1-913134017	India	false_negative_candidate_miss	S3-646299483	S3		0.7
S1-913338902	US	false_negative_below_threshold	S3-308703629	S3	0.22688955140776448	0.7
S1-91368824	India	false_negative_candidate_miss	S2-978570220	S2		0.7
S1-914090329	US	false_negative_candidate_miss	S3-777150028	S3		0.7
S1-914192139	US	false_negative_candidate_miss	S2-56397290	S2		0.7
S1-91458800	US	false_negative_candidate_miss	S2-939894854	S2		0.7
S1-914685786	US	false_negative_candidate_miss	S2-510206157	S2		0.7
S1-914839843	US	false_negative_below_threshold	S3-516885816	S3	0.36015671913881192	0.7
S1-915468808	US	false_positive_singleton	S2-21863849	S2	0.88984285608321878	0.7
S1-915483148	India	false_positive	S3-241104555	S3	0.83793715787663847	0.7
S1-915846884	US	false_negative_candidate_miss	S2-75368128	S2		0.7
S1-916333894	US	false_negative_candidate_miss	S2-22264624	S2		0.7
S1-916489254	India	false_negative_candidate_miss	S3-719076722	S3		0.7
S1-916822096	India	false_negative_candidate_miss	S3-205793243	S3		0.7
S1-917098118	US	false_negative_candidate_miss	S2-263181872	S2		0.7
S1-917098118	US	false_negative_candidate_miss	S2-718255916	S2		0.7
S1-917098118	US	false_negative_candidate_miss	S2-913937700	S2		0.7
S1-917186019	US	false_negative_candidate_miss	S3-666995572	S3		0.7
S1-917401103	India	false_negative_candidate_miss	S3-998900043	S3		0.7
S1-917478568	US	false_positive	S3-382211373	S3	0.88707883637742035	0.7
S1-917975972	India	false_negative_candidate_miss	S2-274220391	S2		0.7
S1-917993182	India	false_negative_below_threshold	S3-895472092	S3	0.54743486744547831	0.7
S1-917993182	India	false_negative_below_threshold	S3-950020402	S3	0.61431469340723943	0.7
S1-917997997	India	false_negative_candidate_miss	S3-325259818	S3		0.7
S1-918070553	US	false_negative_candidate_miss	S2-437378715	S2		0.7
S1-918070553	US	false_negative_candidate_miss	S2-834440921	S2		0.7
S1-918070553	US	false_negative_candidate_miss	S3-171645847	S3		0.7
S1-918170423	US	false_negative_candidate_miss	S3-471830456	S3		0.7
S1-918266246	India	false_negative_below_threshold	S3-644165560	S3	0.21924816741062614	0.7
S1-918275945	India	false_negative_candidate_miss	S2-503421377	S2		0.7
S1-918275945	India	false_negative_candidate_miss	S3-699879833	S3		0.7
S1-91886463	India	false_negative_candidate_miss	S3-454972810	S3		0.7
S1-918960194	India	false_negative_candidate_miss	S3-446231875	S3		0.7
S1-918997469	India	false_negative_candidate_miss	S2-337601407	S2		0.7
S1-919097856	US	false_negative_candidate_miss	S2-273535327	S2		0.7
S1-91926422	US	false_negative_below_threshold	S2-884313963	S2	0.46177549934216866	0.7
S1-919579936	India	false_negative_candidate_miss	S3-267049404	S3		0.7
S1-919579936	India	false_negative_candidate_miss	S3-639560217	S3		0.7
S1-919579936	India	false_negative_candidate_miss	S3-953366247	S3		0.7
S1-920272179	India	false_negative_candidate_miss	S2-31791174	S2		0.7
S1-920272179	India	false_negative_candidate_miss	S3-634806243	S3		0.7
S1-92138675	India	false_negative_candidate_miss	S2-296267010	S2		0.7
S1-92138675	India	false_negative_candidate_miss	S2-983505969	S2		0.7
S1-92138675	India	false_negative_candidate_miss	S3-342463280	S3		0.7
S1-921571973	US	false_negative_candidate_miss	S3-94446281	S3		0.7
S1-921747158	India	false_negative_candidate_miss	S3-394701496	S3		0.7
S1-921881776	India	false_negative_candidate_miss	S2-426407587	S2		0.7
S1-921881776	India	false_negative_candidate_miss	S3-959906537	S3		0.7
S1-921974107	US	false_negative_below_threshold	S3-299646510	S3	0.60696866627889323	0.7
S1-922429909	India	false_negative_candidate_miss	S2-316192303	S2		0.7
S1-922429909	India	false_negative_candidate_miss	S3-374898045	S3		0.7
S1-922429909	India	false_negative_candidate_miss	S3-41289647	S3		0.7
S1-922557169	India	false_negative_candidate_miss	S2-132202865	S2		0.7
S1-922557169	India	false_negative_candidate_miss	S2-405852041	S2		0.7
S1-922557169	India	false_negative_candidate_miss	S2-525148665	S2		0.7
S1-922839279	US	false_negative_candidate_miss	S2-202169791	S2		0.7
S1-922839279	US	false_negative_candidate_miss	S2-686126403	S2		0.7
S1-923056913	India	false_negative_candidate_miss	S2-306421674	S2		0.7
S1-923056913	India	false_negative_candidate_miss	S3-445818170	S3		0.7
S1-923056913	India	false_negative_candidate_miss	S3-917524929	S3		0.7
S1-923090838	US	false_negative_candidate_miss	S2-290480651	S2		0.7
S1-923090838	US	false_negative_candidate_miss	S2-78911710	S2		0.7
S1-923245408	India	false_negative_candidate_miss	S2-140558743	S2		0.7
S1-923245408	India	false_negative_candidate_miss	S3-951959039	S3		0.7
S1-923282102	US	false_negative_candidate_miss	S2-943771617	S2		0.7
S1-923282102	US	false_negative_candidate_miss	S3-297320348	S3		0.7
S1-923404301	India	false_negative_candidate_miss	S2-235341849	S2		0.7
S1-923404301	India	false_negative_candidate_miss	S2-899394837	S2		0.7
S1-923766632	India	false_negative_candidate_miss	S2-474202538	S2		0.7
S1-923990404	India	false_negative_candidate_miss	S2-887082034	S2		0.7
S1-924173789	India	false_negative_candidate_miss	S3-903757183	S3		0.7
S1-924694412	US	false_negative_candidate_miss	S3-715477739	S3		0.7
S1-925089388	US	false_negative_candidate_miss	S3-526922617	S3		0.7
S1-925126526	India	false_negative_candidate_miss	S2-665289515	S2		0.7
S1-925126526	India	false_negative_candidate_miss	S3-136233612	S3		0.7
S1-925126526	India	false_negative_candidate_miss	S3-434754541	S3		0.7
S1-925126526	India	false_negative_candidate_miss	S3-810586319	S3		0.7
S1-925186883	India	false_negative_candidate_miss	S3-680020453	S3		0.7
S1-925230297	US	false_negative_candidate_miss	S3-471541191	S3		0.7
S1-925636547	India	false_negative_candidate_miss	S2-108870128	S2		0.7
S1-925636547	India	false_negative_candidate_miss	S2-694830978	S2		0.7
S1-925636547	India	false_negative_candidate_miss	S3-315458321	S3		0.7
S1-925683309	US	false_positive	S2-430369513	S2	0.85193938477900677	0.7
S1-925826634	India	false_negative_candidate_miss	S3-322282643	S3		0.7
S1-926482387	US	false_negative_candidate_miss	S2-279036507	S2		0.7
S1-926503082	India	false_negative_candidate_miss	S3-597074941	S3		0.7
S1-926581583	India	false_negative_candidate_miss	S2-890475335	S2		0.7
S1-926596334	India	false_negative_candidate_miss	S3-34502646	S3		0.7
S1-926811917	India	false_positive	S2-506646089	S2	0.81186866234137234	0.7
S1-926811917	India	false_positive	S3-818383803	S3	0.98633769646552583	0.7
S1-926811917	India	false_positive	S3-861959549	S3	0.91488328474153302	0.7
S1-926856509	India	false_negative_below_threshold	S3-248558321	S3	0.34738956433772522	0.7
S1-926856509	India	false_negative_below_threshold	S3-586983448	S3	0.065304843486133232	0.7
S1-926926673	US	false_negative_candidate_miss	S3-69572345	S3		0.7
S1-92697455	India	false_negative_candidate_miss	S3-54156565	S3		0.7
S1-92794727	US	false_negative_candidate_miss	S3-554772897	S3		0.7
S1-928256789	US	false_negative_candidate_miss	S2-193660971	S2		0.7
S1-928507827	India	false_negative_candidate_miss	S2-142291364	S2		0.7
S1-928507827	India	false_negative_candidate_miss	S2-962342307	S2		0.7
S1-928507827	India	false_negative_candidate_miss	S3-72025374	S3		0.7
S1-928576686	India	false_negative_candidate_miss	S2-490185622	S2		0.7
S1-928762780	US	false_negative_below_threshold	S2-842584362	S2	0.58592492030730992	0.7
S1-928870332	India	false_negative_candidate_miss	S3-605798641	S3		0.7
S1-929226418	India	false_negative_candidate_miss	S3-854877105	S3		0.7
S1-929391720	US	false_positive	S2-698997817	S2	0.85481076888313257	0.7
S1-929413472	US	false_negative_candidate_miss	S2-15065599	S2		0.7
S1-929458126	US	false_negative_candidate_miss	S2-714867615	S2		0.7
S1-929891793	US	false_negative_candidate_miss	S2-73516295	S2		0.7
S1-929909219	US	false_negative_candidate_miss	S3-938286528	S3		0.7
S1-930059416	US	false_negative_candidate_miss	S2-291289534	S2		0.7
S1-930156953	India	false_negative_candidate_miss	S3-658952810	S3		0.7
S1-930243965	US	false_negative_candidate_miss	S3-330372951	S3		0.7
S1-93038532	US	false_negative_below_threshold	S2-297709519	S2	0.56389023558076634	0.7
S1-930668967	India	false_negative_candidate_miss	S3-330685192	S3		0.7
S1-930854489	US	false_negative_candidate_miss	S3-493363424	S3		0.7
S1-930938525	US	false_negative_candidate_miss	S2-373788292	S2		0.7
S1-931026638	US	false_negative_candidate_miss	S3-248258078	S3		0.7
S1-931239929	India	false_negative_candidate_miss	S2-226077112	S2		0.7
S1-931239929	India	false_negative_candidate_miss	S3-596773186	S3		0.7
S1-931276245	India	false_negative_candidate_miss	S2-621069564	S2		0.7
S1-931499853	US	false_negative_candidate_miss	S3-847951659	S3		0.7
S1-931584234	US	false_positive	S2-125306194	S2	0.91325540844361552	0.7
S1-931734376	India	false_negative_candidate_miss	S2-690126187	S2		0.7
S1-931945501	US	false_negative_below_threshold	S2-26454774	S2	0.58592492030730992	0.7
S1-932089868	India	false_negative_below_threshold	S2-83813294	S2	0.31955778112484418	0.7
S1-932200596	India	false_negative_candidate_miss	S2-617404634	S2		0.7
S1-932200596	India	false_negative_candidate_miss	S2-802169078	S2		0.7
S1-932200596	India	false_negative_candidate_miss	S3-231632351	S3		0.7
S1-932386967	US	false_negative_candidate_miss	S3-739813484	S3		0.7
S1-932534933	US	false_negative_candidate_miss	S2-364080720	S2		0.7
S1-932844925	US	false_negative_candidate_miss	S2-156431579	S2		0.7
S1-933043928	India	false_negative_candidate_miss	S2-227531511	S2		0.7
S1-933043928	India	false_negative_candidate_miss	S2-26834161	S2		0.7
S1-933043928	India	false_negative_candidate_miss	S2-332025675	S2		0.7
S1-933137795	India	false_negative_candidate_miss	S2-56350626	S2		0.7
S1-933137795	India	false_negative_candidate_miss	S3-205928082	S3		0.7
S1-933503172	India	false_negative_candidate_miss	S2-323352666	S2		0.7
S1-933503172	India	false_negative_candidate_miss	S3-783404171	S3		0.7
S1-933700975	US	false_negative_candidate_miss	S2-970323997	S2		0.7
S1-933824422	US	false_negative_candidate_miss	S3-937568345	S3		0.7
S1-934097826	India	false_negative_candidate_miss	S3-357864560	S3		0.7
S1-934137111	India	false_negative_candidate_miss	S2-190779591	S2		0.7
S1-934137111	India	false_negative_candidate_miss	S2-717590717	S2		0.7
S1-934137111	India	false_negative_candidate_miss	S3-86656381	S3		0.7
S1-934341262	India	false_negative_candidate_miss	S2-775678332	S2		0.7
S1-934341262	India	false_negative_candidate_miss	S3-687891276	S3		0.7
S1-934838233	India	false_negative_candidate_miss	S2-68920396	S2		0.7
S1-934838233	India	false_negative_candidate_miss	S3-571978873	S3		0.7
S1-934838233	India	false_negative_candidate_miss	S3-998061125	S3		0.7
S1-934938139	India	false_negative_candidate_miss	S3-424935039	S3		0.7
S1-93504223	US	false_negative_candidate_miss	S3-115719876	S3		0.7
S1-93504223	US	false_negative_candidate_miss	S3-757215475	S3		0.7
S1-935232640	India	false_negative_candidate_miss	S2-724537037	S2		0.7
S1-935232640	India	false_negative_candidate_miss	S3-706987808	S3		0.7
S1-935752552	US	false_negative_candidate_miss	S2-383409132	S2		0.7
S1-935752552	US	false_negative_candidate_miss	S2-846591254	S2		0.7
S1-935811369	India	false_negative_candidate_miss	S2-957551948	S2		0.7
S1-935811369	India	false_negative_candidate_miss	S3-736457147	S3		0.7
S1-936169856	US	false_positive	S2-192717752	S2	0.87042770776820266	0.7
S1-93626890	US	false_negative_below_threshold	S2-652110878	S2	0.61126139540106172	0.7
S1-936271514	India	false_negative_candidate_miss	S3-759919344	S3		0.7
S1-936294731	India	false_negative_candidate_miss	S2-84605188	S2		0.7
S1-936492261	US	false_negative_candidate_miss	S2-23195057	S2		0.7
S1-936492261	US	false_negative_candidate_miss	S3-315240460	S3		0.7
S1-936585589	US	false_negative_below_threshold	S3-219313020	S3	0.26142175517442079	0.7
S1-936861533	India	false_negative_candidate_miss	S3-155076800	S3		0.7
S1-937141978	India	false_negative_candidate_miss	S2-509635053	S2		0.7
S1-937484950	India	false_positive	S3-29379665	S3	0.73209136624882509	0.7
S1-937525163	US	false_negative_candidate_miss	S2-464784719	S2		0.7
S1-937806252	US	false_negative_candidate_miss	S3-293189596	S3		0.7
S1-938196941	India	false_positive	S2-996525499	S2	0.97521242279320774	0.7
S1-938196941	India	false_negative_candidate_miss	S2-303767973	S2		0.7
S1-93824623	US	false_negative_candidate_miss	S2-400801888	S2		0.7
S1-938746332	US	false_positive_singleton	S2-790284703	S2	0.93320749006736281	0.7
S1-938763613	India	false_negative_candidate_miss	S3-395543643	S3		0.7
S1-938763613	India	false_negative_candidate_miss	S3-575847573	S3		0.7
S1-938862074	India	false_negative_candidate_miss	S3-481015239	S3		0.7
S1-9389975	India	false_negative_candidate_miss	S2-734349943	S2		0.7
S1-9389975	India	false_negative_candidate_miss	S3-945937871	S3		0.7
S1-939319667	India	false_negative_candidate_miss	S2-246400208	S2		0.7
S1-939319667	India	false_negative_candidate_miss	S2-476877679	S2		0.7
S1-939319667	India	false_negative_candidate_miss	S2-842432735	S2		0.7
S1-939319667	India	false_negative_candidate_miss	S3-882776944	S3		0.7
S1-939715194	India	false_negative_candidate_miss	S2-234307144	S2		0.7
S1-939715194	India	false_negative_candidate_miss	S2-507203505	S2		0.7
S1-939715194	India	false_negative_candidate_miss	S3-626358789	S3		0.7
S1-940007088	US	false_negative_below_threshold	S3-596609579	S3	0.17960173534993149	0.7
S1-940063208	India	false_negative_candidate_miss	S2-392446899	S2		0.7
S1-940063208	India	false_negative_candidate_miss	S2-868117697	S2		0.7
S1-940213453	India	false_negative_candidate_miss	S2-622868168	S2		0.7
S1-940213453	India	false_negative_candidate_miss	S3-65590218	S3		0.7
S1-940213453	India	false_negative_candidate_miss	S3-887817241	S3		0.7
S1-940554330	India	false_negative_candidate_miss	S2-720711960	S2		0.7
S1-940656226	India	false_positive	S2-152515631	S2	0.99952028958874861	0.7
S1-941034525	US	false_negative_candidate_miss	S3-233206325	S3		0.7
S1-94158371	US	false_negative_candidate_miss	S3-268326329	S3		0.7
S1-941951985	US	false_positive	S2-723965750	S2	0.88802883293092005	0.7
S1-941951985	US	false_negative_candidate_miss	S3-468762865	S3		0.7
S1-942154290	US	false_negative_candidate_miss	S2-252172624	S2		0.7
S1-942687838	US	false_negative_candidate_miss	S3-483578841	S3		0.7
S1-942687838	US	false_negative_candidate_miss	S3-889346757	S3		0.7
S1-943055500	India	false_negative_candidate_miss	S3-575950297	S3		0.7
S1-943055500	India	false_negative_candidate_miss	S3-68341632	S3		0.7
S1-943128724	India	false_negative_candidate_miss	S3-672877664	S3		0.7
S1-943442962	India	false_negative_candidate_miss	S2-450355150	S2		0.7
S1-943442962	India	false_negative_candidate_miss	S2-662232140	S2		0.7
S1-943442962	India	false_negative_candidate_miss	S3-118660127	S3		0.7
S1-943940045	India	false_negative_candidate_miss	S2-524300160	S2		0.7
S1-943940045	India	false_negative_candidate_miss	S3-377959358	S3		0.7
S1-944126585	India	false_negative_candidate_miss	S3-766406708	S3		0.7
S1-944147124	US	false_positive_singleton	S3-474772784	S3	0.80022811238762315	0.7
S1-944283896	India	false_negative_candidate_miss	S2-737699096	S2		0.7
S1-944305444	India	false_negative_candidate_miss	S2-269860133	S2		0.7
S1-944305444	India	false_negative_candidate_miss	S2-642345923	S2		0.7
S1-944305444	India	false_negative_candidate_miss	S2-654225240	S2		0.7
S1-944509262	India	false_negative_candidate_miss	S2-551729791	S2		0.7
S1-944509262	India	false_negative_candidate_miss	S3-347389349	S3		0.7
S1-944748910	US	false_negative_candidate_miss	S2-444408631	S2		0.7
S1-944892789	India	false_negative_candidate_miss	S2-882262083	S2		0.7
S1-944892789	India	false_negative_candidate_miss	S2-997942571	S2		0.7
S1-945268865	India	false_negative_candidate_miss	S3-170348874	S3		0.7
S1-945282640	India	false_negative_candidate_miss	S2-764247123	S2		0.7
S1-945436418	US	false_negative_candidate_miss	S2-134491480	S2		0.7
S1-945642861	US	false_negative_candidate_miss	S3-445455625	S3		0.7
S1-945686199	US	false_negative_candidate_miss	S3-567508749	S3		0.7
S1-946244996	India	false_negative_candidate_miss	S2-931365810	S2		0.7
S1-946493807	India	false_negative_candidate_miss	S2-673550952	S2		0.7
S1-946514193	India	false_negative_candidate_miss	S2-691674374	S2		0.7
S1-946514193	India	false_negative_candidate_miss	S3-65689299	S3		0.7
S1-946612290	US	false_positive	S2-376967502	S2	0.91383248542417317	0.7
S1-946612290	US	false_negative_candidate_miss	S2-952711230	S2		0.7
S1-946662699	US	false_positive	S2-862751902	S2	0.99748988371863057	0.7
S1-946739110	India	false_negative_candidate_miss	S3-341111728	S3		0.7
S1-946804799	India	false_negative_candidate_miss	S2-370600298	S2		0.7
S1-946804799	India	false_negative_below_threshold	S2-96065575	S2	0.58592492030730992	0.7
S1-946804799	India	false_negative_candidate_miss	S3-708627844	S3		0.7
S1-947463943	India	false_negative_candidate_miss	S2-946871864	S2		0.7
S1-947463943	India	false_negative_candidate_miss	S3-648599278	S3		0.7
S1-947463943	India	false_negative_candidate_miss	S3-739937497	S3		0.7
S1-947463943	India	false_negative_candidate_miss	S3-966569446	S3		0.7
S1-947492838	US	false_negative_below_threshold	S2-930637307	S2	0.084663527594678809	0.7
S1-947519581	US	false_negative_candidate_miss	S3-690712878	S3		0.7
S1-947814102	US	false_negative_candidate_miss	S2-685264603	S2		0.7
S1-947841837	US	false_negative_candidate_miss	S2-50652093	S2		0.7
S1-948283777	India	false_negative_candidate_miss	S2-559311542	S2		0.7
S1-948283777	India	false_negative_candidate_miss	S3-562687300	S3		0.7
S1-948339559	US	false_negative_candidate_miss	S3-617364250	S3		0.7
S1-948662133	India	false_negative_candidate_miss	S2-711077244	S2		0.7
S1-948662133	India	false_negative_candidate_miss	S3-572652584	S3		0.7
S1-948662133	India	false_negative_candidate_miss	S3-89227280	S3		0.7
S1-948886928	India	false_negative_candidate_miss	S2-936260720	S2		0.7
S1-948886928	India	false_negative_candidate_miss	S3-45412816	S3		0.7
S1-948938230	India	false_negative_candidate_miss	S2-100914600	S2		0.7
S1-948938230	India	false_negative_candidate_miss	S2-758663245	S2		0.7
S1-948938230	India	false_negative_candidate_miss	S2-934110042	S2		0.7
S1-948938230	India	false_negative_candidate_miss	S3-251539507	S3		0.7
S1-948938230	India	false_negative_candidate_miss	S3-542002800	S3		0.7
S1-949553968	US	false_negative_candidate_miss	S3-139100553	S3		0.7
S1-949743443	US	false_negative_candidate_miss	S3-69077242	S3		0.7
S1-949859849	India	false_negative_candidate_miss	S2-420606228	S2		0.7
S1-949859849	India	false_negative_candidate_miss	S2-706045118	S2		0.7
S1-949876860	India	false_negative_candidate_miss	S2-257037178	S2		0.7
S1-949876860	India	false_negative_candidate_miss	S3-479963939	S3		0.7
S1-950076389	India	false_negative_candidate_miss	S2-405465146	S2		0.7
S1-950143752	US	false_negative_candidate_miss	S2-651976206	S2		0.7
S1-950252083	India	false_positive	S2-541451406	S2	0.83575239887384478	0.7
S1-950252083	India	false_negative_candidate_miss	S2-914457461	S2		0.7
S1-950252083	India	false_negative_below_threshold	S3-657239301	S3	0.6568351874464623	0.7
S1-950514692	US	false_positive	S3-813894806	S3	0.76613110837934117	0.7
S1-950748823	India	false_negative_candidate_miss	S2-441265078	S2		0.7
S1-950748823	India	false_negative_candidate_miss	S2-495393519	S2		0.7
S1-950748823	India	false_negative_candidate_miss	S3-816179425	S3		0.7
S1-950752721	US	false_negative_candidate_miss	S2-390707061	S2		0.7
S1-951558139	India	false_negative_candidate_miss	S3-650717936	S3		0.7
S1-951685797	India	false_negative_candidate_miss	S2-710396621	S2		0.7
S1-951713035	US	false_negative_candidate_miss	S2-54571440	S2		0.7
S1-951713035	US	false_negative_candidate_miss	S3-252144319	S3		0.7
S1-952124808	US	false_negative_below_threshold	S3-681892638	S3	0.65209234153497742	0.7
S1-952170972	India	false_negative_candidate_miss	S3-858408226	S3		0.7
S1-952212101	India	false_negative_candidate_miss	S2-194206165	S2		0.7
S1-952212101	India	false_negative_candidate_miss	S2-988380556	S2		0.7
S1-952212101	India	false_negative_candidate_miss	S3-315242734	S3		0.7
S1-952306910	US	false_negative_candidate_miss	S3-196736498	S3		0.7
S1-952306910	US	false_negative_candidate_miss	S3-429831848	S3		0.7
S1-952495034	US	false_negative_candidate_miss	S2-878607721	S2		0.7
S1-952543653	US	false_negative_candidate_miss	S3-65138797	S3		0.7
S1-952805331	US	false_negative_candidate_miss	S3-869989373	S3		0.7
S1-953157513	India	false_negative_candidate_miss	S2-350945342	S2		0.7
S1-953157513	India	false_negative_candidate_miss	S2-614637911	S2		0.7
S1-953157513	India	false_negative_candidate_miss	S3-957680064	S3		0.7
S1-953225859	India	false_negative_candidate_miss	S2-138619997	S2		0.7
S1-953225859	India	false_negative_candidate_miss	S2-377945010	S2		0.7
S1-953476384	India	false_positive	S2-510075184	S2	0.77636594339487341	0.7
S1-953476384	India	false_positive	S3-329329651	S3	0.74616879170146622	0.7
S1-953476384	India	false_negative_candidate_miss	S3-980260273	S3		0.7
S1-953736024	India	false_negative_candidate_miss	S2-187312091	S2		0.7
S1-953736024	India	false_negative_candidate_miss	S2-628438343	S2		0.7
S1-953736024	India	false_negative_candidate_miss	S3-171420524	S3		0.7
S1-953736024	India	false_negative_candidate_miss	S3-619913289	S3		0.7
S1-954212268	India	false_negative_candidate_miss	S3-183840554	S3		0.7
S1-954212268	India	false_negative_candidate_miss	S3-391502875	S3		0.7
S1-954493737	US	false_negative_candidate_miss	S2-660371848	S2		0.7
S1-954863452	India	false_negative_candidate_miss	S3-196815235	S3		0.7
S1-954964229	US	false_negative_candidate_miss	S3-387664952	S3		0.7
S1-955003159	India	false_positive	S3-932324100	S3	0.96991444446028197	0.7
S1-955003159	India	false_negative_candidate_miss	S2-720010142	S2		0.7
S1-955003159	India	false_negative_candidate_miss	S3-741052270	S3		0.7
S1-955015365	India	false_negative_candidate_miss	S2-728629517	S2		0.7
S1-955015365	India	false_negative_candidate_miss	S2-98387385	S2		0.7
S1-955015365	India	false_negative_candidate_miss	S3-624805508	S3		0.7
S1-955038697	India	false_negative_candidate_miss	S3-539053383	S3		0.7
S1-955223475	US	false_negative_candidate_miss	S2-991302349	S2		0.7
S1-955223475	US	false_negative_candidate_miss	S3-353491465	S3		0.7
S1-955264661	US	false_negative_candidate_miss	S3-765607472	S3		0.7
S1-955587492	US	false_negative_candidate_miss	S3-827997640	S3		0.7
S1-955623856	India	false_negative_candidate_miss	S3-555015908	S3		0.7
S1-955623856	India	false_negative_candidate_miss	S3-789177756	S3		0.7
S1-955623856	India	false_negative_candidate_miss	S3-967140011	S3		0.7
S1-955623856	India	false_negative_candidate_miss	S3-972786078	S3		0.7
S1-955714024	India	false_negative_candidate_miss	S3-367956341	S3		0.7
S1-95595792	India	false_negative_candidate_miss	S3-343934576	S3		0.7
S1-956124228	US	false_negative_candidate_miss	S3-657303169	S3		0.7
S1-956428088	India	false_negative_candidate_miss	S3-49358241	S3		0.7
S1-956627468	US	false_negative_candidate_miss	S2-580413791	S2		0.7
S1-957316523	India	false_negative_candidate_miss	S2-75235562	S2		0.7
S1-957639361	India	false_negative_candidate_miss	S2-128112722	S2		0.7
S1-957639361	India	false_negative_candidate_miss	S3-70091226	S3		0.7
S1-957915973	India	false_negative_candidate_miss	S2-583937392	S2		0.7
S1-957915973	India	false_negative_candidate_miss	S3-538136487	S3		0.7
S1-957915973	India	false_negative_candidate_miss	S3-848982632	S3		0.7
S1-958001717	India	false_negative_candidate_miss	S2-742503776	S2		0.7
S1-958001717	India	false_negative_candidate_miss	S3-587332784	S3		0.7
S1-958001717	India	false_negative_candidate_miss	S3-855307638	S3		0.7
S1-958021878	India	false_negative_candidate_miss	S2-493044845	S2		0.7
S1-958021878	India	false_negative_candidate_miss	S2-869842541	S2		0.7
S1-958021878	India	false_negative_candidate_miss	S3-108971547	S3		0.7
S1-958021878	India	false_negative_candidate_miss	S3-581717033	S3		0.7
S1-958669138	India	false_negative_candidate_miss	S3-824689230	S3		0.7
S1-958669138	India	false_negative_candidate_miss	S3-998279852	S3		0.7
S1-958688189	US	false_negative_candidate_miss	S3-498410618	S3		0.7
S1-959136257	India	false_negative_candidate_miss	S2-300377498	S2		0.7
S1-959296628	India	false_negative_candidate_miss	S3-331075663	S3		0.7
S1-959554176	India	false_negative_candidate_miss	S2-857301873	S2		0.7
S1-959554176	India	false_negative_candidate_miss	S3-643379441	S3		0.7
S1-959638686	US	false_negative_candidate_miss	S2-758735570	S2		0.7
S1-959738555	India	false_negative_candidate_miss	S2-382209635	S2		0.7
S1-959738555	India	false_negative_candidate_miss	S3-436971367	S3		0.7
S1-959780731	US	false_negative_candidate_miss	S3-569507339	S3		0.7
S1-960147115	US	false_negative_candidate_miss	S2-747379533	S2		0.7
S1-960444041	India	false_negative_candidate_miss	S2-32274831	S2		0.7
S1-960444041	India	false_negative_candidate_miss	S3-560048522	S3		0.7
S1-960581387	US	false_negative_candidate_miss	S2-730317082	S2		0.7
S1-96076097	US	false_negative_candidate_miss	S3-864432166	S3		0.7
S1-961081642	India	false_negative_candidate_miss	S2-336513447	S2		0.7
S1-961081642	India	false_negative_candidate_miss	S2-838198615	S2		0.7
S1-961081642	India	false_negative_candidate_miss	S3-470087947	S3		0.7
S1-961236375	India	false_positive	S3-277606528	S3	0.83493400273042861	0.7
S1-961236375	India	false_negative_candidate_miss	S3-235782206	S3		0.7
S1-961525266	US	false_negative_candidate_miss	S2-354839052	S2		0.7
S1-961525266	US	false_negative_candidate_miss	S2-860592923	S2		0.7
S1-961541086	India	false_negative_candidate_miss	S2-412422245	S2		0.7
S1-961541086	India	false_negative_candidate_miss	S3-98644990	S3		0.7
S1-961762209	US	false_negative_candidate_miss	S3-319987864	S3		0.7
S1-961762209	US	false_negative_candidate_miss	S3-386338537	S3		0.7
S1-961809076	India	false_negative_candidate_miss	S2-765900778	S2		0.7
S1-961809076	India	false_negative_candidate_miss	S2-939998468	S2		0.7
S1-961809076	India	false_negative_candidate_miss	S3-773061127	S3		0.7
S1-961824588	US	false_negative_candidate_miss	S2-431612309	S2		0.7
S1-961824588	US	false_negative_below_threshold	S3-141923412	S3	0.014342429920566181	0.7
S1-961973430	India	false_negative_candidate_miss	S2-46149046	S2		0.7
S1-961973430	India	false_negative_candidate_miss	S2-8916019	S2		0.7
S1-961973430	India	false_negative_candidate_miss	S3-338728010	S3		0.7
S1-961973430	India	false_negative_candidate_miss	S3-396535736	S3		0.7
S1-962137451	US	false_negative_candidate_miss	S3-396667302	S3		0.7
S1-962171747	US	false_negative_candidate_miss	S3-378645557	S3		0.7
S1-962372431	India	false_negative_candidate_miss	S2-928868502	S2		0.7
S1-962516105	India	false_positive	S3-965459008	S3	0.79041845343607264	0.7
S1-962516105	India	false_negative_candidate_miss	S3-750127541	S3		0.7
S1-962609846	US	false_negative_candidate_miss	S2-233762628	S2		0.7
S1-962905562	US	false_negative_candidate_miss	S2-56274368	S2		0.7
S1-962952117	India	false_negative_candidate_miss	S2-174442191	S2		0.7
S1-963094946	US	false_negative_candidate_miss	S3-270930370	S3		0.7
S1-963143209	US	false_negative_below_threshold	S3-245724655	S3	0.57198553968943033	0.7
S1-963143209	US	false_negative_candidate_miss	S3-483652225	S3		0.7
S1-963164922	India	false_negative_candidate_miss	S2-562649989	S2		0.7
S1-963420262	India	false_negative_candidate_miss	S3-107377301	S3		0.7
S1-963531298	US	false_negative_candidate_miss	S3-102222249	S3		0.7
S1-963614193	India	false_positive	S3-93291436	S3	0.78172269809903006	0.7
S1-963614193	India	false_negative_candidate_miss	S2-846431001	S2		0.7
S1-963614193	India	false_negative_candidate_miss	S2-981074468	S2		0.7
S1-963614193	India	false_negative_candidate_miss	S3-631075964	S3		0.7
S1-963614193	India	false_negative_candidate_miss	S3-679420895	S3		0.7
S1-963911355	India	false_negative_candidate_miss	S2-699229659	S2		0.7
S1-963911355	India	false_negative_candidate_miss	S3-443045008	S3		0.7
S1-963911355	India	false_negative_candidate_miss	S3-918694422	S3		0.7
S1-964131163	US	false_negative_candidate_miss	S3-100614271	S3		0.7
S1-964138460	India	false_negative_candidate_miss	S2-999066795	S2		0.7
S1-964263266	India	false_negative_candidate_miss	S3-254542322	S3		0.7
S1-964338710	India	false_negative_candidate_miss	S2-146131972	S2		0.7
S1-964459165	India	false_negative_candidate_miss	S2-199057542	S2		0.7
S1-964674357	US	false_positive	S3-281512927	S3	0.91151797557402237	0.7
S1-964714258	India	false_negative_candidate_miss	S3-343630435	S3		0.7
S1-964714258	India	false_negative_candidate_miss	S3-821719433	S3		0.7
S1-964833492	India	false_negative_candidate_miss	S2-221736875	S2		0.7
S1-964833492	India	false_negative_below_threshold	S3-576504943	S3	0.53062775915278237	0.7
S1-964879663	US	false_negative_candidate_miss	S3-400948228	S3		0.7
S1-96489961	India	false_negative_candidate_miss	S2-935251959	S2		0.7
S1-965039383	India	false_negative_candidate_miss	S3-444508563	S3		0.7
S1-965061187	India	false_negative_candidate_miss	S2-738927901	S2		0.7
S1-965061187	India	false_negative_candidate_miss	S3-944197720	S3		0.7
S1-965378244	India	false_negative_candidate_miss	S2-57343615	S2		0.7
S1-965378244	India	false_negative_candidate_miss	S3-76038039	S3		0.7
S1-965723986	US	false_negative_candidate_miss	S2-230277059	S2		0.7
S1-966299621	India	false_negative_candidate_miss	S3-590051843	S3		0.7
S1-966584146	US	false_negative_candidate_miss	S3-642265030	S3		0.7
S1-966637032	US	false_negative_candidate_miss	S2-365354697	S2		0.7
S1-967554288	US	false_negative_candidate_miss	S2-945906153	S2		0.7
S1-967580038	India	false_negative_candidate_miss	S3-402044426	S3		0.7
S1-967580038	India	false_negative_candidate_miss	S3-647256632	S3		0.7
S1-967682201	US	false_negative_candidate_miss	S2-132809089	S2		0.7
S1-967708673	India	false_negative_candidate_miss	S2-89916064	S2		0.7
S1-967708673	India	false_negative_candidate_miss	S2-912807374	S2		0.7
S1-967708673	India	false_negative_candidate_miss	S3-795902066	S3		0.7
S1-967858650	US	false_negative_candidate_miss	S2-868686045	S2		0.7
S1-968360174	US	false_negative_candidate_miss	S3-382054930	S3		0.7
S1-968487442	India	false_negative_candidate_miss	S2-392270430	S2		0.7
S1-968487442	India	false_negative_candidate_miss	S2-534208912	S2		0.7
S1-968487442	India	false_negative_candidate_miss	S3-43287115	S3		0.7
S1-968487442	India	false_negative_candidate_miss	S3-887898441	S3		0.7
S1-968698443	US	false_negative_candidate_miss	S2-782332991	S2		0.7
S1-969130292	US	false_negative_candidate_miss	S3-418684930	S3		0.7
S1-96928877	US	false_negative_candidate_miss	S3-287005818	S3		0.7
S1-96928877	US	false_negative_below_threshold	S3-838538640	S3	0.29269352533191317	0.7
S1-969851738	India	false_negative_candidate_miss	S3-7544513	S3		0.7
S1-969896021	US	false_negative_candidate_miss	S2-779194093	S2		0.7
S1-969954830	India	false_negative_candidate_miss	S2-68235344	S2		0.7
S1-969984519	US	false_negative_candidate_miss	S3-661697277	S3		0.7
S1-970000487	India	false_positive	S2-13800564	S2	0.87308280615361444	0.7
S1-970020151	US	false_negative_below_threshold	S2-897429819	S2	0.48213818232768429	0.7
S1-970202796	US	false_negative_candidate_miss	S2-169176884	S2		0.7
S1-970202796	US	false_negative_candidate_miss	S3-211682526	S3		0.7
S1-9704982	India	false_negative_candidate_miss	S2-530779017	S2		0.7
S1-9704982	India	false_negative_candidate_miss	S3-118980793	S3		0.7
S1-9704982	India	false_negative_candidate_miss	S3-475779533	S3		0.7
S1-970885312	India	false_negative_candidate_miss	S2-679477489	S2		0.7
S1-970885312	India	false_negative_candidate_miss	S2-769198997	S2		0.7
S1-971036148	India	false_negative_candidate_miss	S3-920415101	S3		0.7
S1-971401967	India	false_negative_below_threshold	S3-778793083	S3	0.49851299750881806	0.7
S1-971494370	India	false_negative_candidate_miss	S2-401170105	S2		0.7
S1-971970689	India	false_negative_candidate_miss	S2-227149378	S2		0.7
S1-971970689	India	false_negative_candidate_miss	S2-267244089	S2		0.7
S1-971970689	India	false_negative_candidate_miss	S2-718626427	S2		0.7
S1-972083224	India	false_negative_candidate_miss	S2-504853671	S2		0.7
S1-972230665	India	false_negative_candidate_miss	S2-145518761	S2		0.7
S1-972313948	India	false_negative_candidate_miss	S2-852852414	S2		0.7
S1-972313948	India	false_negative_candidate_miss	S3-276331220	S3		0.7
S1-972313948	India	false_negative_below_threshold	S3-343431044	S3	0.65110515126179236	0.7
S1-972950014	India	false_negative_candidate_miss	S2-715330793	S2		0.7
S1-973063771	US	false_negative_candidate_miss	S3-161615599	S3		0.7
S1-973072048	India	false_negative_candidate_miss	S2-921189653	S2		0.7
S1-973072048	India	false_negative_candidate_miss	S3-649512566	S3		0.7
S1-97364305	US	false_negative_candidate_miss	S2-582261885	S2		0.7
S1-974085561	India	false_negative_candidate_miss	S2-109072814	S2		0.7
S1-974085561	India	false_negative_candidate_miss	S2-878539600	S2		0.7
S1-974525283	US	false_negative_candidate_miss	S3-558318939	S3		0.7
S1-974525283	US	false_negative_candidate_miss	S3-982569040	S3		0.7
S1-974833293	India	false_negative_candidate_miss	S2-865994471	S2		0.7
S1-974833293	India	false_negative_candidate_miss	S3-286393007	S3		0.7
S1-974908596	US	false_negative_candidate_miss	S2-280845442	S2		0.7
S1-975008137	US	false_negative_candidate_miss	S3-987276785	S3		0.7
S1-975453293	US	false_negative_candidate_miss	S2-257032270	S2		0.7
S1-975873295	India	false_negative_below_threshold	S3-273863132	S3	0.0023839152220372882	0.7
S1-976179535	India	false_negative_candidate_miss	S2-19836949	S2		0.7
S1-976179535	India	false_negative_candidate_miss	S3-272327396	S3		0.7
S1-976179535	India	false_negative_candidate_miss	S3-897032290	S3		0.7
S1-976534622	US	false_negative_candidate_miss	S3-53651634	S3		0.7
S1-976863142	US	false_negative_below_threshold	S2-399731916	S2	0.45362023530546464	0.7
S1-977094064	US	false_negative_candidate_miss	S2-409654008	S2		0.7
S1-977359313	US	false_negative_candidate_miss	S2-620368135	S2		0.7
S1-977451990	India	false_negative_candidate_miss	S2-51660109	S2		0.7
S1-977451990	India	false_negative_candidate_miss	S3-500830698	S3		0.7
S1-977589507	India	false_negative_candidate_miss	S3-375739424	S3		0.7
S1-977589507	India	false_negative_candidate_miss	S3-829581703	S3		0.7
S1-977614297	India	false_positive_singleton	S3-791888215	S3	0.85844537015598343	0.7
S1-977761709	India	false_negative_candidate_miss	S2-345203720	S2		0.7
S1-977833969	India	false_negative_candidate_miss	S3-496783339	S3		0.7
S1-977833969	India	false_negative_candidate_miss	S3-640088735	S3		0.7
S1-977852013	India	false_negative_candidate_miss	S2-187398497	S2		0.7
S1-977852013	India	false_negative_candidate_miss	S3-838098770	S3		0.7
S1-977861640	US	false_positive	S3-267238696	S3	0.99163323894344957	0.7
S1-978923462	India	false_negative_candidate_miss	S2-806005143	S2		0.7
S1-978923462	India	false_negative_candidate_miss	S3-664049432	S3		0.7
S1-978923462	India	false_negative_candidate_miss	S3-863421411	S3		0.7
S1-979042353	India	false_positive_singleton	S3-427670878	S3	0.77785528471555998	0.7
S1-979181154	US	false_negative_below_threshold	S3-468171988	S3	0.33365105056128946	0.7
S1-979335776	India	false_negative_candidate_miss	S2-254208509	S2		0.7
S1-979335776	India	false_negative_candidate_miss	S2-587636211	S2		0.7
S1-979335776	India	false_negative_candidate_miss	S2-875924978	S2		0.7
S1-979335776	India	false_negative_candidate_miss	S3-514107080	S3		0.7
S1-979370846	US	false_negative_candidate_miss	S2-721822501	S2		0.7
S1-979370846	US	false_negative_candidate_miss	S3-450200903	S3		0.7
S1-979443297	US	false_negative_candidate_miss	S3-178489141	S3		0.7
S1-979443297	US	false_negative_candidate_miss	S3-789365221	S3		0.7
S1-979443297	US	false_negative_candidate_miss	S3-975170498	S3		0.7
S1-979961782	US	false_positive	S2-133906831	S2	0.87582982294977774	0.7
S1-979961782	US	false_negative_below_threshold	S2-211706488	S2	0.58592492030730992	0.7
S1-980492002	India	false_negative_candidate_miss	S3-52140320	S3		0.7
S1-980533199	India	false_negative_candidate_miss	S2-360326046	S2		0.7
S1-980625162	India	false_negative_candidate_miss	S2-281227663	S2		0.7
S1-980625162	India	false_negative_candidate_miss	S2-600076833	S2		0.7
S1-980625162	India	false_negative_candidate_miss	S2-715142862	S2		0.7
S1-980836636	US	false_negative_candidate_miss	S2-33558099	S2		0.7
S1-980839261	India	false_negative_candidate_miss	S2-852978118	S2		0.7
S1-980839261	India	false_negative_candidate_miss	S2-866704747	S2		0.7
S1-980839261	India	false_negative_candidate_miss	S3-981749832	S3		0.7
S1-9809592	India	false_negative_candidate_miss	S2-153514504	S2		0.7
S1-9809592	India	false_negative_candidate_miss	S2-531923724	S2		0.7
S1-9809592	India	false_negative_candidate_miss	S3-260817031	S3		0.7
S1-981048441	US	false_positive	S3-657078057	S3	0.8369608548949049	0.7
S1-981369421	US	false_negative_candidate_miss	S2-192832834	S2		0.7
S1-981369421	US	false_negative_below_threshold	S2-3657986	S2	0.081607860010569064	0.7
S1-981532141	India	false_negative_candidate_miss	S2-82078395	S2		0.7
S1-981796386	India	false_negative_candidate_miss	S2-15060085	S2		0.7
S1-981796386	India	false_negative_candidate_miss	S2-272538390	S2		0.7
S1-981796386	India	false_negative_candidate_miss	S3-699885191	S3		0.7
S1-982225276	India	false_negative_candidate_miss	S2-856316598	S2		0.7
S1-982441379	US	false_negative_candidate_miss	S3-573180355	S3		0.7
S1-982609899	US	false_negative_candidate_miss	S3-216685365	S3		0.7
S1-983103033	India	false_negative_candidate_miss	S3-462945947	S3		0.7
S1-983440849	US	false_negative_below_threshold	S2-494036349	S2	0.67569344369523587	0.7
S1-983440849	US	false_negative_candidate_miss	S3-190125802	S3		0.7
S1-983489562	US	false_negative_candidate_miss	S3-663198986	S3		0.7
S1-983693092	India	false_negative_candidate_miss	S2-66699373	S2		0.7
S1-983695615	US	false_negative_candidate_miss	S2-872197873	S2		0.7
S1-983857204	US	false_negative_candidate_miss	S2-457653423	S2		0.7
S1-984023048	India	false_negative_candidate_miss	S2-765629420	S2		0.7
S1-984023048	India	false_negative_candidate_miss	S3-914369474	S3		0.7
S1-98403093	India	false_negative_candidate_miss	S2-838548732	S2		0.7
S1-98403093	India	false_negative_candidate_miss	S3-206377308	S3		0.7
S1-984092169	India	false_positive	S3-209945823	S3	0.83730000560944928	0.7
S1-984534358	India	false_negative_candidate_miss	S2-518401642	S2		0.7
S1-984534358	India	false_negative_candidate_miss	S2-770952163	S2		0.7
S1-984534358	India	false_negative_candidate_miss	S3-449987818	S3		0.7
S1-984741608	India	false_positive	S3-895725747	S3	0.82788961626710555	0.7
S1-985044970	India	false_negative_candidate_miss	S3-617208264	S3		0.7
S1-985189548	US	false_negative_candidate_miss	S3-899649866	S3		0.7
S1-986074088	US	false_negative_candidate_miss	S2-688054822	S2		0.7
S1-986423197	India	false_negative_candidate_miss	S2-863447428	S2		0.7
S1-986499951	US	false_negative_candidate_miss	S2-33331743	S2		0.7
S1-986567293	US	false_negative_candidate_miss	S3-312204017	S3		0.7
S1-986567293	US	false_negative_candidate_miss	S3-597280846	S3		0.7
S1-986832215	US	false_negative_candidate_miss	S2-731837378	S2		0.7
S1-986832215	US	false_negative_candidate_miss	S2-823322484	S2		0.7
S1-987022603	US	false_negative_candidate_miss	S2-130746905	S2		0.7
S1-987359460	US	false_negative_candidate_miss	S2-465676479	S2		0.7
S1-987359460	US	false_negative_candidate_miss	S3-3245860	S3		0.7
S1-987359460	US	false_negative_candidate_miss	S3-8943152	S3		0.7
S1-988451805	India	false_negative_candidate_miss	S2-14919595	S2		0.7
S1-988593976	US	false_positive_singleton	S3-727441478	S3	0.99051974622517625	0.7
S1-988777381	India	false_negative_candidate_miss	S2-639681838	S2		0.7
S1-988777381	India	false_negative_candidate_miss	S3-539414861	S3		0.7
S1-988777381	India	false_negative_candidate_miss	S3-781830844	S3		0.7
S1-988777381	India	false_negative_candidate_miss	S3-88661568	S3		0.7
S1-98901602	US	false_negative_candidate_miss	S3-703334531	S3		0.7
S1-989094092	India	false_negative_candidate_miss	S3-89119995	S3		0.7
S1-989674243	US	false_negative_candidate_miss	S3-326142449	S3		0.7
S1-989747483	US	false_negative_candidate_miss	S2-848579793	S2		0.7
S1-989747483	US	false_negative_candidate_miss	S3-417094887	S3		0.7
S1-989747483	US	false_negative_candidate_miss	S3-945593092	S3		0.7
S1-990058336	US	false_negative_candidate_miss	S3-657658456	S3		0.7
S1-990059409	India	false_negative_candidate_miss	S2-262342257	S2		0.7
S1-990112809	US	false_negative_below_threshold	S2-510104649	S2	0.58592492030730992	0.7
S1-990585814	India	false_negative_candidate_miss	S2-674304551	S2		0.7
S1-990697858	US	false_positive	S3-200978206	S3	0.74008128130879047	0.7
S1-990731247	India	false_negative_candidate_miss	S2-863955475	S2		0.7
S1-990802953	US	false_negative_candidate_miss	S2-264511543	S2		0.7
S1-991177367	US	false_negative_candidate_miss	S3-586578220	S3		0.7
S1-991177367	US	false_negative_candidate_miss	S3-903641289	S3		0.7
S1-992392096	India	false_negative_candidate_miss	S3-365973038	S3		0.7
S1-992392096	India	false_negative_candidate_miss	S3-600019662	S3		0.7
S1-992568723	India	false_negative_candidate_miss	S2-168083555	S2		0.7
S1-992568723	India	false_negative_candidate_miss	S3-726843704	S3		0.7
S1-992591144	US	false_negative_candidate_miss	S2-956231692	S2		0.7
S1-992670542	India	false_negative_candidate_miss	S2-841485986	S2		0.7
S1-992811668	US	false_negative_candidate_miss	S3-238392401	S3		0.7
S1-992957608	US	false_positive	S3-784718641	S3	0.80308731537372746	0.7
S1-993052449	India	false_negative_candidate_miss	S2-244814581	S2		0.7
S1-993052449	India	false_negative_candidate_miss	S2-728643939	S2		0.7
S1-993250463	US	false_negative_candidate_miss	S3-628238848	S3		0.7
S1-993560960	US	false_negative_candidate_miss	S3-409991709	S3		0.7
S1-993620214	US	false_negative_candidate_miss	S2-21761450	S2		0.7
S1-993716912	US	false_negative_candidate_miss	S2-123462642	S2		0.7
S1-994038005	India	false_negative_candidate_miss	S3-540488005	S3		0.7
S1-994154753	US	false_negative_candidate_miss	S3-670154433	S3		0.7
S1-994310500	India	false_positive	S3-149718305	S3	0.81940780473884522	0.7
S1-994310500	India	false_negative_candidate_miss	S3-566411102	S3		0.7
S1-994393740	India	false_negative_candidate_miss	S2-1236927	S2		0.7
S1-994393740	India	false_negative_candidate_miss	S3-831727304	S3		0.7
S1-994393740	India	false_negative_candidate_miss	S3-894962507	S3		0.7
S1-994444575	US	false_negative_candidate_miss	S2-450857177	S2		0.7
S1-994444575	US	false_negative_below_threshold	S3-362841183	S3	0.63474702174543396	0.7
S1-994459786	India	false_negative_candidate_miss	S2-95332976	S2		0.7
S1-994459786	India	false_negative_candidate_miss	S3-257635325	S3		0.7
S1-994725005	US	false_negative_candidate_miss	S3-655176146	S3		0.7
S1-994787226	US	false_negative_candidate_miss	S2-454550372	S2		0.7
S1-994787226	US	false_negative_candidate_miss	S3-605530827	S3		0.7
S1-994802311	US	false_negative_candidate_miss	S3-552540729	S3		0.7
S1-995002268	India	false_negative_candidate_miss	S3-825748627	S3		0.7
S1-995352871	India	false_negative_candidate_miss	S2-407779539	S2		0.7
S1-995352871	India	false_negative_candidate_miss	S2-667233663	S2		0.7
S1-995749448	India	false_negative_candidate_miss	S2-849898922	S2		0.7
S1-995749448	India	false_negative_candidate_miss	S3-363578599	S3		0.7
S1-995780561	US	false_negative_candidate_miss	S2-560017127	S2		0.7
S1-995780561	US	false_negative_candidate_miss	S2-757470010	S2		0.7
S1-995780561	US	false_negative_candidate_miss	S2-951245492	S2		0.7
S1-995900729	India	false_negative_candidate_miss	S2-586819154	S2		0.7
S1-995900729	India	false_negative_candidate_miss	S2-859270693	S2		0.7
S1-995900729	India	false_negative_candidate_miss	S3-695940160	S3		0.7
S1-996187149	US	false_negative_candidate_miss	S3-647140073	S3		0.7
S1-996255944	India	false_negative_candidate_miss	S2-612639705	S2		0.7
S1-996255944	India	false_negative_candidate_miss	S3-737455809	S3		0.7
S1-996270271	US	false_negative_candidate_miss	S2-574940993	S2		0.7
S1-996367230	US	false_negative_candidate_miss	S2-575804848	S2		0.7
S1-996468671	India	false_negative_candidate_miss	S3-20249543	S3		0.7
S1-996854521	India	false_negative_candidate_miss	S2-142672997	S2		0.7
S1-996854521	India	false_negative_candidate_miss	S3-680070989	S3		0.7
S1-996854521	India	false_negative_candidate_miss	S3-836416751	S3		0.7
S1-997019239	India	false_negative_candidate_miss	S2-889972103	S2		0.7
S1-997019239	India	false_negative_candidate_miss	S3-700340810	S3		0.7
S1-997284925	India	false_negative_candidate_miss	S2-848360011	S2		0.7
S1-997284925	India	false_negative_candidate_miss	S3-159261586	S3		0.7
S1-997284925	India	false_negative_candidate_miss	S3-166577804	S3		0.7
S1-99839331	US	false_negative_candidate_miss	S2-341540012	S2		0.7
S1-998509603	India	false_negative_candidate_miss	S2-729977235	S2		0.7
S1-99895108	India	false_negative_candidate_miss	S2-127222783	S2		0.7
S1-99895108	India	false_negative_candidate_miss	S2-14358835	S2		0.7
S1-99895108	India	false_negative_candidate_miss	S2-264345054	S2		0.7
S1-99895108	India	false_negative_candidate_miss	S3-684039422	S3		0.7
S1-998976787	India	false_negative_candidate_miss	S2-312919069	S2		0.7
S1-998976787	India	false_negative_candidate_miss	S3-821800019	S3		0.7
S1-999296593	US	false_negative_candidate_miss	S3-329899011	S3		0.7
S1-999747138	India	false_negative_candidate_miss	S3-485406308	S3		0.7
S1-999817362	India	false_negative_candidate_miss	S2-213189946	S2		0.7
S1-999817362	India	false_negative_candidate_miss	S3-532016598	S3		0.7
S1-999858571	US	false_negative_candidate_miss	S2-945967935	S2		0.7
